ISO-10303-21;
HEADER;
/* Generated by software containing ST-Developer
 * from STEP Tools, Inc. (www.steptools.com) 
 */

FILE_DESCRIPTION(
/* description */ (''),
/* implementation_level */ '2;1');

FILE_NAME(
/* name */ 'Laserax_CAD.step',
/* time_stamp */ '2026-10-02T08:36:34-04:00',
/* author */ (''),
/* organization */ (''),
/* preprocessor_version */ 'ST-DEVELOPER v20.2',
/* originating_system */ 'Autodesk Translation Framework v15.15.0.0',
/* authorisation */ '');

FILE_SCHEMA (('AUTOMOTIVE_DESIGN { 1 0 10303 214 3 1 1 }'));
ENDSEC;

DATA;
#10=MECHANICAL_DESIGN_GEOMETRIC_PRESENTATION_REPRESENTATION('',(#13),#12641);
#11=SHAPE_REPRESENTATION_RELATIONSHIP('SRR','None',#12648,#12);
#12=ADVANCED_BREP_SHAPE_REPRESENTATION('',(#14),#12640);
#13=STYLED_ITEM('',(#12657),#14);
#14=MANIFOLD_SOLID_BREP('Body1',#5983);
#15=FACE_BOUND('',#909,.T.);
#16=FACE_BOUND('',#992,.T.);
#17=FACE_BOUND('',#993,.T.);
#18=FACE_BOUND('',#994,.T.);
#19=FACE_BOUND('',#995,.T.);
#20=FACE_BOUND('',#996,.T.);
#21=FACE_BOUND('',#997,.T.);
#22=FACE_BOUND('',#998,.T.);
#23=FACE_BOUND('',#1007,.T.);
#24=FACE_BOUND('',#1042,.T.);
#25=B_SPLINE_CURVE_WITH_KNOTS('',3,(#8327,#8328,#8329,#8330,#8331,#8332,
#8333,#8334,#8335,#8336,#8337,#8338,#8339,#8340,#8341,#8342),
 .UNSPECIFIED.,.F.,.F.,(4,2,1,1,1,1,1,1,1,1,2,4),(-0.135479716286979,-0.135479215247709,
-0.127752082589555,-0.120781935202241,-0.112721321567528,-0.105987332640877,
-0.0992533437142254,-0.0823542577746496,-0.0608134585075448,-0.0344270562578659,
2.65418574545689E-17,3.53387193228493E-7),.UNSPECIFIED.);
#26=B_SPLINE_CURVE_WITH_KNOTS('',3,(#8344,#8345,#8346,#8347,#8348,#8349,
#8350,#8351,#8352,#8353,#8354,#8355,#8356),.UNSPECIFIED.,.F.,.F.,(4,3,3,
3,4),(0.,0.252240098776833,0.604936985626566,0.874556957763892,1.00000080160606),
 .UNSPECIFIED.);
#27=B_SPLINE_CURVE_WITH_KNOTS('',3,(#8358,#8359,#8360,#8361,#8362,#8363,
#8364,#8365,#8366,#8367,#8368,#8369,#8370,#8371,#8372,#8373),
 .UNSPECIFIED.,.F.,.F.,(4,2,1,1,1,1,1,1,1,1,2,4),(-0.00126618038381489,
-2.65418574545689E-17,0.0344270562578659,0.0608134585075448,0.0823542577746496,
0.0992533437142254,0.105987332640877,0.112721321567528,0.120781935202241,
0.127752082589555,0.135479215247709,0.136082557851192),.UNSPECIFIED.);
#28=B_SPLINE_CURVE_WITH_KNOTS('',3,(#8374,#8375,#8376,#8377,#8378,#8379,
#8380,#8381,#8382,#8383,#8384,#8385,#8386),.UNSPECIFIED.,.F.,.F.,(4,3,3,
3,4),(-0.0707603231327795,-0.0554224702392202,-0.0353801422001044,-0.0150108999890335,
0.),.UNSPECIFIED.);
#29=B_SPLINE_CURVE_WITH_KNOTS('',3,(#8600,#8601,#8602,#8603,#8604,#8605,
#8606,#8607,#8608,#8609,#8610,#8611,#8612,#8613,#8614,#8615,#8616,#8617,
#8618,#8619,#8620,#8621,#8622,#8623,#8624,#8625,#8626,#8627,#8628,#8629,
#8630,#8631,#8632,#8633,#8634,#8635,#8636,#8637,#8638,#8639,#8640,#8641,
#8642,#8643,#8644,#8645,#8646,#8647,#8648),.UNSPECIFIED.,.F.,.F.,(4,1,1,
1,1,1,1,1,1,1,1,1,1,1,1,1,1,1,1,1,1,1,1,1,1,1,1,1,1,1,1,1,1,1,1,1,1,1,1,
1,1,1,1,1,1,1,4),(-0.433420674835038,-0.420375609992115,-0.414893562886139,
-0.409411515780163,-0.403100373882443,-0.396789231984724,-0.391025629377629,
-0.385262026770534,-0.373734821556345,-0.373005093701245,-0.372640229773695,
-0.372275365846145,-0.370815910135945,-0.367896998715544,-0.366437543005343,
-0.364978087295143,-0.362059175874743,-0.359140264454342,-0.356221353033941,
-0.354032169468641,-0.353302441613541,-0.35184298590334,-0.35111325804824,
-0.350930826084465,-0.35074839412069,-0.35038353019314,-0.331656044990207,
-0.326730538253351,-0.321805031516495,-0.316879524779639,-0.311954018042782,
-0.290698660362029,-0.283613541135111,-0.258621005358675,-0.230422620562427,
-0.215013422510244,-0.199604224458061,-0.183407698610948,-0.167211172763834,
-0.149472298105336,-0.131733423446839,-0.112478199694131,-0.0932229759414228,
-0.0716780577080813,-0.0501331394747398,-0.0250665697373695,6.75908356450761E-16),
 .UNSPECIFIED.);
#30=B_SPLINE_CURVE_WITH_KNOTS('',3,(#8650,#8651,#8652,#8653),
 .UNSPECIFIED.,.F.,.F.,(4,4),(0.,1.0000000107128),.UNSPECIFIED.);
#31=B_SPLINE_CURVE_WITH_KNOTS('',3,(#8654,#8655,#8656,#8657,#8658,#8659,
#8660,#8661,#8662,#8663,#8664,#8665,#8666,#8667,#8668,#8669,#8670,#8671,
#8672,#8673,#8674,#8675,#8676,#8677,#8678,#8679,#8680,#8681,#8682,#8683,
#8684,#8685,#8686,#8687,#8688,#8689,#8690,#8691,#8692,#8693,#8694,#8695,
#8696,#8697,#8698,#8699,#8700,#8701,#8702,#8703,#8704,#8705,#8706),
 .UNSPECIFIED.,.F.,.F.,(4,2,1,1,1,1,1,1,1,1,1,1,1,1,1,1,1,1,1,1,1,1,1,1,
1,1,1,1,1,1,1,1,1,1,1,1,1,1,1,1,1,1,1,1,1,1,1,2,4),(-0.000146373587747193,
-6.75908356450761E-16,0.0250665697373695,0.0501331394747398,0.0716780577080813,
0.0932229759414228,0.112478199694131,0.131733423446839,0.149472298105336,
0.167211172763834,0.183407698610948,0.199604224458061,0.215013422510244,
0.230422620562427,0.258621005358675,0.283613541135111,0.290698660362029,
0.311954018042782,0.316879524779639,0.321805031516495,0.326730538253351,
0.331656044990207,0.35038353019314,0.35074839412069,0.350930826084465,0.35111325804824,
0.35184298590334,0.353302441613541,0.354032169468641,0.356221353033941,
0.359140264454342,0.362059175874743,0.364978087295143,0.366437543005343,
0.367896998715544,0.370815910135945,0.372275365846145,0.372640229773695,
0.373005093701245,0.373734821556345,0.385262026770534,0.391025629377629,
0.396789231984724,0.403100373882443,0.409411515780163,0.414893562886139,
0.420375609992115,0.433420674835038,0.433803821188483),.UNSPECIFIED.);
#32=B_SPLINE_CURVE_WITH_KNOTS('',3,(#8764,#8765,#8766,#8767,#8768,#8769,
#8770,#8771,#8772,#8773,#8774,#8775,#8776,#8777),.UNSPECIFIED.,.F.,.F.,
(4,2,1,1,1,1,1,1,1,1,4),(-0.00265041879599905,0.,0.0126740636909454,0.0248026227034247,
0.0351727461741226,0.0442307406358331,0.0523003187719753,0.0559807850471528,
0.0596612513223303,0.0635307198058846,0.0660488271273141),.UNSPECIFIED.);
#33=B_SPLINE_CURVE_WITH_KNOTS('',3,(#8779,#8780,#8781,#8782),
 .UNSPECIFIED.,.F.,.F.,(4,4),(0.,1.00000000003385),.UNSPECIFIED.);
#34=B_SPLINE_CURVE_WITH_KNOTS('',3,(#8783,#8784,#8785,#8786,#8787,#8788,
#8789,#8790,#8791,#8792,#8793,#8794),.UNSPECIFIED.,.F.,.F.,(4,1,1,1,1,1,
1,1,1,4),(-0.0660405940185824,-0.0635307198058846,-0.0596612513223303,-0.0559807850471528,
-0.0523003187719753,-0.0442307406358331,-0.0351727461741226,-0.0248026227034247,
-0.0126740636909454,-3.17245036610959E-7),.UNSPECIFIED.);
#35=B_SPLINE_CURVE_WITH_KNOTS('',3,(#8872,#8873,#8874,#8875,#8876,#8877,
#8878,#8879,#8880,#8881,#8882,#8883,#8884,#8885,#8886,#8887,#8888,#8889,
#8890),.UNSPECIFIED.,.F.,.F.,(4,1,1,1,1,1,1,1,1,1,1,1,1,1,1,1,4),(0.,0.0956344453095264,
0.181979232098938,0.259062020502455,0.327546113352316,0.386123659914264,
0.436875033739817,0.477926615752065,0.510630342910375,0.566750760761186,
0.620964438966686,0.675639863225517,0.732695555882955,0.792498839388632,
0.855934580453837,0.924186435696073,1.),.UNSPECIFIED.);
#36=B_SPLINE_CURVE_WITH_KNOTS('',3,(#8915,#8916,#8917,#8918,#8919,#8920,
#8921,#8922,#8923,#8924,#8925),.UNSPECIFIED.,.F.,.F.,(4,1,1,1,1,1,1,1,4),
(0.,0.149253908589479,0.285737642346934,0.411195621897427,0.530779590171298,
0.647050602067012,0.760662570596413,0.878862928109322,1.),.UNSPECIFIED.);
#37=B_SPLINE_CURVE_WITH_KNOTS('',3,(#8929,#8930,#8931,#8932,#8933,#8934,
#8935),.UNSPECIFIED.,.F.,.F.,(4,1,1,1,4),(0.,0.146667292304352,0.220000938456528,
0.366668230760881,0.513335523065233),.UNSPECIFIED.);
#38=B_SPLINE_CURVE_WITH_KNOTS('',3,(#8937,#8938,#8939,#8940,#8941,#8942,
#8943,#8944,#8945),.UNSPECIFIED.,.F.,.F.,(4,1,1,2,1,4),(0.,0.0894881325291284,
0.134234373754145,0.178984180054595,0.22346488400769,0.233636819813554),
 .UNSPECIFIED.);
#39=B_SPLINE_CURVE_WITH_KNOTS('',3,(#8953,#8954,#8955,#8956,#8957,#8958,
#8959,#8960,#8961,#8962,#8963),.UNSPECIFIED.,.F.,.F.,(4,1,1,1,1,1,1,1,4),
(-1.37600147259389E-15,0.0378846342862463,0.0744706703073244,0.106753052521613,
0.171317816950191,0.214454940519777,0.257592064089363,0.430140558367706,
0.682819984156063),.UNSPECIFIED.);
#40=B_SPLINE_CURVE_WITH_KNOTS('',3,(#8967,#8968,#8969,#8970,#8971,#8972,
#8973,#8974,#8975,#8976,#8977),.UNSPECIFIED.,.F.,.F.,(4,1,1,1,1,1,1,1,4),
(-1.10998202440655E-16,0.0501261571972767,0.0904117931186712,0.126023435887954,
0.159339143491336,0.194464743603722,0.23136741225484,0.272076154305872,
0.321917219310361),.UNSPECIFIED.);
#41=B_SPLINE_CURVE_WITH_KNOTS('',3,(#8979,#8980,#8981,#8982,#8983,#8984,
#8985,#8986,#8987,#8988,#8989,#8990,#8991,#8992,#8993,#8994,#8995,#8996,
#8997,#8998,#8999,#9000,#9001),.UNSPECIFIED.,.F.,.F.,(4,1,1,1,2,1,1,1,2,
1,1,1,1,1,1,1,1,1,4),(0.,0.108994610310964,0.159851301333863,0.209271081206657,
0.254384688829088,0.257656670436858,0.307286486980208,0.357006371906445,
0.388754340982708,0.40220481066409,0.437358777417768,0.465793000153138,
0.490966216145864,0.51594571977166,0.540898850409472,0.553709858119808,
0.567633542278519,0.599255623817258,0.636060828723464),.UNSPECIFIED.);
#42=B_SPLINE_CURVE_WITH_KNOTS('',3,(#9124,#9125,#9126,#9127,#9128,#9129,
#9130,#9131,#9132,#9133,#9134,#9135,#9136,#9137,#9138,#9139,#9140,#9141,
#9142,#9143,#9144,#9145,#9146,#9147,#9148),.UNSPECIFIED.,.F.,.F.,(4,1,1,
1,1,1,1,1,1,1,2,1,1,1,2,1,1,1,2,4),(-0.636060828723464,-0.599255623817258,
-0.567633542278519,-0.553709858119808,-0.540898850409472,-0.51594571977166,
-0.490966216145864,-0.465793000153138,-0.437358777417768,-0.40220481066409,
-0.388754340982708,-0.357006371906445,-0.307286486980208,-0.257656670436858,
-0.254384688829088,-0.209271081206657,-0.159851301333863,-0.108994610310964,
0.,0.000302948759476174),.UNSPECIFIED.);
#43=B_SPLINE_CURVE_WITH_KNOTS('',3,(#9205,#9206,#9207,#9208,#9209,#9210,
#9211,#9212,#9213,#9214,#9215),.UNSPECIFIED.,.F.,.F.,(4,1,1,1,1,1,1,1,4),
(-0.682835895261109,-0.430140558367706,-0.257592064089363,-0.214454940519777,
-0.171317816950191,-0.106753052521613,-0.0744706703073244,-0.0378846342862463,
1.37600147259389E-15),.UNSPECIFIED.);
#44=B_SPLINE_CURVE_WITH_KNOTS('',3,(#9266,#9267,#9268,#9269,#9270,#9271,
#9272,#9273,#9274,#9275,#9276),.UNSPECIFIED.,.F.,.F.,(4,1,1,1,1,1,1,1,4),
(-0.321917219310361,-0.272076154305872,-0.23136741225484,-0.194464743603722,
-0.159339143491336,-0.126023435887954,-0.0904117931186712,-0.0501261571972767,
1.10998202440655E-16),.UNSPECIFIED.);
#45=B_SPLINE_CURVE_WITH_KNOTS('',3,(#9316,#9317,#9318,#9319,#9320,#9321,
#9322),.UNSPECIFIED.,.F.,.F.,(4,1,1,1,4),(-0.513335523065233,-0.366668230760881,
-0.220000938456528,-0.146667292304352,0.),.UNSPECIFIED.);
#46=B_SPLINE_CURVE_WITH_KNOTS('',3,(#9360,#9361,#9362,#9363,#9364,#9365,
#9366,#9367,#9368),.UNSPECIFIED.,.F.,.F.,(4,1,2,1,1,4),(-0.233636819813554,
-0.22346488400769,-0.178984180054595,-0.134234373754145,-0.0894881325291284,
5.87768116342281E-5),.UNSPECIFIED.);
#47=B_SPLINE_CURVE_WITH_KNOTS('',3,(#9409,#9410,#9411,#9412,#9413,#9414,
#9415,#9416,#9417,#9418),.UNSPECIFIED.,.F.,.F.,(4,3,3,4),(-0.538741623423931,
-0.23762738473514,-0.117304259281159,0.),.UNSPECIFIED.);
#48=B_SPLINE_CURVE_WITH_KNOTS('',3,(#9444,#9445,#9446,#9447,#9448,#9449,
#9450),.UNSPECIFIED.,.F.,.F.,(4,3,4),(-0.24876282480425,-0.189133272827594,
-1.00000201482403E-6),.UNSPECIFIED.);
#49=B_SPLINE_CURVE_WITH_KNOTS('',3,(#9490,#9491,#9492,#9493),
 .UNSPECIFIED.,.F.,.F.,(4,4),(-1.11022302462516E-15,0.449999999999999),
 .UNSPECIFIED.);
#50=B_SPLINE_CURVE_WITH_KNOTS('',3,(#9494,#9495,#9496,#9497,#9498,#9499,
#9500),.UNSPECIFIED.,.F.,.F.,(4,3,4),(-0.357284683840338,-0.178300565995363,
-0.12364439221448),.UNSPECIFIED.);
#51=B_SPLINE_CURVE_WITH_KNOTS('',3,(#9530,#9531,#9532,#9533),
 .UNSPECIFIED.,.F.,.F.,(4,4),(-0.449999999999999,1.11022302462516E-15),
 .UNSPECIFIED.);
#52=B_SPLINE_CURVE_WITH_KNOTS('',3,(#9534,#9535,#9536,#9537,#9538,#9539,
#9540,#9541,#9542,#9543,#9544,#9545,#9546),.UNSPECIFIED.,.F.,.F.,(4,3,3,
3,4),(0.,0.146667292304352,0.220000938456528,0.366668230760881,0.513335523065233),
 .UNSPECIFIED.);
#53=B_SPLINE_CURVE_WITH_KNOTS('',3,(#9637,#9638,#9639,#9640,#9641,#9642,
#9643,#9644,#9645,#9646),.UNSPECIFIED.,.F.,.F.,(4,3,3,4),(0.,0.402578621596596,
0.821309096193637,1.00000220638226),.UNSPECIFIED.);
#54=B_SPLINE_CURVE_WITH_KNOTS('',3,(#9648,#9649,#9650,#9651,#9652,#9653,
#9654,#9655,#9656,#9657,#9658,#9659,#9660,#9661,#9662,#9663,#9664,#9665,
#9666,#9667),.UNSPECIFIED.,.F.,.F.,(4,1,1,1,1,1,1,1,2,1,1,1,1,1,1,1,4),
(0.00209849330189009,0.0521583437714284,0.0986845849553614,0.142322273056981,
0.184542908342918,0.226359275794778,0.268578612984181,0.311943115663821,
0.315765169201672,0.356037719168156,0.399251127622986,0.441192644245917,
0.511192441666359,0.537203106846557,0.563213772026755,0.591136520687689,
0.621663468364097),.UNSPECIFIED.);
#55=B_SPLINE_CURVE_WITH_KNOTS('',3,(#9670,#9671,#9672,#9673,#9674,#9675,
#9676,#9677,#9678,#9679,#9680,#9681,#9682,#9683,#9684,#9685,#9686,#9687,
#9688,#9689,#9690,#9691),.UNSPECIFIED.,.F.,.F.,(4,1,1,1,1,1,1,1,2,1,1,1,
1,1,1,1,2,4),(-0.621663468364097,-0.591136520687689,-0.563213772026755,
-0.537203106846557,-0.511192441666359,-0.441192644245917,-0.399251127622986,
-0.356037719168156,-0.315765169201672,-0.311943115663821,-0.268578612984181,
-0.226359275794778,-0.184542908342918,-0.142322273056981,-0.0986845849553614,
-0.0521583437714284,1.56558876869265E-16,0.000269669435384683),
 .UNSPECIFIED.);
#56=B_SPLINE_CURVE_WITH_KNOTS('',3,(#9720,#9721,#9722,#9723),
 .UNSPECIFIED.,.F.,.F.,(4,4),(-0.361394929573575,0.),.UNSPECIFIED.);
#57=B_SPLINE_CURVE_WITH_KNOTS('',3,(#9724,#9725,#9726,#9727),
 .UNSPECIFIED.,.F.,.F.,(4,4),(0.,0.361394929573575),.UNSPECIFIED.);
#58=B_SPLINE_CURVE_WITH_KNOTS('',3,(#9747,#9748,#9749,#9750),
 .UNSPECIFIED.,.F.,.F.,(4,4),(-0.0962769696121141,-0.0478861959450936),
 .UNSPECIFIED.);
#59=B_SPLINE_CURVE_WITH_KNOTS('',3,(#9751,#9752,#9753,#9754),
 .UNSPECIFIED.,.F.,.F.,(4,4),(0.0478861959450936,0.0962769696121141),
 .UNSPECIFIED.);
#60=B_SPLINE_CURVE_WITH_KNOTS('',3,(#9774,#9775,#9776,#9777),
 .UNSPECIFIED.,.F.,.F.,(4,4),(-0.129297874401563,0.),.UNSPECIFIED.);
#61=B_SPLINE_CURVE_WITH_KNOTS('',3,(#9778,#9779,#9780,#9781),
 .UNSPECIFIED.,.F.,.F.,(4,4),(0.,0.129297874401563),.UNSPECIFIED.);
#62=B_SPLINE_CURVE_WITH_KNOTS('',3,(#9891,#9892,#9893,#9894,#9895,#9896,
#9897,#9898,#9899,#9900,#9901,#9902,#9903,#9904,#9905,#9906,#9907,#9908,
#9909,#9910,#9911,#9912,#9913,#9914),.UNSPECIFIED.,.F.,.F.,(4,1,1,1,1,1,
1,1,1,2,1,1,1,1,1,2,1,1,1,4),(-0.526804562017237,-0.493246085395882,-0.469277894732738,
-0.448454105223448,-0.429117281760741,-0.410455904649827,-0.391990927477495,
-0.371641425117226,-0.346919454229831,-0.315351925400788,-0.311573307377594,
-0.269311391197231,-0.249511417789647,-0.230265750681221,-0.211390481831577,
-0.192783660164277,-0.153188087860304,-0.10791136042917,-0.0567340205645821,
-7.71570880520403E-16),.UNSPECIFIED.);
#63=B_SPLINE_CURVE_WITH_KNOTS('',3,(#9916,#9917,#9918,#9919,#9920,#9921,
#9922,#9923,#9924,#9925,#9926,#9927,#9928,#9929,#9930,#9931,#9932,#9933,
#9934,#9935,#9936,#9937,#9938,#9939),.UNSPECIFIED.,.F.,.F.,(4,1,1,1,2,1,
1,1,1,1,2,1,1,1,1,1,1,1,1,4),(7.71570880520403E-16,0.0567340205645821,0.10791136042917,
0.153188087860304,0.192783660164277,0.211390481831577,0.230265750681221,
0.249511417789647,0.269311391197231,0.311573307377594,0.315351925400788,
0.346919454229831,0.371641425117226,0.391990927477495,0.410455904649827,
0.429117281760741,0.448454105223448,0.469277894732738,0.493246085395882,
0.526804562017237),.UNSPECIFIED.);
#64=B_SPLINE_CURVE_WITH_KNOTS('',3,(#10014,#10015,#10016,#10017,#10018,
#10019,#10020,#10021,#10022,#10023,#10024,#10025,#10026,#10027,#10028,#10029,
#10030),.UNSPECIFIED.,.F.,.F.,(4,1,1,1,1,1,1,1,1,1,1,1,1,1,4),(-0.384780649055654,
-0.358580083391965,-0.336940485188377,-0.325475029487674,-0.31400957378697,
-0.298333353644307,-0.283393631251368,-0.268453908858428,-0.232025640060228,
-0.20025306947161,-0.144320506376542,-0.114787316535162,-0.0827036208451593,
-0.046252132105557,2.40620614957481E-16),.UNSPECIFIED.);
#65=B_SPLINE_CURVE_WITH_KNOTS('',3,(#10032,#10033,#10034,#10035,#10036,
#10037,#10038,#10039,#10040,#10041,#10042,#10043,#10044,#10045,#10046,#10047,
#10048),.UNSPECIFIED.,.F.,.F.,(4,1,1,1,1,1,1,1,1,1,1,1,1,1,4),(-2.40620614957481E-16,
0.046252132105557,0.0827036208451593,0.114787316535162,0.144320506376542,
0.20025306947161,0.232025640060228,0.268453908858428,0.283393631251368,
0.298333353644307,0.31400957378697,0.325475029487674,0.336940485188377,
0.358580083391965,0.384780649055654),.UNSPECIFIED.);
#66=B_SPLINE_CURVE_WITH_KNOTS('',3,(#10114,#10115,#10116,#10117,#10118,
#10119,#10120,#10121,#10122),.UNSPECIFIED.,.F.,.F.,(4,1,1,1,1,1,4),(-0.382778518873057,
-0.317126105199179,-0.257553643870255,-0.203550507212482,-0.154739359627461,
-0.0705049354603606,-4.13183487978395E-14),.UNSPECIFIED.);
#67=B_SPLINE_CURVE_WITH_KNOTS('',3,(#10123,#10124,#10125,#10126,#10127,
#10128,#10129,#10130,#10131),.UNSPECIFIED.,.F.,.F.,(4,1,1,1,1,1,4),(4.13183487978395E-14,
0.0705049354603606,0.154739359627461,0.203550507212482,0.257553643870255,
0.317126105199179,0.382778518873057),.UNSPECIFIED.);
#68=B_SPLINE_CURVE_WITH_KNOTS('',3,(#10217,#10218,#10219,#10220,#10221,
#10222,#10223,#10224,#10225,#10226,#10227,#10228,#10229,#10230,#10231,#10232,
#10233,#10234,#10235),.UNSPECIFIED.,.F.,.F.,(4,1,1,1,1,1,1,1,1,1,1,1,1,
1,1,1,4),(-0.173917307099329,-0.169120182784534,-0.164707427123032,-0.159539767437222,
-0.155117685606239,-0.150695603775255,-0.14260345228287,-0.135827744179773,
-0.129826157145004,-0.123824570110235,-0.116844282572073,-0.108259926098109,
-0.0954683306973418,-0.08024182886415,-0.0455057974800825,-0.0248555491440263,
-4.44033739810307E-16),.UNSPECIFIED.);
#69=B_SPLINE_CURVE_WITH_KNOTS('',3,(#10236,#10237,#10238,#10239,#10240,
#10241,#10242,#10243,#10244,#10245,#10246,#10247,#10248,#10249,#10250,#10251,
#10252,#10253,#10254),.UNSPECIFIED.,.F.,.F.,(4,1,1,1,1,1,1,1,1,1,1,1,1,
1,1,1,4),(4.44033739810307E-16,0.0248555491440263,0.0455057974800825,0.08024182886415,
0.0954683306973418,0.108259926098109,0.116844282572073,0.123824570110235,
0.129826157145004,0.135827744179773,0.14260345228287,0.150695603775255,
0.155117685606239,0.159539767437222,0.164707427123032,0.169120182784534,
0.173917307099329),.UNSPECIFIED.);
#70=B_SPLINE_CURVE_WITH_KNOTS('',3,(#10348,#10349,#10350,#10351,#10352,
#10353,#10354,#10355,#10356,#10357,#10358,#10359,#10360,#10361,#10362,#10363,
#10364,#10365,#10366,#10367,#10368),.UNSPECIFIED.,.F.,.F.,(4,1,1,1,1,1,
1,1,1,1,1,1,1,1,1,1,1,1,4),(-0.0560977445179963,-0.0550183161107355,-0.0541864549525862,
-0.0537753015876175,-0.0533382747854903,-0.0528364029964701,-0.0522117229560278,
-0.051362901109201,-0.0500127281030666,-0.0478206150199087,-0.0456285019367508,
-0.0426351866910849,-0.0406220282977273,-0.03860872721574,-0.0365954261337527,
-0.0294473367467668,-0.0216116044861888,-0.0108058022431177,-4.66240265375081E-14),
 .UNSPECIFIED.);
#71=B_SPLINE_CURVE_WITH_KNOTS('',3,(#10369,#10370,#10371,#10372,#10373,
#10374,#10375,#10376,#10377,#10378,#10379,#10380,#10381,#10382,#10383,#10384,
#10385,#10386,#10387,#10388,#10389),.UNSPECIFIED.,.F.,.F.,(4,1,1,1,1,1,
1,1,1,1,1,1,1,1,1,1,1,1,4),(4.66240265375081E-14,0.0108058022431177,0.0216116044861888,
0.0294473367467668,0.0365954261337527,0.03860872721574,0.0406220282977273,
0.0426351866910849,0.0456285019367508,0.0478206150199087,0.0500127281030666,
0.051362901109201,0.0522117229560278,0.0528364029964701,0.0533382747854903,
0.0537753015876175,0.0541864549525862,0.0550183161107355,0.0560972257214414),
 .UNSPECIFIED.);
#72=B_SPLINE_CURVE_WITH_KNOTS('',3,(#10465,#10466,#10467,#10468,#10469,
#10470,#10471,#10472,#10473,#10474,#10475,#10476,#10477,#10478,#10479,#10480,
#10481,#10482),.UNSPECIFIED.,.F.,.F.,(4,1,1,1,1,1,1,1,1,1,1,1,1,1,1,4),
(-0.497704909114153,-0.46514535939569,-0.438461742985795,-0.415911486633933,
-0.394657600227547,-0.342424813675948,-0.276025566051382,-0.242783992490289,
-0.209441997403161,-0.177115849939701,-0.16123182420337,-0.145389280684202,
-0.113368415514706,-0.0799868487558199,-0.0435216325941062,2.30878177212047E-5),
 .UNSPECIFIED.);
#73=B_SPLINE_CURVE_WITH_KNOTS('',3,(#10483,#10484,#10485,#10486,#10487,
#10488,#10489,#10490,#10491,#10492,#10493,#10494,#10495,#10496,#10497,#10498,
#10499,#10500),.UNSPECIFIED.,.F.,.F.,(4,1,1,1,1,1,1,1,1,1,1,1,1,1,1,4),
(-9.203512828454E-5,0.0435216325941062,0.0799868487558199,0.113368415514706,
0.145389280684202,0.16123182420337,0.177115849939701,0.209441997403161,
0.242783992490289,0.276025566051382,0.342424813675948,0.394657600227547,
0.415911486633933,0.438461742985795,0.46514535939569,0.497704909114153),
 .UNSPECIFIED.);
#74=B_SPLINE_CURVE_WITH_KNOTS('',3,(#10575,#10576,#10577,#10578,#10579,
#10580,#10581,#10582,#10583,#10584,#10585,#10586,#10587,#10588,#10589,#10590,
#10591),.UNSPECIFIED.,.F.,.F.,(4,1,1,1,1,1,1,1,1,1,1,1,1,1,4),(-0.641641874701962,
-0.566508978346165,-0.507356923208305,-0.454992393639186,-0.406349447584559,
-0.315256035871863,-0.275663654838508,-0.240364565665647,-0.207859991471583,
-0.178664601172225,-0.127441023662469,-0.102640552090274,-0.0749687144844946,
-0.0427804009473689,-3.69161107904015E-15),.UNSPECIFIED.);
#75=B_SPLINE_CURVE_WITH_KNOTS('',3,(#10593,#10594,#10595,#10596,#10597,
#10598,#10599,#10600,#10601,#10602,#10603,#10604,#10605,#10606,#10607,#10608,
#10609),.UNSPECIFIED.,.F.,.F.,(4,1,1,1,1,1,1,1,1,1,1,1,1,1,4),(3.69161107904015E-15,
0.0427804009473689,0.0749687144844946,0.102640552090274,0.127441023662469,
0.178664601172225,0.207859991471583,0.240364565665647,0.275663654838508,
0.315256035871863,0.406349447584559,0.454992393639186,0.507356923208305,
0.566508978346165,0.641641874701962),.UNSPECIFIED.);
#76=B_SPLINE_CURVE_WITH_KNOTS('',3,(#10680,#10681,#10682,#10683,#10684,
#10685,#10686,#10687,#10688,#10689,#10690,#10691,#10692,#10693,#10694,#10695),
 .UNSPECIFIED.,.F.,.F.,(4,1,1,1,1,1,1,1,1,1,1,1,1,4),(-0.720746666445139,
-0.611236247068249,-0.462525377348236,-0.371175698451828,-0.325457744201867,
-0.279739789951906,-0.238707609790196,-0.208753330162151,-0.183224692443304,
-0.160280942841555,-0.138281155866689,-0.115718852645262,-0.0666781038336239,
-1.33033905511608E-15),.UNSPECIFIED.);
#77=B_SPLINE_CURVE_WITH_KNOTS('',3,(#10697,#10698,#10699,#10700,#10701,
#10702,#10703,#10704,#10705,#10706,#10707,#10708,#10709,#10710,#10711,#10712),
 .UNSPECIFIED.,.F.,.F.,(4,1,1,1,1,1,1,1,1,1,1,1,1,4),(1.33033905511608E-15,
0.0666781038336239,0.115718852645262,0.138281155866689,0.160280942841555,
0.183224692443304,0.208753330162151,0.238707609790196,0.279739789951906,
0.325457744201867,0.371175698451828,0.462525377348236,0.611236247068249,
0.720746666445139),.UNSPECIFIED.);
#78=B_SPLINE_CURVE_WITH_KNOTS('',3,(#10758,#10759,#10760,#10761,#10762,
#10763,#10764,#10765,#10766,#10767),.UNSPECIFIED.,.F.,.F.,(4,3,3,4),(-0.187783318704095,
-0.146224485263481,-0.104664940604667,0.),.UNSPECIFIED.);
#79=B_SPLINE_CURVE_WITH_KNOTS('',3,(#10808,#10809,#10810,#10811,#10812,
#10813,#10814,#10815,#10816,#10817,#10818,#10819,#10820,#10821,#10822,#10823,
#10824),.UNSPECIFIED.,.F.,.F.,(4,1,1,1,1,1,1,1,1,1,1,1,1,1,4),(0.00221467495555726,
0.0643638915846876,0.126513108213818,0.250811541472078,0.312960758101209,
0.375109974730339,0.437259191359469,0.4994084079886,0.62370684124686,0.685856057875991,
0.748005274505121,0.810154491134251,0.872303707763382,0.934452924392512,
0.996602141021642),.UNSPECIFIED.);
#80=B_SPLINE_CURVE_WITH_KNOTS('',3,(#10873,#10874,#10875,#10876,#10877,
#10878,#10879,#10880,#10881,#10882,#10883,#10884,#10885,#10886,#10887,#10888,
#10889,#10890),.UNSPECIFIED.,.F.,.F.,(4,1,1,1,1,1,1,1,1,1,1,1,1,1,1,4),
(0.00283750364447872,0.0651575108850215,0.0963175145052929,0.127477518125564,
0.158637521745836,0.189797525366107,0.25211753260665,0.376757547087736,
0.439077554328278,0.501397561568821,0.563717568809364,0.626037576049907,
0.68835758329045,0.750677590530992,0.875317605012078,0.999957619493164),
 .UNSPECIFIED.);
#81=B_SPLINE_CURVE_WITH_KNOTS('',3,(#10935,#10936,#10937,#10938,#10939,
#10940,#10941,#10942,#10943,#10944,#10945,#10946,#10947,#10948,#10949,#10950,
#10951,#10952),.UNSPECIFIED.,.F.,.F.,(4,1,1,1,1,1,1,1,1,1,1,1,1,1,1,4),
(2.86261293039217E-5,0.0623851857197706,0.124741745310237,0.187098304900704,
0.249454864491171,0.280633144286404,0.311811424081637,0.374167983672104,
0.436524543262571,0.498881102853037,0.623594222033971,0.748307341214904,
0.810663900805371,0.873020460395838,0.935377019986304,0.997733579576771),
 .UNSPECIFIED.);
#82=B_SPLINE_CURVE_WITH_KNOTS('',3,(#10993,#10994,#10995,#10996,#10997,
#10998,#10999,#11000,#11001,#11002,#11003,#11004,#11005,#11006,#11007,#11008,
#11009),.UNSPECIFIED.,.F.,.F.,(4,1,1,1,1,1,1,1,1,1,1,1,1,1,4),(0.00207762751428903,
0.0643822579921524,0.126686888470016,0.188991518947879,0.251296149425742,
0.375905410381469,0.438210040859333,0.500514671337196,0.562819301815059,
0.625123932292923,0.749733193248649,0.812037823726513,0.874342454204376,
0.936647084682239,0.998951715160103),.UNSPECIFIED.);
#83=B_SPLINE_CURVE_WITH_KNOTS('',3,(#11090,#11091,#11092,#11093,#11094,
#11095,#11096,#11097,#11098,#11099,#11100,#11101,#11102,#11103,#11104,#11105,
#11106,#11107,#11108,#11109,#11110,#11111,#11112,#11113,#11114,#11115,#11116,
#11117,#11118,#11119,#11120,#11121,#11122,#11123,#11124,#11125,#11126),
 .UNSPECIFIED.,.F.,.F.,(4,3,3,3,3,3,3,3,3,3,3,3,4),(-0.646668502573691,
-0.533847979420842,-0.434831778081366,-0.396390801961845,-0.364967659208101,
-0.33758593230341,-0.313014177112163,-0.287854638327518,-0.258488355153545,
-0.223739039735128,-0.182367873554119,-0.0923931536079961,-2.41244569233018E-10),
 .UNSPECIFIED.);
#84=B_SPLINE_CURVE_WITH_KNOTS('',3,(#11153,#11154,#11155,#11156),
 .UNSPECIFIED.,.F.,.F.,(4,4),(-0.450000000000001,3.33066907387547E-16),
 .UNSPECIFIED.);
#85=B_SPLINE_CURVE_WITH_KNOTS('',3,(#11158,#11159,#11160,#11161,#11162,
#11163),.UNSPECIFIED.,.F.,.F.,(4,2,4),(0.,0.180697464786787,0.361394929573574),
 .UNSPECIFIED.);
#86=B_SPLINE_CURVE_WITH_KNOTS('',3,(#11164,#11165,#11166,#11167),
 .UNSPECIFIED.,.F.,.F.,(4,4),(-3.33066907387547E-16,0.450000000000001),
 .UNSPECIFIED.);
#87=B_SPLINE_CURVE_WITH_KNOTS('',3,(#11183,#11184,#11185,#11186),
 .UNSPECIFIED.,.F.,.F.,(4,4),(0.0499999999999987,0.5),.UNSPECIFIED.);
#88=B_SPLINE_CURVE_WITH_KNOTS('',3,(#11204,#11205,#11206,#11207,#11208,
#11209),.UNSPECIFIED.,.F.,.F.,(4,2,4),(0.,0.0646489372007629,0.129297874401562),
 .UNSPECIFIED.);
#89=B_SPLINE_CURVE_WITH_KNOTS('',3,(#11210,#11211,#11212,#11213),
 .UNSPECIFIED.,.F.,.F.,(4,4),(-0.5,-0.0499999999999987),.UNSPECIFIED.);
#90=B_SPLINE_CURVE_WITH_KNOTS('',3,(#11226,#11227,#11228,#11229),
 .UNSPECIFIED.,.F.,.F.,(4,4),(-0.131860266636455,-0.0903984774504115),
 .UNSPECIFIED.);
#91=B_SPLINE_CURVE_WITH_KNOTS('',3,(#11262,#11263,#11264,#11265,#11266,
#11267,#11268,#11269,#11270,#11271,#11272,#11273,#11274,#11275,#11276,#11277,
#11278,#11279,#11280),.UNSPECIFIED.,.F.,.F.,(4,1,1,1,1,1,1,1,1,1,1,1,1,
1,1,1,4),(0.000186277801431397,0.125038651612212,0.187464838517603,0.249891025422993,
0.312317212328384,0.374743399233774,0.437169586139165,0.499595773044555,
0.562021959949946,0.624448146855336,0.686874333760726,0.749300520666117,
0.811726707571507,0.842939801024203,0.874152894476898,0.936579081382288,
0.999005268287679),.UNSPECIFIED.);
#92=B_SPLINE_CURVE_WITH_KNOTS('',3,(#11283,#11284,#11285,#11286,#11287,
#11288,#11289,#11290,#11291,#11292,#11293,#11294,#11295,#11296,#11297,#11298,
#11299),.UNSPECIFIED.,.F.,.F.,(4,1,1,1,1,1,1,1,1,1,1,1,1,1,4),(0.000160739475993168,
0.0625539401533301,0.124947140830667,0.187340341508004,0.249733542185341,
0.312126742862678,0.374519943540015,0.436913144217352,0.499306344894688,
0.561699545572025,0.624092746249362,0.748879147604036,0.87366554895871,
0.936058749636047,0.998451950313384),.UNSPECIFIED.);
#93=B_SPLINE_CURVE_WITH_KNOTS('',3,(#11303,#11304,#11305,#11306,#11307,
#11308,#11309,#11310,#11311,#11312,#11313,#11314,#11315,#11316,#11317,#11318,
#11319,#11320,#11321,#11322,#11323),.UNSPECIFIED.,.F.,.F.,(4,1,1,1,1,1,
1,1,1,1,1,1,1,1,1,1,1,1,4),(0.00147875448381095,0.0638228576822819,0.126166960880753,
0.188511064079224,0.250855167277695,0.28202721887693,0.313199270476166,
0.344371322075401,0.375543373674637,0.437887476873107,0.500231580071578,
0.562575683270049,0.62491978646852,0.687263889666991,0.749607992865462,
0.811952096063933,0.874296199262404,0.936640302460875,0.998984405659346),
 .UNSPECIFIED.);
#94=B_SPLINE_CURVE_WITH_KNOTS('',3,(#11327,#11328,#11329,#11330,#11331,
#11332,#11333,#11334,#11335,#11336,#11337,#11338,#11339),.UNSPECIFIED.,
 .F.,.F.,(4,3,3,3,4),(-1.14255929368462,-0.75622745527012,-0.391573680709007,
-0.180111337867852,-3.64578079585363E-11),.UNSPECIFIED.);
#95=B_SPLINE_CURVE_WITH_KNOTS('',3,(#11979,#11980,#11981,#11982,#11983,
#11984,#11985,#11986,#11987,#11988,#11989),.UNSPECIFIED.,.F.,.F.,(4,1,1,
1,1,1,1,1,4),(0.,0.0538615189846953,0.128205487343904,0.222888242011432,
0.338218327490422,0.47287212495216,0.628272366932071,0.80442742179406,1.),
 .UNSPECIFIED.);
#96=B_SPLINE_SURFACE_WITH_KNOTS('',3,3,((#8261,#8262,#8263,#8264,#8265,
#8266,#8267,#8268,#8269,#8270,#8271,#8272,#8273,#8274,#8275,#8276),(#8277,
#8278,#8279,#8280,#8281,#8282,#8283,#8284,#8285,#8286,#8287,#8288,#8289,
#8290,#8291,#8292),(#8293,#8294,#8295,#8296,#8297,#8298,#8299,#8300,#8301,
#8302,#8303,#8304,#8305,#8306,#8307,#8308),(#8309,#8310,#8311,#8312,#8313,
#8314,#8315,#8316,#8317,#8318,#8319,#8320,#8321,#8322,#8323,#8324)),
 .UNSPECIFIED.,.F.,.F.,.F.,(4,4),(4,2,1,1,1,1,1,1,1,1,2,4),(0.,1.),(-0.00126699340952025,
-2.65418574545689E-17,0.0344270562578659,0.0608134585075448,0.0823542577746496,
0.0992533437142254,0.105987332640877,0.112721321567528,0.120781935202241,
0.127752082589555,0.135479215247709,0.136082557851192),.UNSPECIFIED.);
#97=B_SPLINE_SURFACE_WITH_KNOTS('',3,3,((#8387,#8388,#8389,#8390,#8391,
#8392,#8393,#8394,#8395,#8396,#8397,#8398,#8399,#8400,#8401,#8402,#8403,
#8404,#8405,#8406,#8407,#8408,#8409,#8410,#8411,#8412,#8413,#8414,#8415,
#8416,#8417,#8418,#8419,#8420,#8421,#8422,#8423,#8424,#8425,#8426,#8427,
#8428,#8429,#8430,#8431,#8432,#8433,#8434,#8435,#8436,#8437,#8438,#8439),
(#8440,#8441,#8442,#8443,#8444,#8445,#8446,#8447,#8448,#8449,#8450,#8451,
#8452,#8453,#8454,#8455,#8456,#8457,#8458,#8459,#8460,#8461,#8462,#8463,
#8464,#8465,#8466,#8467,#8468,#8469,#8470,#8471,#8472,#8473,#8474,#8475,
#8476,#8477,#8478,#8479,#8480,#8481,#8482,#8483,#8484,#8485,#8486,#8487,
#8488,#8489,#8490,#8491,#8492),(#8493,#8494,#8495,#8496,#8497,#8498,#8499,
#8500,#8501,#8502,#8503,#8504,#8505,#8506,#8507,#8508,#8509,#8510,#8511,
#8512,#8513,#8514,#8515,#8516,#8517,#8518,#8519,#8520,#8521,#8522,#8523,
#8524,#8525,#8526,#8527,#8528,#8529,#8530,#8531,#8532,#8533,#8534,#8535,
#8536,#8537,#8538,#8539,#8540,#8541,#8542,#8543,#8544,#8545),(#8546,#8547,
#8548,#8549,#8550,#8551,#8552,#8553,#8554,#8555,#8556,#8557,#8558,#8559,
#8560,#8561,#8562,#8563,#8564,#8565,#8566,#8567,#8568,#8569,#8570,#8571,
#8572,#8573,#8574,#8575,#8576,#8577,#8578,#8579,#8580,#8581,#8582,#8583,
#8584,#8585,#8586,#8587,#8588,#8589,#8590,#8591,#8592,#8593,#8594,#8595,
#8596,#8597,#8598)),.UNSPECIFIED.,.F.,.F.,.F.,(4,4),(4,2,1,1,1,1,1,1,1,
1,1,1,1,1,1,1,1,1,1,1,1,1,1,1,1,1,1,1,1,1,1,1,1,1,1,1,1,1,1,1,1,1,1,1,1,
1,1,2,4),(0.,1.),(-0.000146376096729961,-6.75908356450761E-16,0.0250665697373695,
0.0501331394747398,0.0716780577080813,0.0932229759414228,0.112478199694131,
0.131733423446839,0.149472298105336,0.167211172763834,0.183407698610948,
0.199604224458061,0.215013422510244,0.230422620562427,0.258621005358675,
0.283613541135111,0.290698660362029,0.311954018042782,0.316879524779639,
0.321805031516495,0.326730538253351,0.331656044990207,0.35038353019314,
0.35074839412069,0.350930826084465,0.35111325804824,0.35184298590334,0.353302441613541,
0.354032169468641,0.356221353033941,0.359140264454342,0.362059175874743,
0.364978087295143,0.366437543005343,0.367896998715544,0.370815910135945,
0.372275365846145,0.372640229773695,0.373005093701245,0.373734821556345,
0.385262026770534,0.391025629377629,0.396789231984724,0.403100373882443,
0.409411515780163,0.414893562886139,0.420375609992115,0.433420674835038,
0.433803821188483),.UNSPECIFIED.);
#98=B_SPLINE_SURFACE_WITH_KNOTS('',3,3,((#8707,#8708,#8709,#8710,#8711,
#8712,#8713,#8714,#8715,#8716,#8717,#8718,#8719,#8720),(#8721,#8722,#8723,
#8724,#8725,#8726,#8727,#8728,#8729,#8730,#8731,#8732,#8733,#8734),(#8735,
#8736,#8737,#8738,#8739,#8740,#8741,#8742,#8743,#8744,#8745,#8746,#8747,
#8748),(#8749,#8750,#8751,#8752,#8753,#8754,#8755,#8756,#8757,#8758,#8759,
#8760,#8761,#8762)),.UNSPECIFIED.,.F.,.F.,.F.,(4,4),(4,2,1,1,1,1,1,1,1,
1,4),(0.,1.),(-0.00265041879599905,0.,0.0126740636909454,0.0248026227034247,
0.0351727461741226,0.0442307406358331,0.0523003187719753,0.0559807850471528,
0.0596612513223303,0.0635307198058846,0.0660488274009624),.UNSPECIFIED.);
#99=B_SPLINE_SURFACE_WITH_KNOTS('',3,1,((#8832,#8833),(#8834,#8835),(#8836,
#8837),(#8838,#8839),(#8840,#8841),(#8842,#8843),(#8844,#8845),(#8846,#8847),
(#8848,#8849),(#8850,#8851),(#8852,#8853),(#8854,#8855),(#8856,#8857),(#8858,
#8859),(#8860,#8861),(#8862,#8863),(#8864,#8865),(#8866,#8867),(#8868,#8869)),
 .UNSPECIFIED.,.F.,.F.,.F.,(4,1,1,1,1,1,1,1,1,1,1,1,1,1,1,1,4),(2,2),(-1.,
-0.924186435696073,-0.855934580453837,-0.792498839388632,-0.732695555882955,
-0.675639863225517,-0.620964438966686,-0.566750760761186,-0.510630342910375,
-0.477926615752065,-0.436875033739817,-0.386123659914264,-0.327546113352316,
-0.259062020502455,-0.181979232098938,-0.0956344453095264,0.),(0.,0.55),
 .UNSPECIFIED.);
#100=B_SPLINE_SURFACE_WITH_KNOTS('',3,1,((#8891,#8892),(#8893,#8894),(#8895,
#8896),(#8897,#8898),(#8899,#8900),(#8901,#8902),(#8903,#8904),(#8905,#8906),
(#8907,#8908),(#8909,#8910),(#8911,#8912)),.UNSPECIFIED.,.F.,.F.,.F.,(4,
1,1,1,1,1,1,1,4),(2,2),(-1.,-0.878862928109322,-0.760662570596413,-0.647050602067012,
-0.530779590171298,-0.411195621897427,-0.285737642346934,-0.149253908589479,
0.),(0.,0.55),.UNSPECIFIED.);
#101=B_SPLINE_SURFACE_WITH_KNOTS('',3,3,((#9021,#9022,#9023,#9024,#9025,
#9026,#9027,#9028,#9029,#9030,#9031,#9032,#9033,#9034,#9035,#9036,#9037,
#9038,#9039,#9040,#9041,#9042,#9043,#9044,#9045),(#9046,#9047,#9048,#9049,
#9050,#9051,#9052,#9053,#9054,#9055,#9056,#9057,#9058,#9059,#9060,#9061,
#9062,#9063,#9064,#9065,#9066,#9067,#9068,#9069,#9070),(#9071,#9072,#9073,
#9074,#9075,#9076,#9077,#9078,#9079,#9080,#9081,#9082,#9083,#9084,#9085,
#9086,#9087,#9088,#9089,#9090,#9091,#9092,#9093,#9094,#9095),(#9096,#9097,
#9098,#9099,#9100,#9101,#9102,#9103,#9104,#9105,#9106,#9107,#9108,#9109,
#9110,#9111,#9112,#9113,#9114,#9115,#9116,#9117,#9118,#9119,#9120)),
 .UNSPECIFIED.,.F.,.F.,.F.,(4,4),(4,2,1,1,1,2,1,1,1,2,1,1,1,1,1,1,1,1,1,
4),(0.,1.),(-0.000302948759476174,0.,0.108994610310964,0.159851301333863,
0.209271081206657,0.254384688829088,0.257656670436858,0.307286486980208,
0.357006371906445,0.388754340982708,0.40220481066409,0.437358777417768,
0.465793000153138,0.490966216145864,0.51594571977166,0.540898850409472,
0.553709858119808,0.567633542278519,0.599255623817258,0.636060828723464),
 .UNSPECIFIED.);
#102=B_SPLINE_SURFACE_WITH_KNOTS('',3,3,((#9160,#9161,#9162,#9163,#9164,
#9165,#9166,#9167,#9168,#9169,#9170),(#9171,#9172,#9173,#9174,#9175,#9176,
#9177,#9178,#9179,#9180,#9181),(#9182,#9183,#9184,#9185,#9186,#9187,#9188,
#9189,#9190,#9191,#9192),(#9193,#9194,#9195,#9196,#9197,#9198,#9199,#9200,
#9201,#9202,#9203)),.UNSPECIFIED.,.F.,.F.,.F.,(4,4),(4,1,1,1,1,1,1,1,4),
(0.,1.),(-1.37600147259389E-15,0.0378846342862463,0.0744706703073244,0.106753052521613,
0.171317816950191,0.214454940519777,0.257592064089363,0.430140558367706,
0.682835895261109),.UNSPECIFIED.);
#103=B_SPLINE_SURFACE_WITH_KNOTS('',3,3,((#9221,#9222,#9223,#9224,#9225,
#9226,#9227,#9228,#9229,#9230,#9231),(#9232,#9233,#9234,#9235,#9236,#9237,
#9238,#9239,#9240,#9241,#9242),(#9243,#9244,#9245,#9246,#9247,#9248,#9249,
#9250,#9251,#9252,#9253),(#9254,#9255,#9256,#9257,#9258,#9259,#9260,#9261,
#9262,#9263,#9264)),.UNSPECIFIED.,.F.,.F.,.F.,(4,4),(4,1,1,1,1,1,1,1,4),
(0.,1.),(-1.10998202440655E-16,0.0501261571972767,0.0904117931186712,0.126023435887954,
0.159339143491336,0.194464743603722,0.23136741225484,0.272076154305872,
0.321917219310361),.UNSPECIFIED.);
#104=B_SPLINE_SURFACE_WITH_KNOTS('',3,3,((#9284,#9285,#9286,#9287,#9288,
#9289,#9290),(#9291,#9292,#9293,#9294,#9295,#9296,#9297),(#9298,#9299,#9300,
#9301,#9302,#9303,#9304),(#9305,#9306,#9307,#9308,#9309,#9310,#9311)),
 .UNSPECIFIED.,.F.,.F.,.F.,(4,4),(4,1,1,1,4),(0.,1.),(-0.513335523065233,
-0.366668230760881,-0.220000938456528,-0.146667292304352,0.),
 .UNSPECIFIED.);
#105=B_SPLINE_SURFACE_WITH_KNOTS('',3,3,((#9323,#9324,#9325,#9326,#9327,
#9328,#9329,#9330,#9331),(#9332,#9333,#9334,#9335,#9336,#9337,#9338,#9339,
#9340),(#9341,#9342,#9343,#9344,#9345,#9346,#9347,#9348,#9349),(#9350,#9351,
#9352,#9353,#9354,#9355,#9356,#9357,#9358)),.UNSPECIFIED.,.F.,.F.,.F.,(4,
4),(4,1,1,2,1,4),(0.,1.),(-5.87768116342281E-5,0.0894881325291284,0.134234373754145,
0.178984180054595,0.22346488400769,0.233636819813554),.UNSPECIFIED.);
#106=B_SPLINE_SURFACE_WITH_KNOTS('',3,1,((#9390,#9391),(#9392,#9393),(#9394,
#9395),(#9396,#9397),(#9398,#9399),(#9400,#9401),(#9402,#9403),(#9404,#9405)),
 .UNSPECIFIED.,.F.,.F.,.F.,(4,2,2,4),(2,2),(0.,0.117304259281159,0.23762738473514,
0.538741623423931),(0.,0.55),.UNSPECIFIED.);
#107=B_SPLINE_SURFACE_WITH_KNOTS('',3,1,((#9424,#9425),(#9426,#9427),(#9428,
#9429),(#9430,#9431),(#9432,#9433),(#9434,#9435),(#9436,#9437),(#9438,#9439),
(#9440,#9441)),.UNSPECIFIED.,.F.,.F.,.F.,(4,3,2,4),(2,2),(-0.00103592346164676,
0.,0.189133272827986,0.248762824835895),(0.,0.5),.UNSPECIFIED.);
#108=B_SPLINE_SURFACE_WITH_KNOTS('',3,1,((#9471,#9472),(#9473,#9474),(#9475,
#9476),(#9477,#9478),(#9479,#9480),(#9481,#9482),(#9483,#9484),(#9485,#9486),
(#9487,#9488)),.UNSPECIFIED.,.F.,.F.,.F.,(4,2,3,4),(2,2),(0.,0.178300565995363,
0.357284683840338,0.36071528324855),(0.,0.5),.UNSPECIFIED.);
#109=B_SPLINE_SURFACE_WITH_KNOTS('',3,3,((#9501,#9502,#9503,#9504),(#9505,
#9506,#9507,#9508),(#9509,#9510,#9511,#9512),(#9513,#9514,#9515,#9516),
(#9517,#9518,#9519,#9520),(#9521,#9522,#9523,#9524),(#9525,#9526,#9527,
#9528)),.UNSPECIFIED.,.F.,.F.,.F.,(4,1,1,1,4),(4,4),(0.,0.285714285714286,
0.571428571428571,0.714285714285714,1.),(-1.11022302462516E-15,0.449999999999999),
 .UNSPECIFIED.);
#110=B_SPLINE_SURFACE_WITH_KNOTS('',3,3,((#9547,#9548,#9549,#9550,#9551,
#9552,#9553,#9554,#9555,#9556,#9557,#9558,#9559,#9560,#9561,#9562,#9563,
#9564,#9565,#9566,#9567,#9568),(#9569,#9570,#9571,#9572,#9573,#9574,#9575,
#9576,#9577,#9578,#9579,#9580,#9581,#9582,#9583,#9584,#9585,#9586,#9587,
#9588,#9589,#9590),(#9591,#9592,#9593,#9594,#9595,#9596,#9597,#9598,#9599,
#9600,#9601,#9602,#9603,#9604,#9605,#9606,#9607,#9608,#9609,#9610,#9611,
#9612),(#9613,#9614,#9615,#9616,#9617,#9618,#9619,#9620,#9621,#9622,#9623,
#9624,#9625,#9626,#9627,#9628,#9629,#9630,#9631,#9632,#9633,#9634)),
 .UNSPECIFIED.,.F.,.F.,.F.,(4,4),(4,2,1,1,1,1,1,1,1,2,1,1,1,1,1,1,1,4),
(0.,1.),(-0.000269669435384683,-1.56558876869265E-16,0.0521583437714284,
0.0986845849553614,0.142322273056981,0.184542908342918,0.226359275794778,
0.268578612984181,0.311943115663821,0.315765169201672,0.356037719168156,
0.399251127622986,0.441192644245917,0.511192441666359,0.537203106846557,
0.563213772026755,0.591136520687689,0.621663468364097),.UNSPECIFIED.);
#111=B_SPLINE_SURFACE_WITH_KNOTS('',3,3,((#9701,#9702,#9703,#9704),(#9705,
#9706,#9707,#9708),(#9709,#9710,#9711,#9712),(#9713,#9714,#9715,#9716)),
 .UNSPECIFIED.,.F.,.F.,.F.,(4,4),(4,4),(0.,1.),(0.,0.361394929573575),
 .UNSPECIFIED.);
#112=B_SPLINE_SURFACE_WITH_KNOTS('',3,3,((#9728,#9729,#9730,#9731),(#9732,
#9733,#9734,#9735),(#9736,#9737,#9738,#9739),(#9740,#9741,#9742,#9743)),
 .UNSPECIFIED.,.F.,.F.,.F.,(4,4),(4,4),(0.,1.),(0.0478861959450936,0.0962769696121141),
 .UNSPECIFIED.);
#113=B_SPLINE_SURFACE_WITH_KNOTS('',3,3,((#9755,#9756,#9757,#9758),(#9759,
#9760,#9761,#9762),(#9763,#9764,#9765,#9766),(#9767,#9768,#9769,#9770)),
 .UNSPECIFIED.,.F.,.F.,.F.,(4,4),(4,4),(0.,1.),(0.,0.129297874401563),
 .UNSPECIFIED.);
#114=B_SPLINE_SURFACE_WITH_KNOTS('',3,3,((#9791,#9792,#9793,#9794,#9795,
#9796,#9797,#9798,#9799,#9800,#9801,#9802,#9803,#9804,#9805,#9806,#9807,
#9808,#9809,#9810,#9811,#9812,#9813,#9814),(#9815,#9816,#9817,#9818,#9819,
#9820,#9821,#9822,#9823,#9824,#9825,#9826,#9827,#9828,#9829,#9830,#9831,
#9832,#9833,#9834,#9835,#9836,#9837,#9838),(#9839,#9840,#9841,#9842,#9843,
#9844,#9845,#9846,#9847,#9848,#9849,#9850,#9851,#9852,#9853,#9854,#9855,
#9856,#9857,#9858,#9859,#9860,#9861,#9862),(#9863,#9864,#9865,#9866,#9867,
#9868,#9869,#9870,#9871,#9872,#9873,#9874,#9875,#9876,#9877,#9878,#9879,
#9880,#9881,#9882,#9883,#9884,#9885,#9886)),.UNSPECIFIED.,.F.,.F.,.F.,(4,
4),(4,1,1,1,2,1,1,1,1,1,2,1,1,1,1,1,1,1,1,4),(0.,1.),(7.71570880520403E-16,
0.0567340205645821,0.10791136042917,0.153188087860304,0.192783660164277,
0.211390481831577,0.230265750681221,0.249511417789647,0.269311391197231,
0.311573307377594,0.315351925400788,0.346919454229831,0.371641425117226,
0.391990927477495,0.410455904649827,0.429117281760741,0.448454105223448,
0.469277894732738,0.493246085395882,0.526804562017237),.UNSPECIFIED.);
#115=B_SPLINE_SURFACE_WITH_KNOTS('',3,3,((#9942,#9943,#9944,#9945,#9946,
#9947,#9948,#9949,#9950,#9951,#9952,#9953,#9954,#9955,#9956,#9957,#9958),
(#9959,#9960,#9961,#9962,#9963,#9964,#9965,#9966,#9967,#9968,#9969,#9970,
#9971,#9972,#9973,#9974,#9975),(#9976,#9977,#9978,#9979,#9980,#9981,#9982,
#9983,#9984,#9985,#9986,#9987,#9988,#9989,#9990,#9991,#9992),(#9993,#9994,
#9995,#9996,#9997,#9998,#9999,#10000,#10001,#10002,#10003,#10004,#10005,
#10006,#10007,#10008,#10009)),.UNSPECIFIED.,.F.,.F.,.F.,(4,4),(4,1,1,1,
1,1,1,1,1,1,1,1,1,1,4),(0.,1.),(-2.40620614957481E-16,0.046252132105557,
0.0827036208451593,0.114787316535162,0.144320506376542,0.20025306947161,
0.232025640060228,0.268453908858428,0.283393631251368,0.298333353644307,
0.31400957378697,0.325475029487674,0.336940485188377,0.358580083391965,
0.384780649055654),.UNSPECIFIED.);
#116=B_SPLINE_SURFACE_WITH_KNOTS('',3,3,((#10075,#10076,#10077,#10078,#10079,
#10080,#10081,#10082,#10083),(#10084,#10085,#10086,#10087,#10088,#10089,
#10090,#10091,#10092),(#10093,#10094,#10095,#10096,#10097,#10098,#10099,
#10100,#10101),(#10102,#10103,#10104,#10105,#10106,#10107,#10108,#10109,
#10110)),.UNSPECIFIED.,.F.,.F.,.F.,(4,4),(4,1,1,1,1,1,4),(0.,1.),(4.13183487978395E-14,
0.0705049354603606,0.154739359627461,0.203550507212482,0.257553643870255,
0.317126105199179,0.382778518873057),.UNSPECIFIED.);
#117=B_SPLINE_SURFACE_WITH_KNOTS('',3,3,((#10138,#10139,#10140,#10141,#10142,
#10143,#10144,#10145,#10146,#10147,#10148,#10149,#10150,#10151,#10152,#10153,
#10154,#10155,#10156),(#10157,#10158,#10159,#10160,#10161,#10162,#10163,
#10164,#10165,#10166,#10167,#10168,#10169,#10170,#10171,#10172,#10173,#10174,
#10175),(#10176,#10177,#10178,#10179,#10180,#10181,#10182,#10183,#10184,
#10185,#10186,#10187,#10188,#10189,#10190,#10191,#10192,#10193,#10194),
(#10195,#10196,#10197,#10198,#10199,#10200,#10201,#10202,#10203,#10204,
#10205,#10206,#10207,#10208,#10209,#10210,#10211,#10212,#10213)),
 .UNSPECIFIED.,.F.,.F.,.F.,(4,4),(4,1,1,1,1,1,1,1,1,1,1,1,1,1,1,1,4),(0.,
1.),(4.44033739810307E-16,0.0248555491440263,0.0455057974800825,0.08024182886415,
0.0954683306973418,0.108259926098109,0.116844282572073,0.123824570110235,
0.129826157145004,0.135827744179773,0.14260345228287,0.150695603775255,
0.155117685606239,0.159539767437222,0.164707427123032,0.169120182784534,
0.173917307099329),.UNSPECIFIED.);
#118=B_SPLINE_SURFACE_WITH_KNOTS('',3,3,((#10261,#10262,#10263,#10264,#10265,
#10266,#10267,#10268,#10269,#10270,#10271,#10272,#10273,#10274,#10275,#10276,
#10277,#10278,#10279,#10280,#10281),(#10282,#10283,#10284,#10285,#10286,
#10287,#10288,#10289,#10290,#10291,#10292,#10293,#10294,#10295,#10296,#10297,
#10298,#10299,#10300,#10301,#10302),(#10303,#10304,#10305,#10306,#10307,
#10308,#10309,#10310,#10311,#10312,#10313,#10314,#10315,#10316,#10317,#10318,
#10319,#10320,#10321,#10322,#10323),(#10324,#10325,#10326,#10327,#10328,
#10329,#10330,#10331,#10332,#10333,#10334,#10335,#10336,#10337,#10338,#10339,
#10340,#10341,#10342,#10343,#10344)),.UNSPECIFIED.,.F.,.F.,.F.,(4,4),(4,
1,1,1,1,1,1,1,1,1,1,1,1,1,1,1,1,1,4),(0.,1.),(4.66240265375081E-14,0.0108058022431177,
0.0216116044861888,0.0294473367467668,0.0365954261337527,0.03860872721574,
0.0406220282977273,0.0426351866910849,0.0456285019367508,0.0478206150199087,
0.0500127281030666,0.051362901109201,0.0522117229560278,0.0528364029964701,
0.0533382747854903,0.0537753015876175,0.0541864549525862,0.0550183161107355,
0.0560977445179963),.UNSPECIFIED.);
#119=B_SPLINE_SURFACE_WITH_KNOTS('',3,3,((#10390,#10391,#10392,#10393,#10394,
#10395,#10396,#10397,#10398,#10399,#10400,#10401,#10402,#10403,#10404,#10405,
#10406,#10407),(#10408,#10409,#10410,#10411,#10412,#10413,#10414,#10415,
#10416,#10417,#10418,#10419,#10420,#10421,#10422,#10423,#10424,#10425),
(#10426,#10427,#10428,#10429,#10430,#10431,#10432,#10433,#10434,#10435,
#10436,#10437,#10438,#10439,#10440,#10441,#10442,#10443),(#10444,#10445,
#10446,#10447,#10448,#10449,#10450,#10451,#10452,#10453,#10454,#10455,#10456,
#10457,#10458,#10459,#10460,#10461)),.UNSPECIFIED.,.F.,.F.,.F.,(4,4),(4,
1,1,1,1,1,1,1,1,1,1,1,1,1,1,4),(0.,1.),(-9.203512828454E-5,0.0435216325941062,
0.0799868487558199,0.113368415514706,0.145389280684202,0.16123182420337,
0.177115849939701,0.209441997403161,0.242783992490289,0.276025566051382,
0.342424813675948,0.394657600227547,0.415911486633933,0.438461742985795,
0.46514535939569,0.497704909114153),.UNSPECIFIED.);
#120=B_SPLINE_SURFACE_WITH_KNOTS('',3,3,((#10503,#10504,#10505,#10506,#10507,
#10508,#10509,#10510,#10511,#10512,#10513,#10514,#10515,#10516,#10517,#10518,
#10519),(#10520,#10521,#10522,#10523,#10524,#10525,#10526,#10527,#10528,
#10529,#10530,#10531,#10532,#10533,#10534,#10535,#10536),(#10537,#10538,
#10539,#10540,#10541,#10542,#10543,#10544,#10545,#10546,#10547,#10548,#10549,
#10550,#10551,#10552,#10553),(#10554,#10555,#10556,#10557,#10558,#10559,
#10560,#10561,#10562,#10563,#10564,#10565,#10566,#10567,#10568,#10569,#10570)),
 .UNSPECIFIED.,.F.,.F.,.F.,(4,4),(4,1,1,1,1,1,1,1,1,1,1,1,1,1,4),(0.,1.),
(3.69161107904015E-15,0.0427804009473689,0.0749687144844946,0.102640552090274,
0.127441023662469,0.178664601172225,0.207859991471583,0.240364565665647,
0.275663654838508,0.315256035871863,0.406349447584559,0.454992393639186,
0.507356923208305,0.566508978346165,0.641641874701962),.UNSPECIFIED.);
#121=B_SPLINE_SURFACE_WITH_KNOTS('',3,3,((#10612,#10613,#10614,#10615,#10616,
#10617,#10618,#10619,#10620,#10621,#10622,#10623,#10624,#10625,#10626,#10627),
(#10628,#10629,#10630,#10631,#10632,#10633,#10634,#10635,#10636,#10637,
#10638,#10639,#10640,#10641,#10642,#10643),(#10644,#10645,#10646,#10647,
#10648,#10649,#10650,#10651,#10652,#10653,#10654,#10655,#10656,#10657,#10658,
#10659),(#10660,#10661,#10662,#10663,#10664,#10665,#10666,#10667,#10668,
#10669,#10670,#10671,#10672,#10673,#10674,#10675)),.UNSPECIFIED.,.F.,.F.,
 .F.,(4,4),(4,1,1,1,1,1,1,1,1,1,1,1,1,4),(0.,1.),(1.33033905511608E-15,
0.0666781038336239,0.115718852645262,0.138281155866689,0.160280942841555,
0.183224692443304,0.208753330162151,0.238707609790196,0.279739789951906,
0.325457744201867,0.371175698451828,0.462525377348236,0.611236247068249,
0.720746666445139),.UNSPECIFIED.);
#122=B_SPLINE_SURFACE_WITH_KNOTS('',3,1,((#10740,#10741),(#10742,#10743),
(#10744,#10745),(#10746,#10747),(#10748,#10749),(#10750,#10751),(#10752,
#10753),(#10754,#10755)),.UNSPECIFIED.,.F.,.F.,.F.,(4,2,2,4),(2,2),(0.,
0.104664940604667,0.146224485263481,0.187783318704095),(0.,0.55),
 .UNSPECIFIED.);
#123=B_SPLINE_SURFACE_WITH_KNOTS('',3,1,((#10772,#10773),(#10774,#10775),
(#10776,#10777),(#10778,#10779),(#10780,#10781),(#10782,#10783),(#10784,
#10785),(#10786,#10787),(#10788,#10789),(#10790,#10791),(#10792,#10793),
(#10794,#10795),(#10796,#10797),(#10798,#10799),(#10800,#10801),(#10802,
#10803),(#10804,#10805)),.UNSPECIFIED.,.F.,.F.,.F.,(4,1,1,1,1,1,1,1,1,1,
1,1,1,1,4),(2,2),(-0.996602141021642,-0.934452924392512,-0.872303707763382,
-0.810154491134251,-0.748005274505121,-0.685856057875991,-0.62370684124686,
-0.4994084079886,-0.437259191359469,-0.375109974730339,-0.312960758101209,
-0.250811541472078,-0.126513108213818,-0.0643638915846876,-0.00221467495555726),
(0.,0.55),.UNSPECIFIED.);
#124=B_SPLINE_SURFACE_WITH_KNOTS('',3,1,((#10829,#10830),(#10831,#10832),
(#10833,#10834),(#10835,#10836),(#10837,#10838),(#10839,#10840),(#10841,
#10842),(#10843,#10844),(#10845,#10846),(#10847,#10848),(#10849,#10850),
(#10851,#10852),(#10853,#10854),(#10855,#10856),(#10857,#10858),(#10859,
#10860),(#10861,#10862),(#10863,#10864),(#10865,#10866),(#10867,#10868),
(#10869,#10870)),.UNSPECIFIED.,.F.,.F.,.F.,(4,3,1,1,1,1,1,1,1,1,1,1,1,1,
1,1,4),(2,2),(-0.99999988793749,-0.999957619493164,-0.875317605012078,-0.750677590530992,
-0.68835758329045,-0.626037576049907,-0.563717568809364,-0.501397561568821,
-0.439077554328278,-0.376757547087736,-0.25211753260665,-0.189797525366107,
-0.158637521745836,-0.127477518125564,-0.0963175145052929,-0.0651575108850215,
-0.00283750364447872),(0.,0.500000000000002),.UNSPECIFIED.);
#125=B_SPLINE_SURFACE_WITH_KNOTS('',3,1,((#10891,#10892),(#10893,#10894),
(#10895,#10896),(#10897,#10898),(#10899,#10900),(#10901,#10902),(#10903,
#10904),(#10905,#10906),(#10907,#10908),(#10909,#10910),(#10911,#10912),
(#10913,#10914),(#10915,#10916),(#10917,#10918),(#10919,#10920),(#10921,
#10922),(#10923,#10924),(#10925,#10926),(#10927,#10928),(#10929,#10930),
(#10931,#10932)),.UNSPECIFIED.,.F.,.F.,.F.,(4,1,1,1,1,1,1,1,1,1,1,1,1,1,
1,3,4),(2,2),(-0.997733579576771,-0.935377019986304,-0.873020460395838,
-0.810663900805371,-0.748307341214904,-0.623594222033971,-0.498881102853037,
-0.436524543262571,-0.374167983672104,-0.311811424081637,-0.280633144286404,
-0.249454864491171,-0.187098304900704,-0.124741745310237,-0.0623851857197706,
-2.86261293039217E-5,7.56814051689976E-8),(0.,0.500000000000005),
 .UNSPECIFIED.);
#126=B_SPLINE_SURFACE_WITH_KNOTS('',3,1,((#10957,#10958),(#10959,#10960),
(#10961,#10962),(#10963,#10964),(#10965,#10966),(#10967,#10968),(#10969,
#10970),(#10971,#10972),(#10973,#10974),(#10975,#10976),(#10977,#10978),
(#10979,#10980),(#10981,#10982),(#10983,#10984),(#10985,#10986),(#10987,
#10988),(#10989,#10990)),.UNSPECIFIED.,.F.,.F.,.F.,(4,1,1,1,1,1,1,1,1,1,
1,1,1,1,4),(2,2),(-0.998951715160103,-0.936647084682239,-0.874342454204376,
-0.812037823726513,-0.749733193248649,-0.625123932292923,-0.562819301815059,
-0.500514671337196,-0.438210040859333,-0.375905410381469,-0.251296149425742,
-0.188991518947879,-0.126686888470016,-0.0643822579921524,-0.00207762751428903),
(0.,0.55),.UNSPECIFIED.);
#127=B_SPLINE_SURFACE_WITH_KNOTS('',3,1,((#11014,#11015),(#11016,#11017),
(#11018,#11019),(#11020,#11021),(#11022,#11023),(#11024,#11025),(#11026,
#11027),(#11028,#11029),(#11030,#11031),(#11032,#11033),(#11034,#11035),
(#11036,#11037),(#11038,#11039),(#11040,#11041),(#11042,#11043),(#11044,
#11045),(#11046,#11047),(#11048,#11049),(#11050,#11051),(#11052,#11053),
(#11054,#11055),(#11056,#11057),(#11058,#11059),(#11060,#11061),(#11062,
#11063),(#11064,#11065),(#11066,#11067),(#11068,#11069),(#11070,#11071),
(#11072,#11073),(#11074,#11075),(#11076,#11077),(#11078,#11079),(#11080,
#11081),(#11082,#11083),(#11084,#11085),(#11086,#11087)),.UNSPECIFIED.,
 .F.,.F.,.F.,(4,3,3,3,3,3,3,3,3,3,3,3,4),(2,2),(2.41244569233018E-10,0.0923931536079961,
0.182367873554119,0.223739039735128,0.258488355153545,0.287854638327518,
0.313014177112163,0.33758593230341,0.364967659208101,0.396390801961845,
0.434831778081366,0.533847979420842,0.646668502573691),(0.,0.55),
 .UNSPECIFIED.);
#128=B_SPLINE_SURFACE_WITH_KNOTS('',3,3,((#11136,#11137,#11138,#11139),
(#11140,#11141,#11142,#11143),(#11144,#11145,#11146,#11147),(#11148,#11149,
#11150,#11151)),.UNSPECIFIED.,.F.,.F.,.F.,(4,4),(4,4),(0.,1.),(-3.33066907387547E-16,
0.450000000000001),.UNSPECIFIED.);
#129=B_SPLINE_SURFACE_WITH_KNOTS('',3,3,((#11187,#11188,#11189,#11190),
(#11191,#11192,#11193,#11194),(#11195,#11196,#11197,#11198),(#11199,#11200,
#11201,#11202)),.UNSPECIFIED.,.F.,.F.,.F.,(4,4),(4,4),(0.,1.),(0.0499999999999987,
0.5),.UNSPECIFIED.);
#130=B_SPLINE_SURFACE_WITH_KNOTS('',3,1,((#11214,#11215),(#11216,#11217),
(#11218,#11219),(#11220,#11221),(#11222,#11223),(#11224,#11225)),
 .UNSPECIFIED.,.F.,.F.,.F.,(4,2,4),(2,2),(0.,0.0900431881064166,0.172814527961661),
(0.,0.55),.UNSPECIFIED.);
#131=B_SPLINE_SURFACE_WITH_KNOTS('',3,1,((#11683,#11684),(#11685,#11686),
(#11687,#11688),(#11689,#11690),(#11691,#11692),(#11693,#11694),(#11695,
#11696),(#11697,#11698),(#11699,#11700),(#11701,#11702)),.UNSPECIFIED.,
 .F.,.F.,.F.,(4,2,2,2,4),(2,2),(0.,0.180111337867852,0.391573680709007,
0.75622745527012,1.14255929368462),(0.,0.55),.UNSPECIFIED.);
#132=B_SPLINE_SURFACE_WITH_KNOTS('',3,1,((#11705,#11706),(#11707,#11708),
(#11709,#11710),(#11711,#11712),(#11713,#11714),(#11715,#11716),(#11717,
#11718),(#11719,#11720),(#11721,#11722),(#11723,#11724),(#11725,#11726),
(#11727,#11728),(#11729,#11730),(#11731,#11732),(#11733,#11734),(#11735,
#11736),(#11737,#11738),(#11739,#11740),(#11741,#11742),(#11743,#11744),
(#11745,#11746)),.UNSPECIFIED.,.F.,.F.,.F.,(4,1,1,1,1,1,1,1,1,1,1,1,1,1,
1,1,1,1,4),(2,2),(-0.998984405659346,-0.936640302460875,-0.874296199262404,
-0.811952096063933,-0.749607992865462,-0.687263889666991,-0.62491978646852,
-0.562575683270049,-0.500231580071578,-0.437887476873107,-0.375543373674637,
-0.344371322075401,-0.313199270476166,-0.28202721887693,-0.250855167277695,
-0.188511064079224,-0.126166960880753,-0.0638228576822819,-0.00147875448381095),
(0.,0.55),.UNSPECIFIED.);
#133=B_SPLINE_SURFACE_WITH_KNOTS('',3,1,((#11749,#11750),(#11751,#11752),
(#11753,#11754),(#11755,#11756),(#11757,#11758),(#11759,#11760),(#11761,
#11762),(#11763,#11764),(#11765,#11766),(#11767,#11768),(#11769,#11770),
(#11771,#11772),(#11773,#11774),(#11775,#11776),(#11777,#11778),(#11779,
#11780),(#11781,#11782),(#11783,#11784),(#11785,#11786),(#11787,#11788)),
 .UNSPECIFIED.,.F.,.F.,.F.,(4,1,1,1,1,1,1,1,1,1,1,1,1,1,3,4),(2,2),(-0.998451950313384,
-0.936058749636047,-0.87366554895871,-0.748879147604036,-0.624092746249362,
-0.561699545572025,-0.499306344894688,-0.436913144217352,-0.374519943540015,
-0.312126742862678,-0.249733542185341,-0.187340341508004,-0.124947140830667,
-0.0625539401533301,-0.000160739475993168,0.000160729157065251),(0.,0.500000000000208),
 .UNSPECIFIED.);
#134=B_SPLINE_SURFACE_WITH_KNOTS('',3,1,((#11900,#11901),(#11902,#11903),
(#11904,#11905),(#11906,#11907),(#11908,#11909),(#11910,#11911),(#11912,
#11913),(#11914,#11915),(#11916,#11917),(#11918,#11919),(#11920,#11921),
(#11922,#11923),(#11924,#11925),(#11926,#11927),(#11928,#11929),(#11930,
#11931),(#11932,#11933),(#11934,#11935),(#11936,#11937),(#11938,#11939),
(#11940,#11941),(#11942,#11943)),.UNSPECIFIED.,.F.,.F.,.F.,(4,1,1,1,1,1,
1,1,1,1,1,1,1,1,1,1,3,4),(2,2),(-0.999005268287679,-0.936579081382288,-0.874152894476898,
-0.842939801024203,-0.811726707571507,-0.749300520666117,-0.686874333760726,
-0.624448146855336,-0.562021959949946,-0.499595773044555,-0.437169586139165,
-0.374743399233774,-0.312317212328384,-0.249891025422993,-0.187464838517603,
-0.125038651612212,-0.000186277801431397,0.000139131875441864),(0.,0.500000000000002),
 .UNSPECIFIED.);
#135=B_SPLINE_SURFACE_WITH_KNOTS('',3,1,((#11955,#11956),(#11957,#11958),
(#11959,#11960),(#11961,#11962),(#11963,#11964),(#11965,#11966),(#11967,
#11968),(#11969,#11970),(#11971,#11972),(#11973,#11974),(#11975,#11976)),
 .UNSPECIFIED.,.F.,.F.,.F.,(4,1,1,1,1,1,1,1,4),(2,2),(-1.,-0.80442742179406,
-0.628272366932071,-0.47287212495216,-0.338218327490422,-0.222888242011432,
-0.128205487343904,-0.0538615189846953,0.),(0.,0.55),.UNSPECIFIED.);
#136=CYLINDRICAL_SURFACE('',#6013,4.);
#137=CYLINDRICAL_SURFACE('',#6016,4.);
#138=CYLINDRICAL_SURFACE('',#6020,4.);
#139=CYLINDRICAL_SURFACE('',#6023,4.);
#140=CYLINDRICAL_SURFACE('',#6035,1.75);
#141=CYLINDRICAL_SURFACE('',#6061,1.75);
#142=CYLINDRICAL_SURFACE('',#6064,0.499999999999998);
#143=CYLINDRICAL_SURFACE('',#6067,0.5);
#144=CYLINDRICAL_SURFACE('',#6105,0.499999999999998);
#145=CYLINDRICAL_SURFACE('',#6108,9.00000000000002);
#146=CYLINDRICAL_SURFACE('',#6110,0.500000000000001);
#147=CYLINDRICAL_SURFACE('',#6112,0.499999999999999);
#148=CYLINDRICAL_SURFACE('',#6114,0.500000000002561);
#149=CYLINDRICAL_SURFACE('',#6116,0.499999999996789);
#150=CYLINDRICAL_SURFACE('',#6118,0.500000000000008);
#151=CYLINDRICAL_SURFACE('',#6123,0.5);
#152=CYLINDRICAL_SURFACE('',#6125,81.);
#153=CYLINDRICAL_SURFACE('',#6127,2.);
#154=CYLINDRICAL_SURFACE('',#6287,1.75);
#155=CYLINDRICAL_SURFACE('',#6289,1.75);
#156=CYLINDRICAL_SURFACE('',#6291,1.75);
#157=CYLINDRICAL_SURFACE('',#6293,1.75);
#158=CYLINDRICAL_SURFACE('',#6295,1.75);
#159=CYLINDRICAL_SURFACE('',#6297,1.75);
#160=CYLINDRICAL_SURFACE('',#6299,1.75);
#161=CYLINDRICAL_SURFACE('',#6301,1.75);
#162=CYLINDRICAL_SURFACE('',#6303,1.75);
#163=CYLINDRICAL_SURFACE('',#6305,1.75);
#164=CYLINDRICAL_SURFACE('',#6307,1.75);
#165=CYLINDRICAL_SURFACE('',#6309,1.75);
#166=CYLINDRICAL_SURFACE('',#6311,1.75);
#167=CYLINDRICAL_SURFACE('',#6313,1.75);
#168=CYLINDRICAL_SURFACE('',#6314,1.75);
#169=CYLINDRICAL_SURFACE('',#6316,1.75);
#170=CYLINDRICAL_SURFACE('',#6318,1.75);
#171=CYLINDRICAL_SURFACE('',#6320,1.75);
#172=CYLINDRICAL_SURFACE('',#6322,1.75);
#173=CYLINDRICAL_SURFACE('',#6324,1.75);
#174=CYLINDRICAL_SURFACE('',#6331,9.);
#175=CYLINDRICAL_SURFACE('',#6333,9.);
#176=CYLINDRICAL_SURFACE('',#6335,9.);
#177=CYLINDRICAL_SURFACE('',#6337,9.);
#178=CYLINDRICAL_SURFACE('',#6339,0.5);
#179=CYLINDRICAL_SURFACE('',#6341,0.5);
#180=CYLINDRICAL_SURFACE('',#6343,0.5);
#181=CYLINDRICAL_SURFACE('',#6345,0.5);
#182=CYLINDRICAL_SURFACE('',#6347,0.5);
#183=CYLINDRICAL_SURFACE('',#6349,0.5);
#184=CYLINDRICAL_SURFACE('',#6351,0.5);
#185=CYLINDRICAL_SURFACE('',#6353,0.5);
#186=CYLINDRICAL_SURFACE('',#6355,0.5);
#187=CYLINDRICAL_SURFACE('',#6357,0.5);
#188=CYLINDRICAL_SURFACE('',#6359,0.5);
#189=CYLINDRICAL_SURFACE('',#6361,0.5);
#190=CYLINDRICAL_SURFACE('',#6363,0.5);
#191=CYLINDRICAL_SURFACE('',#6365,0.5);
#192=CYLINDRICAL_SURFACE('',#6367,0.5);
#193=CYLINDRICAL_SURFACE('',#6369,0.5);
#194=CYLINDRICAL_SURFACE('',#6371,0.5);
#195=CYLINDRICAL_SURFACE('',#6373,0.5);
#196=CYLINDRICAL_SURFACE('',#6375,0.5);
#197=CYLINDRICAL_SURFACE('',#6377,0.5);
#198=CYLINDRICAL_SURFACE('',#6379,0.5);
#199=CYLINDRICAL_SURFACE('',#6381,0.5);
#200=CYLINDRICAL_SURFACE('',#6383,0.5);
#201=CYLINDRICAL_SURFACE('',#6385,0.5);
#202=CYLINDRICAL_SURFACE('',#6387,0.5);
#203=CYLINDRICAL_SURFACE('',#6389,0.5);
#204=CYLINDRICAL_SURFACE('',#6391,0.500000000006319);
#205=CYLINDRICAL_SURFACE('',#6392,0.500000000000002);
#206=CYLINDRICAL_SURFACE('',#6393,0.5);
#207=CYLINDRICAL_SURFACE('',#6394,0.500000000000002);
#208=CYLINDRICAL_SURFACE('',#6395,0.499999999998302);
#209=CYLINDRICAL_SURFACE('',#6396,0.500000000001046);
#210=CYLINDRICAL_SURFACE('',#6397,0.499999999999999);
#211=CYLINDRICAL_SURFACE('',#6398,0.5);
#212=CYLINDRICAL_SURFACE('',#6400,0.5);
#213=CYLINDRICAL_SURFACE('',#6402,0.5);
#214=CYLINDRICAL_SURFACE('',#6404,0.5);
#215=CYLINDRICAL_SURFACE('',#6406,0.5);
#216=CYLINDRICAL_SURFACE('',#6408,0.5);
#217=CYLINDRICAL_SURFACE('',#6410,0.5);
#218=CIRCLE('',#5999,4.);
#219=CIRCLE('',#6000,3.5);
#220=CIRCLE('',#6003,4.);
#221=CIRCLE('',#6004,3.5);
#222=CIRCLE('',#6007,4.);
#223=CIRCLE('',#6008,3.5);
#224=CIRCLE('',#6011,4.);
#225=CIRCLE('',#6012,3.5);
#226=CIRCLE('',#6014,4.);
#227=CIRCLE('',#6017,4.);
#228=CIRCLE('',#6021,4.);
#229=CIRCLE('',#6024,4.);
#230=CIRCLE('',#6028,1.75);
#231=CIRCLE('',#6029,2.25);
#232=CIRCLE('',#6032,1.75);
#233=CIRCLE('',#6033,2.25);
#234=CIRCLE('',#6036,1.75);
#235=CIRCLE('',#6039,2.25);
#236=CIRCLE('',#6045,1.75);
#237=CIRCLE('',#6050,0.5);
#238=CIRCLE('',#6052,0.499999999999998);
#239=CIRCLE('',#6054,0.500000000006319);
#240=CIRCLE('',#6056,0.500000000000002);
#241=CIRCLE('',#6058,0.5);
#242=CIRCLE('',#6060,0.500000000000002);
#243=CIRCLE('',#6062,1.75);
#244=CIRCLE('',#6065,0.5);
#245=CIRCLE('',#6068,0.5);
#246=CIRCLE('',#6072,2.5);
#247=CIRCLE('',#6073,2.);
#248=CIRCLE('',#6075,81.);
#249=CIRCLE('',#6076,80.5);
#250=CIRCLE('',#6078,0.500000000001046);
#251=CIRCLE('',#6080,0.499999999998302);
#252=CIRCLE('',#6083,0.499999999999999);
#253=CIRCLE('',#6086,9.00000000000002);
#254=CIRCLE('',#6087,8.50000000000002);
#255=CIRCLE('',#6089,0.500000000000001);
#256=CIRCLE('',#6090,1.);
#257=CIRCLE('',#6092,0.499999999999999);
#258=CIRCLE('',#6093,0.999999999999998);
#259=CIRCLE('',#6095,0.499999999999998);
#260=CIRCLE('',#6097,0.500000000002561);
#261=CIRCLE('',#6099,0.499999999996789);
#262=CIRCLE('',#6102,0.500000000000008);
#263=CIRCLE('',#6104,0.5);
#264=CIRCLE('',#6106,0.5);
#265=CIRCLE('',#6109,9.);
#266=CIRCLE('',#6111,0.5);
#267=CIRCLE('',#6113,0.5);
#268=CIRCLE('',#6115,0.5);
#269=CIRCLE('',#6117,0.5);
#270=CIRCLE('',#6119,0.5);
#271=CIRCLE('',#6124,0.5);
#272=CIRCLE('',#6126,81.);
#273=CIRCLE('',#6128,2.);
#274=CIRCLE('',#6130,3.5);
#275=CIRCLE('',#6131,3.5);
#276=CIRCLE('',#6132,3.5);
#277=CIRCLE('',#6133,3.5);
#278=CIRCLE('',#6134,0.5);
#279=CIRCLE('',#6135,0.5);
#280=CIRCLE('',#6136,0.5);
#281=CIRCLE('',#6137,0.5);
#282=CIRCLE('',#6138,0.5);
#283=CIRCLE('',#6139,0.5);
#284=CIRCLE('',#6140,0.5);
#285=CIRCLE('',#6141,0.5);
#286=CIRCLE('',#6142,9.);
#287=CIRCLE('',#6143,0.5);
#288=CIRCLE('',#6144,0.5);
#289=CIRCLE('',#6145,9.);
#290=CIRCLE('',#6146,0.5);
#291=CIRCLE('',#6147,0.5);
#292=CIRCLE('',#6148,1.75);
#293=CIRCLE('',#6149,1.75);
#294=CIRCLE('',#6150,0.5);
#295=CIRCLE('',#6151,0.5);
#296=CIRCLE('',#6152,1.75);
#297=CIRCLE('',#6153,0.5);
#298=CIRCLE('',#6154,0.5);
#299=CIRCLE('',#6155,0.5);
#300=CIRCLE('',#6156,0.5);
#301=CIRCLE('',#6157,0.5);
#302=CIRCLE('',#6158,0.5);
#303=CIRCLE('',#6159,9.);
#304=CIRCLE('',#6160,0.5);
#305=CIRCLE('',#6161,0.5);
#306=CIRCLE('',#6162,9.);
#307=CIRCLE('',#6163,0.5);
#308=CIRCLE('',#6164,0.5);
#309=CIRCLE('',#6165,1.75);
#310=CIRCLE('',#6166,1.75);
#311=CIRCLE('',#6167,0.5);
#312=CIRCLE('',#6168,1.75);
#313=CIRCLE('',#6169,1.75);
#314=CIRCLE('',#6170,0.5);
#315=CIRCLE('',#6171,0.5);
#316=CIRCLE('',#6172,0.5);
#317=CIRCLE('',#6173,0.5);
#318=CIRCLE('',#6174,0.5);
#319=CIRCLE('',#6175,0.5);
#320=CIRCLE('',#6176,1.75);
#321=CIRCLE('',#6177,1.75);
#322=CIRCLE('',#6178,0.5);
#323=CIRCLE('',#6179,0.5);
#324=CIRCLE('',#6180,1.75);
#325=CIRCLE('',#6181,0.5);
#326=CIRCLE('',#6182,0.5);
#327=CIRCLE('',#6183,1.75);
#328=CIRCLE('',#6184,0.5);
#329=CIRCLE('',#6185,0.5);
#330=CIRCLE('',#6186,1.75);
#331=CIRCLE('',#6187,0.5);
#332=CIRCLE('',#6188,0.5);
#333=CIRCLE('',#6189,1.75);
#334=CIRCLE('',#6190,0.5);
#335=CIRCLE('',#6198,2.25);
#336=CIRCLE('',#6200,8.50000000000025);
#337=CIRCLE('',#6201,2.25);
#338=CIRCLE('',#6202,2.25);
#339=CIRCLE('',#6203,8.5);
#340=CIRCLE('',#6204,2.24999999999999);
#341=CIRCLE('',#6205,2.24999999999999);
#342=CIRCLE('',#6206,2.24999999999999);
#343=CIRCLE('',#6228,2.25);
#344=CIRCLE('',#6229,2.25);
#345=CIRCLE('',#6230,2.25);
#346=CIRCLE('',#6231,2.25);
#347=CIRCLE('',#6239,1.75);
#348=CIRCLE('',#6241,8.50000000002721);
#349=CIRCLE('',#6242,2.24999999997304);
#350=CIRCLE('',#6243,2.24999999997304);
#351=CIRCLE('',#6244,8.50000000002696);
#352=CIRCLE('',#6245,2.25000000000002);
#353=CIRCLE('',#6246,2.25000000000002);
#354=CIRCLE('',#6247,2.25000000000002);
#355=CIRCLE('',#6269,2.25000000000001);
#356=CIRCLE('',#6270,2.25000000000001);
#357=CIRCLE('',#6271,2.25000000000001);
#358=CIRCLE('',#6272,2.25000000000001);
#359=CIRCLE('',#6280,1.75);
#360=CIRCLE('',#6281,1.75);
#361=CIRCLE('',#6282,1.75);
#362=CIRCLE('',#6284,1.75);
#363=CIRCLE('',#6285,1.75);
#364=CIRCLE('',#6286,1.75);
#365=CIRCLE('',#6288,1.75);
#366=CIRCLE('',#6290,1.75);
#367=CIRCLE('',#6292,1.75);
#368=CIRCLE('',#6294,1.75);
#369=CIRCLE('',#6296,1.75);
#370=CIRCLE('',#6298,1.75);
#371=CIRCLE('',#6300,1.75);
#372=CIRCLE('',#6302,1.75);
#373=CIRCLE('',#6304,1.75);
#374=CIRCLE('',#6306,1.75);
#375=CIRCLE('',#6308,1.75);
#376=CIRCLE('',#6310,1.75);
#377=CIRCLE('',#6312,1.75);
#378=CIRCLE('',#6315,1.75);
#379=CIRCLE('',#6317,1.75);
#380=CIRCLE('',#6319,1.75);
#381=CIRCLE('',#6321,1.75);
#382=CIRCLE('',#6323,1.75);
#383=CIRCLE('',#6325,1.75);
#384=CIRCLE('',#6332,9.);
#385=CIRCLE('',#6334,9.);
#386=CIRCLE('',#6336,9.);
#387=CIRCLE('',#6338,9.);
#388=CIRCLE('',#6340,0.5);
#389=CIRCLE('',#6342,0.5);
#390=CIRCLE('',#6344,0.5);
#391=CIRCLE('',#6346,0.5);
#392=CIRCLE('',#6348,0.5);
#393=CIRCLE('',#6350,0.5);
#394=CIRCLE('',#6352,0.5);
#395=CIRCLE('',#6354,0.5);
#396=CIRCLE('',#6356,0.5);
#397=CIRCLE('',#6358,0.5);
#398=CIRCLE('',#6360,0.5);
#399=CIRCLE('',#6362,0.5);
#400=CIRCLE('',#6364,0.5);
#401=CIRCLE('',#6366,0.5);
#402=CIRCLE('',#6368,0.5);
#403=CIRCLE('',#6370,0.5);
#404=CIRCLE('',#6372,0.5);
#405=CIRCLE('',#6374,0.5);
#406=CIRCLE('',#6376,0.5);
#407=CIRCLE('',#6378,0.5);
#408=CIRCLE('',#6380,0.5);
#409=CIRCLE('',#6382,0.5);
#410=CIRCLE('',#6384,0.5);
#411=CIRCLE('',#6386,0.5);
#412=CIRCLE('',#6388,0.5);
#413=CIRCLE('',#6390,0.5);
#414=CIRCLE('',#6399,0.5);
#415=CIRCLE('',#6401,0.5);
#416=CIRCLE('',#6403,0.5);
#417=CIRCLE('',#6405,0.5);
#418=CIRCLE('',#6407,0.5);
#419=CIRCLE('',#6409,0.5);
#420=CIRCLE('',#6411,0.5);
#421=CONICAL_SURFACE('',#5998,3.75,0.785398163397447);
#422=CONICAL_SURFACE('',#6002,3.75,0.785398163397447);
#423=CONICAL_SURFACE('',#6006,3.75,0.785398163397447);
#424=CONICAL_SURFACE('',#6010,3.75,0.785398163397447);
#425=CONICAL_SURFACE('',#6027,2.,0.785398163397449);
#426=CONICAL_SURFACE('',#6031,2.,0.785398163397449);
#427=CONICAL_SURFACE('',#6044,2.,0.785398163397454);
#428=CONICAL_SURFACE('',#6049,0.5,0.78539816339745);
#429=CONICAL_SURFACE('',#6051,0.499999999999998,0.785398163397448);
#430=CONICAL_SURFACE('',#6053,0.500000000006319,0.785398163403769);
#431=CONICAL_SURFACE('',#6055,0.500000000000002,0.785398163397452);
#432=CONICAL_SURFACE('',#6057,0.5,0.785398163397451);
#433=CONICAL_SURFACE('',#6059,0.500000000000002,0.785398163397452);
#434=CONICAL_SURFACE('',#6071,2.25,0.785398163397452);
#435=CONICAL_SURFACE('',#6074,80.75,0.785398163397475);
#436=CONICAL_SURFACE('',#6077,0.500000000001046,0.785398163398496);
#437=CONICAL_SURFACE('',#6079,0.499999999998302,0.785398163395752);
#438=CONICAL_SURFACE('',#6082,0.499999999999999,0.78539816339745);
#439=CONICAL_SURFACE('',#6085,8.75000000000002,0.785398163397451);
#440=CONICAL_SURFACE('',#6088,0.750000000000001,0.785398163397451);
#441=CONICAL_SURFACE('',#6091,0.749999999999998,0.785398163397449);
#442=CONICAL_SURFACE('',#6094,0.499999999999998,0.785398163397448);
#443=CONICAL_SURFACE('',#6096,0.500000000002561,0.785398163400011);
#444=CONICAL_SURFACE('',#6098,0.499999999996789,0.785398163394239);
#445=CONICAL_SURFACE('',#6101,0.500000000000008,0.785398163397459);
#446=CONICAL_SURFACE('',#6103,0.5,0.78539816339745);
#447=CONICAL_SURFACE('',#6412,0.5,0.785398163397448);
#448=CONICAL_SURFACE('',#6415,0.5,0.785398163397448);
#449=CONICAL_SURFACE('',#6416,0.5,0.785398163397448);
#450=CONICAL_SURFACE('',#6419,0.5,0.785398163397448);
#451=CONICAL_SURFACE('',#6420,0.5,0.785398163397448);
#452=CONICAL_SURFACE('',#6423,2.25,0.785398163397448);
#453=CONICAL_SURFACE('',#6424,0.5,0.785398163397448);
#454=CONICAL_SURFACE('',#6427,8.5,0.78539816339745);
#455=CONICAL_SURFACE('',#6428,0.5,0.785398163397448);
#456=CONICAL_SURFACE('',#6431,0.5,0.785398163397448);
#457=CONICAL_SURFACE('',#6432,2.25,0.785398163397448);
#458=CONICAL_SURFACE('',#6435,0.5,0.785398163397448);
#459=CONICAL_SURFACE('',#6436,2.25,0.78539816339745);
#460=CONICAL_SURFACE('',#6439,8.50000000000002,0.785398163397445);
#461=CONICAL_SURFACE('',#6440,0.5,0.785398163397448);
#462=CONICAL_SURFACE('',#6443,0.5,0.785398163397448);
#463=CONICAL_SURFACE('',#6445,2.24999999999999,0.785398163397439);
#464=CONICAL_SURFACE('',#6446,2.24999999999999,0.785398163397442);
#465=CONICAL_SURFACE('',#6449,2.24999999999999,0.785398163397442);
#466=CONICAL_SURFACE('',#6450,2.25,0.785398163397453);
#467=CONICAL_SURFACE('',#6453,0.500000000000007,0.785398163397455);
#468=CONICAL_SURFACE('',#6454,0.500000000000007,0.785398163397455);
#469=CONICAL_SURFACE('',#6457,0.500000000000007,0.785398163397455);
#470=CONICAL_SURFACE('',#6458,0.500000000000007,0.785398163397455);
#471=CONICAL_SURFACE('',#6461,2.25,0.785398163397452);
#472=CONICAL_SURFACE('',#6462,2.25,0.785398163397452);
#473=CONICAL_SURFACE('',#6465,0.500000000000007,0.785398163397455);
#474=CONICAL_SURFACE('',#6466,0.500000000000007,0.785398163397455);
#475=CONICAL_SURFACE('',#6469,0.500000000000007,0.785398163397455);
#476=CONICAL_SURFACE('',#6470,0.500000000000007,0.785398163397455);
#477=CONICAL_SURFACE('',#6473,2.25000000000001,0.785398163397457);
#478=CONICAL_SURFACE('',#6474,0.499999999973036,0.785398163397448);
#479=CONICAL_SURFACE('',#6477,0.499999999973036,0.785398163397448);
#480=CONICAL_SURFACE('',#6478,2.24999999997304,0.785398163397448);
#481=CONICAL_SURFACE('',#6481,8.50000000002696,0.78539816339745);
#482=CONICAL_SURFACE('',#6482,2.24999999997304,0.785398163397449);
#483=CONICAL_SURFACE('',#6485,0.499999999973036,0.785398163397448);
#484=CONICAL_SURFACE('',#6486,0.499999999973036,0.785398163397448);
#485=CONICAL_SURFACE('',#6489,0.499999999973036,0.785398163397448);
#486=CONICAL_SURFACE('',#6490,0.499999999973036,0.785398163397448);
#487=CONICAL_SURFACE('',#6493,8.50000000002698,0.785398163397448);
#488=CONICAL_SURFACE('',#6495,2.25000000000002,0.785398163397453);
#489=CONICAL_SURFACE('',#6496,2.25000000000002,0.785398163397457);
#490=CONICAL_SURFACE('',#6499,2.25000000000002,0.785398163397456);
#491=CONICAL_SURFACE('',#6500,0.5,0.785398163397448);
#492=CONICAL_SURFACE('',#6503,0.5,0.785398163397448);
#493=CONICAL_SURFACE('',#6504,0.5,0.785398163397448);
#494=CONICAL_SURFACE('',#6507,0.5,0.785398163397448);
#495=CONICAL_SURFACE('',#6508,2.25,0.785398163397448);
#496=CONICAL_SURFACE('',#6511,0.5,0.785398163397448);
#497=CONICAL_SURFACE('',#6512,2.25,0.785398163397448);
#498=CONICAL_SURFACE('',#6515,0.5,0.785398163397448);
#499=CONICAL_SURFACE('',#6516,0.5,0.785398163397448);
#500=CONICAL_SURFACE('',#6519,2.25,0.785398163397448);
#501=CONICAL_SURFACE('',#6520,0.5,0.785398163397448);
#502=CONICAL_SURFACE('',#6523,2.25,0.785398163397448);
#503=CONICAL_SURFACE('',#6525,3.5,0.785398163397445);
#504=CONICAL_SURFACE('',#6526,3.5,0.785398163397448);
#505=CONICAL_SURFACE('',#6529,3.5,0.785398163397448);
#506=CONICAL_SURFACE('',#6530,3.5,0.785398163397445);
#507=FACE_OUTER_BOUND('',#879,.T.);
#508=FACE_OUTER_BOUND('',#880,.T.);
#509=FACE_OUTER_BOUND('',#881,.T.);
#510=FACE_OUTER_BOUND('',#882,.T.);
#511=FACE_OUTER_BOUND('',#883,.T.);
#512=FACE_OUTER_BOUND('',#884,.T.);
#513=FACE_OUTER_BOUND('',#885,.T.);
#514=FACE_OUTER_BOUND('',#886,.T.);
#515=FACE_OUTER_BOUND('',#887,.T.);
#516=FACE_OUTER_BOUND('',#888,.T.);
#517=FACE_OUTER_BOUND('',#889,.T.);
#518=FACE_OUTER_BOUND('',#890,.T.);
#519=FACE_OUTER_BOUND('',#891,.T.);
#520=FACE_OUTER_BOUND('',#892,.T.);
#521=FACE_OUTER_BOUND('',#893,.T.);
#522=FACE_OUTER_BOUND('',#894,.T.);
#523=FACE_OUTER_BOUND('',#895,.T.);
#524=FACE_OUTER_BOUND('',#896,.T.);
#525=FACE_OUTER_BOUND('',#897,.T.);
#526=FACE_OUTER_BOUND('',#898,.T.);
#527=FACE_OUTER_BOUND('',#899,.T.);
#528=FACE_OUTER_BOUND('',#900,.T.);
#529=FACE_OUTER_BOUND('',#901,.T.);
#530=FACE_OUTER_BOUND('',#902,.T.);
#531=FACE_OUTER_BOUND('',#903,.T.);
#532=FACE_OUTER_BOUND('',#904,.T.);
#533=FACE_OUTER_BOUND('',#905,.T.);
#534=FACE_OUTER_BOUND('',#906,.T.);
#535=FACE_OUTER_BOUND('',#907,.T.);
#536=FACE_OUTER_BOUND('',#908,.T.);
#537=FACE_OUTER_BOUND('',#910,.T.);
#538=FACE_OUTER_BOUND('',#911,.T.);
#539=FACE_OUTER_BOUND('',#912,.T.);
#540=FACE_OUTER_BOUND('',#913,.T.);
#541=FACE_OUTER_BOUND('',#914,.T.);
#542=FACE_OUTER_BOUND('',#915,.T.);
#543=FACE_OUTER_BOUND('',#916,.T.);
#544=FACE_OUTER_BOUND('',#917,.T.);
#545=FACE_OUTER_BOUND('',#918,.T.);
#546=FACE_OUTER_BOUND('',#919,.T.);
#547=FACE_OUTER_BOUND('',#920,.T.);
#548=FACE_OUTER_BOUND('',#921,.T.);
#549=FACE_OUTER_BOUND('',#922,.T.);
#550=FACE_OUTER_BOUND('',#923,.T.);
#551=FACE_OUTER_BOUND('',#924,.T.);
#552=FACE_OUTER_BOUND('',#925,.T.);
#553=FACE_OUTER_BOUND('',#926,.T.);
#554=FACE_OUTER_BOUND('',#927,.T.);
#555=FACE_OUTER_BOUND('',#928,.T.);
#556=FACE_OUTER_BOUND('',#929,.T.);
#557=FACE_OUTER_BOUND('',#930,.T.);
#558=FACE_OUTER_BOUND('',#931,.T.);
#559=FACE_OUTER_BOUND('',#932,.T.);
#560=FACE_OUTER_BOUND('',#933,.T.);
#561=FACE_OUTER_BOUND('',#934,.T.);
#562=FACE_OUTER_BOUND('',#935,.T.);
#563=FACE_OUTER_BOUND('',#936,.T.);
#564=FACE_OUTER_BOUND('',#937,.T.);
#565=FACE_OUTER_BOUND('',#938,.T.);
#566=FACE_OUTER_BOUND('',#939,.T.);
#567=FACE_OUTER_BOUND('',#940,.T.);
#568=FACE_OUTER_BOUND('',#941,.T.);
#569=FACE_OUTER_BOUND('',#942,.T.);
#570=FACE_OUTER_BOUND('',#943,.T.);
#571=FACE_OUTER_BOUND('',#944,.T.);
#572=FACE_OUTER_BOUND('',#945,.T.);
#573=FACE_OUTER_BOUND('',#946,.T.);
#574=FACE_OUTER_BOUND('',#947,.T.);
#575=FACE_OUTER_BOUND('',#948,.T.);
#576=FACE_OUTER_BOUND('',#949,.T.);
#577=FACE_OUTER_BOUND('',#950,.T.);
#578=FACE_OUTER_BOUND('',#951,.T.);
#579=FACE_OUTER_BOUND('',#952,.T.);
#580=FACE_OUTER_BOUND('',#953,.T.);
#581=FACE_OUTER_BOUND('',#954,.T.);
#582=FACE_OUTER_BOUND('',#955,.T.);
#583=FACE_OUTER_BOUND('',#956,.T.);
#584=FACE_OUTER_BOUND('',#957,.T.);
#585=FACE_OUTER_BOUND('',#958,.T.);
#586=FACE_OUTER_BOUND('',#959,.T.);
#587=FACE_OUTER_BOUND('',#960,.T.);
#588=FACE_OUTER_BOUND('',#961,.T.);
#589=FACE_OUTER_BOUND('',#962,.T.);
#590=FACE_OUTER_BOUND('',#963,.T.);
#591=FACE_OUTER_BOUND('',#964,.T.);
#592=FACE_OUTER_BOUND('',#965,.T.);
#593=FACE_OUTER_BOUND('',#966,.T.);
#594=FACE_OUTER_BOUND('',#967,.T.);
#595=FACE_OUTER_BOUND('',#968,.T.);
#596=FACE_OUTER_BOUND('',#969,.T.);
#597=FACE_OUTER_BOUND('',#970,.T.);
#598=FACE_OUTER_BOUND('',#971,.T.);
#599=FACE_OUTER_BOUND('',#972,.T.);
#600=FACE_OUTER_BOUND('',#973,.T.);
#601=FACE_OUTER_BOUND('',#974,.T.);
#602=FACE_OUTER_BOUND('',#975,.T.);
#603=FACE_OUTER_BOUND('',#976,.T.);
#604=FACE_OUTER_BOUND('',#977,.T.);
#605=FACE_OUTER_BOUND('',#978,.T.);
#606=FACE_OUTER_BOUND('',#979,.T.);
#607=FACE_OUTER_BOUND('',#980,.T.);
#608=FACE_OUTER_BOUND('',#981,.T.);
#609=FACE_OUTER_BOUND('',#982,.T.);
#610=FACE_OUTER_BOUND('',#983,.T.);
#611=FACE_OUTER_BOUND('',#984,.T.);
#612=FACE_OUTER_BOUND('',#985,.T.);
#613=FACE_OUTER_BOUND('',#986,.T.);
#614=FACE_OUTER_BOUND('',#987,.T.);
#615=FACE_OUTER_BOUND('',#988,.T.);
#616=FACE_OUTER_BOUND('',#989,.T.);
#617=FACE_OUTER_BOUND('',#990,.T.);
#618=FACE_OUTER_BOUND('',#991,.T.);
#619=FACE_OUTER_BOUND('',#999,.T.);
#620=FACE_OUTER_BOUND('',#1000,.T.);
#621=FACE_OUTER_BOUND('',#1001,.T.);
#622=FACE_OUTER_BOUND('',#1002,.T.);
#623=FACE_OUTER_BOUND('',#1003,.T.);
#624=FACE_OUTER_BOUND('',#1004,.T.);
#625=FACE_OUTER_BOUND('',#1005,.T.);
#626=FACE_OUTER_BOUND('',#1006,.T.);
#627=FACE_OUTER_BOUND('',#1008,.T.);
#628=FACE_OUTER_BOUND('',#1009,.T.);
#629=FACE_OUTER_BOUND('',#1010,.T.);
#630=FACE_OUTER_BOUND('',#1011,.T.);
#631=FACE_OUTER_BOUND('',#1012,.T.);
#632=FACE_OUTER_BOUND('',#1013,.T.);
#633=FACE_OUTER_BOUND('',#1014,.T.);
#634=FACE_OUTER_BOUND('',#1015,.T.);
#635=FACE_OUTER_BOUND('',#1016,.T.);
#636=FACE_OUTER_BOUND('',#1017,.T.);
#637=FACE_OUTER_BOUND('',#1018,.T.);
#638=FACE_OUTER_BOUND('',#1019,.T.);
#639=FACE_OUTER_BOUND('',#1020,.T.);
#640=FACE_OUTER_BOUND('',#1021,.T.);
#641=FACE_OUTER_BOUND('',#1022,.T.);
#642=FACE_OUTER_BOUND('',#1023,.T.);
#643=FACE_OUTER_BOUND('',#1024,.T.);
#644=FACE_OUTER_BOUND('',#1025,.T.);
#645=FACE_OUTER_BOUND('',#1026,.T.);
#646=FACE_OUTER_BOUND('',#1027,.T.);
#647=FACE_OUTER_BOUND('',#1028,.T.);
#648=FACE_OUTER_BOUND('',#1029,.T.);
#649=FACE_OUTER_BOUND('',#1030,.T.);
#650=FACE_OUTER_BOUND('',#1031,.T.);
#651=FACE_OUTER_BOUND('',#1032,.T.);
#652=FACE_OUTER_BOUND('',#1033,.T.);
#653=FACE_OUTER_BOUND('',#1034,.T.);
#654=FACE_OUTER_BOUND('',#1035,.T.);
#655=FACE_OUTER_BOUND('',#1036,.T.);
#656=FACE_OUTER_BOUND('',#1037,.T.);
#657=FACE_OUTER_BOUND('',#1038,.T.);
#658=FACE_OUTER_BOUND('',#1039,.T.);
#659=FACE_OUTER_BOUND('',#1040,.T.);
#660=FACE_OUTER_BOUND('',#1041,.T.);
#661=FACE_OUTER_BOUND('',#1043,.T.);
#662=FACE_OUTER_BOUND('',#1044,.T.);
#663=FACE_OUTER_BOUND('',#1045,.T.);
#664=FACE_OUTER_BOUND('',#1046,.T.);
#665=FACE_OUTER_BOUND('',#1047,.T.);
#666=FACE_OUTER_BOUND('',#1048,.T.);
#667=FACE_OUTER_BOUND('',#1049,.T.);
#668=FACE_OUTER_BOUND('',#1050,.T.);
#669=FACE_OUTER_BOUND('',#1051,.T.);
#670=FACE_OUTER_BOUND('',#1052,.T.);
#671=FACE_OUTER_BOUND('',#1053,.T.);
#672=FACE_OUTER_BOUND('',#1054,.T.);
#673=FACE_OUTER_BOUND('',#1055,.T.);
#674=FACE_OUTER_BOUND('',#1056,.T.);
#675=FACE_OUTER_BOUND('',#1057,.T.);
#676=FACE_OUTER_BOUND('',#1058,.T.);
#677=FACE_OUTER_BOUND('',#1059,.T.);
#678=FACE_OUTER_BOUND('',#1060,.T.);
#679=FACE_OUTER_BOUND('',#1061,.T.);
#680=FACE_OUTER_BOUND('',#1062,.T.);
#681=FACE_OUTER_BOUND('',#1063,.T.);
#682=FACE_OUTER_BOUND('',#1064,.T.);
#683=FACE_OUTER_BOUND('',#1065,.T.);
#684=FACE_OUTER_BOUND('',#1066,.T.);
#685=FACE_OUTER_BOUND('',#1067,.T.);
#686=FACE_OUTER_BOUND('',#1068,.T.);
#687=FACE_OUTER_BOUND('',#1069,.T.);
#688=FACE_OUTER_BOUND('',#1070,.T.);
#689=FACE_OUTER_BOUND('',#1071,.T.);
#690=FACE_OUTER_BOUND('',#1072,.T.);
#691=FACE_OUTER_BOUND('',#1073,.T.);
#692=FACE_OUTER_BOUND('',#1074,.T.);
#693=FACE_OUTER_BOUND('',#1075,.T.);
#694=FACE_OUTER_BOUND('',#1076,.T.);
#695=FACE_OUTER_BOUND('',#1077,.T.);
#696=FACE_OUTER_BOUND('',#1078,.T.);
#697=FACE_OUTER_BOUND('',#1079,.T.);
#698=FACE_OUTER_BOUND('',#1080,.T.);
#699=FACE_OUTER_BOUND('',#1081,.T.);
#700=FACE_OUTER_BOUND('',#1082,.T.);
#701=FACE_OUTER_BOUND('',#1083,.T.);
#702=FACE_OUTER_BOUND('',#1084,.T.);
#703=FACE_OUTER_BOUND('',#1085,.T.);
#704=FACE_OUTER_BOUND('',#1086,.T.);
#705=FACE_OUTER_BOUND('',#1087,.T.);
#706=FACE_OUTER_BOUND('',#1088,.T.);
#707=FACE_OUTER_BOUND('',#1089,.T.);
#708=FACE_OUTER_BOUND('',#1090,.T.);
#709=FACE_OUTER_BOUND('',#1091,.T.);
#710=FACE_OUTER_BOUND('',#1092,.T.);
#711=FACE_OUTER_BOUND('',#1093,.T.);
#712=FACE_OUTER_BOUND('',#1094,.T.);
#713=FACE_OUTER_BOUND('',#1095,.T.);
#714=FACE_OUTER_BOUND('',#1096,.T.);
#715=FACE_OUTER_BOUND('',#1097,.T.);
#716=FACE_OUTER_BOUND('',#1098,.T.);
#717=FACE_OUTER_BOUND('',#1099,.T.);
#718=FACE_OUTER_BOUND('',#1100,.T.);
#719=FACE_OUTER_BOUND('',#1101,.T.);
#720=FACE_OUTER_BOUND('',#1102,.T.);
#721=FACE_OUTER_BOUND('',#1103,.T.);
#722=FACE_OUTER_BOUND('',#1104,.T.);
#723=FACE_OUTER_BOUND('',#1105,.T.);
#724=FACE_OUTER_BOUND('',#1106,.T.);
#725=FACE_OUTER_BOUND('',#1107,.T.);
#726=FACE_OUTER_BOUND('',#1108,.T.);
#727=FACE_OUTER_BOUND('',#1109,.T.);
#728=FACE_OUTER_BOUND('',#1110,.T.);
#729=FACE_OUTER_BOUND('',#1111,.T.);
#730=FACE_OUTER_BOUND('',#1112,.T.);
#731=FACE_OUTER_BOUND('',#1113,.T.);
#732=FACE_OUTER_BOUND('',#1114,.T.);
#733=FACE_OUTER_BOUND('',#1115,.T.);
#734=FACE_OUTER_BOUND('',#1116,.T.);
#735=FACE_OUTER_BOUND('',#1117,.T.);
#736=FACE_OUTER_BOUND('',#1118,.T.);
#737=FACE_OUTER_BOUND('',#1119,.T.);
#738=FACE_OUTER_BOUND('',#1120,.T.);
#739=FACE_OUTER_BOUND('',#1121,.T.);
#740=FACE_OUTER_BOUND('',#1122,.T.);
#741=FACE_OUTER_BOUND('',#1123,.T.);
#742=FACE_OUTER_BOUND('',#1124,.T.);
#743=FACE_OUTER_BOUND('',#1125,.T.);
#744=FACE_OUTER_BOUND('',#1126,.T.);
#745=FACE_OUTER_BOUND('',#1127,.T.);
#746=FACE_OUTER_BOUND('',#1128,.T.);
#747=FACE_OUTER_BOUND('',#1129,.T.);
#748=FACE_OUTER_BOUND('',#1130,.T.);
#749=FACE_OUTER_BOUND('',#1131,.T.);
#750=FACE_OUTER_BOUND('',#1132,.T.);
#751=FACE_OUTER_BOUND('',#1133,.T.);
#752=FACE_OUTER_BOUND('',#1134,.T.);
#753=FACE_OUTER_BOUND('',#1135,.T.);
#754=FACE_OUTER_BOUND('',#1136,.T.);
#755=FACE_OUTER_BOUND('',#1137,.T.);
#756=FACE_OUTER_BOUND('',#1138,.T.);
#757=FACE_OUTER_BOUND('',#1139,.T.);
#758=FACE_OUTER_BOUND('',#1140,.T.);
#759=FACE_OUTER_BOUND('',#1141,.T.);
#760=FACE_OUTER_BOUND('',#1142,.T.);
#761=FACE_OUTER_BOUND('',#1143,.T.);
#762=FACE_OUTER_BOUND('',#1144,.T.);
#763=FACE_OUTER_BOUND('',#1145,.T.);
#764=FACE_OUTER_BOUND('',#1146,.T.);
#765=FACE_OUTER_BOUND('',#1147,.T.);
#766=FACE_OUTER_BOUND('',#1148,.T.);
#767=FACE_OUTER_BOUND('',#1149,.T.);
#768=FACE_OUTER_BOUND('',#1150,.T.);
#769=FACE_OUTER_BOUND('',#1151,.T.);
#770=FACE_OUTER_BOUND('',#1152,.T.);
#771=FACE_OUTER_BOUND('',#1153,.T.);
#772=FACE_OUTER_BOUND('',#1154,.T.);
#773=FACE_OUTER_BOUND('',#1155,.T.);
#774=FACE_OUTER_BOUND('',#1156,.T.);
#775=FACE_OUTER_BOUND('',#1157,.T.);
#776=FACE_OUTER_BOUND('',#1158,.T.);
#777=FACE_OUTER_BOUND('',#1159,.T.);
#778=FACE_OUTER_BOUND('',#1160,.T.);
#779=FACE_OUTER_BOUND('',#1161,.T.);
#780=FACE_OUTER_BOUND('',#1162,.T.);
#781=FACE_OUTER_BOUND('',#1163,.T.);
#782=FACE_OUTER_BOUND('',#1164,.T.);
#783=FACE_OUTER_BOUND('',#1165,.T.);
#784=FACE_OUTER_BOUND('',#1166,.T.);
#785=FACE_OUTER_BOUND('',#1167,.T.);
#786=FACE_OUTER_BOUND('',#1168,.T.);
#787=FACE_OUTER_BOUND('',#1169,.T.);
#788=FACE_OUTER_BOUND('',#1170,.T.);
#789=FACE_OUTER_BOUND('',#1171,.T.);
#790=FACE_OUTER_BOUND('',#1172,.T.);
#791=FACE_OUTER_BOUND('',#1173,.T.);
#792=FACE_OUTER_BOUND('',#1174,.T.);
#793=FACE_OUTER_BOUND('',#1175,.T.);
#794=FACE_OUTER_BOUND('',#1176,.T.);
#795=FACE_OUTER_BOUND('',#1177,.T.);
#796=FACE_OUTER_BOUND('',#1178,.T.);
#797=FACE_OUTER_BOUND('',#1179,.T.);
#798=FACE_OUTER_BOUND('',#1180,.T.);
#799=FACE_OUTER_BOUND('',#1181,.T.);
#800=FACE_OUTER_BOUND('',#1182,.T.);
#801=FACE_OUTER_BOUND('',#1183,.T.);
#802=FACE_OUTER_BOUND('',#1184,.T.);
#803=FACE_OUTER_BOUND('',#1185,.T.);
#804=FACE_OUTER_BOUND('',#1186,.T.);
#805=FACE_OUTER_BOUND('',#1187,.T.);
#806=FACE_OUTER_BOUND('',#1188,.T.);
#807=FACE_OUTER_BOUND('',#1189,.T.);
#808=FACE_OUTER_BOUND('',#1190,.T.);
#809=FACE_OUTER_BOUND('',#1191,.T.);
#810=FACE_OUTER_BOUND('',#1192,.T.);
#811=FACE_OUTER_BOUND('',#1193,.T.);
#812=FACE_OUTER_BOUND('',#1194,.T.);
#813=FACE_OUTER_BOUND('',#1195,.T.);
#814=FACE_OUTER_BOUND('',#1196,.T.);
#815=FACE_OUTER_BOUND('',#1197,.T.);
#816=FACE_OUTER_BOUND('',#1198,.T.);
#817=FACE_OUTER_BOUND('',#1199,.T.);
#818=FACE_OUTER_BOUND('',#1200,.T.);
#819=FACE_OUTER_BOUND('',#1201,.T.);
#820=FACE_OUTER_BOUND('',#1202,.T.);
#821=FACE_OUTER_BOUND('',#1203,.T.);
#822=FACE_OUTER_BOUND('',#1204,.T.);
#823=FACE_OUTER_BOUND('',#1205,.T.);
#824=FACE_OUTER_BOUND('',#1206,.T.);
#825=FACE_OUTER_BOUND('',#1207,.T.);
#826=FACE_OUTER_BOUND('',#1208,.T.);
#827=FACE_OUTER_BOUND('',#1209,.T.);
#828=FACE_OUTER_BOUND('',#1210,.T.);
#829=FACE_OUTER_BOUND('',#1211,.T.);
#830=FACE_OUTER_BOUND('',#1212,.T.);
#831=FACE_OUTER_BOUND('',#1213,.T.);
#832=FACE_OUTER_BOUND('',#1214,.T.);
#833=FACE_OUTER_BOUND('',#1215,.T.);
#834=FACE_OUTER_BOUND('',#1216,.T.);
#835=FACE_OUTER_BOUND('',#1217,.T.);
#836=FACE_OUTER_BOUND('',#1218,.T.);
#837=FACE_OUTER_BOUND('',#1219,.T.);
#838=FACE_OUTER_BOUND('',#1220,.T.);
#839=FACE_OUTER_BOUND('',#1221,.T.);
#840=FACE_OUTER_BOUND('',#1222,.T.);
#841=FACE_OUTER_BOUND('',#1223,.T.);
#842=FACE_OUTER_BOUND('',#1224,.T.);
#843=FACE_OUTER_BOUND('',#1225,.T.);
#844=FACE_OUTER_BOUND('',#1226,.T.);
#845=FACE_OUTER_BOUND('',#1227,.T.);
#846=FACE_OUTER_BOUND('',#1228,.T.);
#847=FACE_OUTER_BOUND('',#1229,.T.);
#848=FACE_OUTER_BOUND('',#1230,.T.);
#849=FACE_OUTER_BOUND('',#1231,.T.);
#850=FACE_OUTER_BOUND('',#1232,.T.);
#851=FACE_OUTER_BOUND('',#1233,.T.);
#852=FACE_OUTER_BOUND('',#1234,.T.);
#853=FACE_OUTER_BOUND('',#1235,.T.);
#854=FACE_OUTER_BOUND('',#1236,.T.);
#855=FACE_OUTER_BOUND('',#1237,.T.);
#856=FACE_OUTER_BOUND('',#1238,.T.);
#857=FACE_OUTER_BOUND('',#1239,.T.);
#858=FACE_OUTER_BOUND('',#1240,.T.);
#859=FACE_OUTER_BOUND('',#1241,.T.);
#860=FACE_OUTER_BOUND('',#1242,.T.);
#861=FACE_OUTER_BOUND('',#1243,.T.);
#862=FACE_OUTER_BOUND('',#1244,.T.);
#863=FACE_OUTER_BOUND('',#1245,.T.);
#864=FACE_OUTER_BOUND('',#1246,.T.);
#865=FACE_OUTER_BOUND('',#1247,.T.);
#866=FACE_OUTER_BOUND('',#1248,.T.);
#867=FACE_OUTER_BOUND('',#1249,.T.);
#868=FACE_OUTER_BOUND('',#1250,.T.);
#869=FACE_OUTER_BOUND('',#1251,.T.);
#870=FACE_OUTER_BOUND('',#1252,.T.);
#871=FACE_OUTER_BOUND('',#1253,.T.);
#872=FACE_OUTER_BOUND('',#1254,.T.);
#873=FACE_OUTER_BOUND('',#1255,.T.);
#874=FACE_OUTER_BOUND('',#1256,.T.);
#875=FACE_OUTER_BOUND('',#1257,.T.);
#876=FACE_OUTER_BOUND('',#1258,.T.);
#877=FACE_OUTER_BOUND('',#1259,.T.);
#878=FACE_OUTER_BOUND('',#1260,.T.);
#879=EDGE_LOOP('',(#3749,#3750,#3751,#3752));
#880=EDGE_LOOP('',(#3753,#3754,#3755,#3756));
#881=EDGE_LOOP('',(#3757,#3758,#3759,#3760));
#882=EDGE_LOOP('',(#3761,#3762,#3763,#3764));
#883=EDGE_LOOP('',(#3765,#3766,#3767,#3768));
#884=EDGE_LOOP('',(#3769,#3770,#3771,#3772));
#885=EDGE_LOOP('',(#3773,#3774,#3775,#3776));
#886=EDGE_LOOP('',(#3777,#3778,#3779,#3780));
#887=EDGE_LOOP('',(#3781,#3782,#3783,#3784));
#888=EDGE_LOOP('',(#3785,#3786,#3787,#3788));
#889=EDGE_LOOP('',(#3789,#3790,#3791,#3792));
#890=EDGE_LOOP('',(#3793,#3794,#3795,#3796));
#891=EDGE_LOOP('',(#3797,#3798,#3799,#3800,#3801,#3802,#3803,#3804));
#892=EDGE_LOOP('',(#3805,#3806,#3807,#3808));
#893=EDGE_LOOP('',(#3809,#3810,#3811,#3812));
#894=EDGE_LOOP('',(#3813,#3814,#3815,#3816));
#895=EDGE_LOOP('',(#3817,#3818,#3819,#3820));
#896=EDGE_LOOP('',(#3821,#3822,#3823,#3824));
#897=EDGE_LOOP('',(#3825,#3826,#3827,#3828));
#898=EDGE_LOOP('',(#3829,#3830,#3831,#3832));
#899=EDGE_LOOP('',(#3833,#3834,#3835,#3836));
#900=EDGE_LOOP('',(#3837,#3838,#3839,#3840));
#901=EDGE_LOOP('',(#3841,#3842,#3843,#3844));
#902=EDGE_LOOP('',(#3845,#3846,#3847,#3848));
#903=EDGE_LOOP('',(#3849,#3850,#3851,#3852));
#904=EDGE_LOOP('',(#3853,#3854,#3855,#3856));
#905=EDGE_LOOP('',(#3857,#3858,#3859,#3860));
#906=EDGE_LOOP('',(#3861,#3862,#3863,#3864));
#907=EDGE_LOOP('',(#3865,#3866,#3867,#3868));
#908=EDGE_LOOP('',(#3869,#3870,#3871,#3872,#3873,#3874,#3875,#3876,#3877,
#3878,#3879,#3880,#3881));
#909=EDGE_LOOP('',(#3882,#3883,#3884,#3885,#3886,#3887,#3888,#3889));
#910=EDGE_LOOP('',(#3890,#3891,#3892,#3893));
#911=EDGE_LOOP('',(#3894,#3895,#3896,#3897));
#912=EDGE_LOOP('',(#3898,#3899,#3900,#3901));
#913=EDGE_LOOP('',(#3902,#3903,#3904,#3905));
#914=EDGE_LOOP('',(#3906,#3907,#3908,#3909));
#915=EDGE_LOOP('',(#3910,#3911,#3912,#3913));
#916=EDGE_LOOP('',(#3914,#3915,#3916,#3917));
#917=EDGE_LOOP('',(#3918,#3919,#3920,#3921));
#918=EDGE_LOOP('',(#3922,#3923,#3924,#3925));
#919=EDGE_LOOP('',(#3926,#3927,#3928,#3929));
#920=EDGE_LOOP('',(#3930,#3931,#3932,#3933));
#921=EDGE_LOOP('',(#3934,#3935,#3936,#3937));
#922=EDGE_LOOP('',(#3938,#3939,#3940,#3941));
#923=EDGE_LOOP('',(#3942,#3943,#3944));
#924=EDGE_LOOP('',(#3945,#3946,#3947));
#925=EDGE_LOOP('',(#3948,#3949,#3950));
#926=EDGE_LOOP('',(#3951,#3952,#3953));
#927=EDGE_LOOP('',(#3954,#3955,#3956));
#928=EDGE_LOOP('',(#3957,#3958,#3959));
#929=EDGE_LOOP('',(#3960,#3961,#3962,#3963));
#930=EDGE_LOOP('',(#3964,#3965,#3966,#3967));
#931=EDGE_LOOP('',(#3968,#3969,#3970,#3971));
#932=EDGE_LOOP('',(#3972,#3973,#3974,#3975));
#933=EDGE_LOOP('',(#3976,#3977,#3978,#3979));
#934=EDGE_LOOP('',(#3980,#3981,#3982,#3983));
#935=EDGE_LOOP('',(#3984,#3985,#3986,#3987));
#936=EDGE_LOOP('',(#3988,#3989,#3990,#3991));
#937=EDGE_LOOP('',(#3992,#3993,#3994,#3995));
#938=EDGE_LOOP('',(#3996,#3997,#3998,#3999));
#939=EDGE_LOOP('',(#4000,#4001,#4002,#4003));
#940=EDGE_LOOP('',(#4004,#4005,#4006,#4007));
#941=EDGE_LOOP('',(#4008,#4009,#4010,#4011));
#942=EDGE_LOOP('',(#4012,#4013,#4014,#4015));
#943=EDGE_LOOP('',(#4016,#4017,#4018,#4019));
#944=EDGE_LOOP('',(#4020,#4021,#4022,#4023));
#945=EDGE_LOOP('',(#4024,#4025,#4026,#4027));
#946=EDGE_LOOP('',(#4028,#4029,#4030,#4031));
#947=EDGE_LOOP('',(#4032,#4033,#4034));
#948=EDGE_LOOP('',(#4035,#4036,#4037,#4038));
#949=EDGE_LOOP('',(#4039,#4040,#4041));
#950=EDGE_LOOP('',(#4042,#4043,#4044,#4045));
#951=EDGE_LOOP('',(#4046,#4047,#4048));
#952=EDGE_LOOP('',(#4049,#4050,#4051,#4052));
#953=EDGE_LOOP('',(#4053,#4054,#4055,#4056));
#954=EDGE_LOOP('',(#4057,#4058,#4059,#4060));
#955=EDGE_LOOP('',(#4061,#4062,#4063,#4064));
#956=EDGE_LOOP('',(#4065,#4066,#4067,#4068));
#957=EDGE_LOOP('',(#4069,#4070,#4071,#4072));
#958=EDGE_LOOP('',(#4073,#4074,#4075,#4076));
#959=EDGE_LOOP('',(#4077,#4078,#4079,#4080));
#960=EDGE_LOOP('',(#4081,#4082,#4083));
#961=EDGE_LOOP('',(#4084,#4085,#4086,#4087));
#962=EDGE_LOOP('',(#4088,#4089,#4090));
#963=EDGE_LOOP('',(#4091,#4092,#4093,#4094));
#964=EDGE_LOOP('',(#4095,#4096,#4097));
#965=EDGE_LOOP('',(#4098,#4099,#4100,#4101));
#966=EDGE_LOOP('',(#4102,#4103,#4104));
#967=EDGE_LOOP('',(#4105,#4106,#4107));
#968=EDGE_LOOP('',(#4108,#4109,#4110,#4111));
#969=EDGE_LOOP('',(#4112,#4113,#4114,#4115));
#970=EDGE_LOOP('',(#4116,#4117,#4118,#4119));
#971=EDGE_LOOP('',(#4120,#4121,#4122,#4123));
#972=EDGE_LOOP('',(#4124,#4125,#4126,#4127));
#973=EDGE_LOOP('',(#4128,#4129,#4130,#4131));
#974=EDGE_LOOP('',(#4132,#4133,#4134,#4135));
#975=EDGE_LOOP('',(#4136,#4137,#4138,#4139));
#976=EDGE_LOOP('',(#4140,#4141,#4142,#4143));
#977=EDGE_LOOP('',(#4144,#4145,#4146,#4147));
#978=EDGE_LOOP('',(#4148,#4149,#4150,#4151));
#979=EDGE_LOOP('',(#4152,#4153,#4154,#4155));
#980=EDGE_LOOP('',(#4156,#4157,#4158,#4159));
#981=EDGE_LOOP('',(#4160,#4161,#4162,#4163));
#982=EDGE_LOOP('',(#4164,#4165,#4166,#4167));
#983=EDGE_LOOP('',(#4168,#4169,#4170,#4171,#4172,#4173,#4174,#4175,#4176,
#4177,#4178,#4179,#4180,#4181,#4182,#4183,#4184,#4185,#4186,#4187,#4188));
#984=EDGE_LOOP('',(#4189,#4190,#4191,#4192));
#985=EDGE_LOOP('',(#4193,#4194,#4195,#4196));
#986=EDGE_LOOP('',(#4197,#4198,#4199,#4200));
#987=EDGE_LOOP('',(#4201,#4202,#4203,#4204));
#988=EDGE_LOOP('',(#4205,#4206,#4207,#4208));
#989=EDGE_LOOP('',(#4209,#4210,#4211,#4212));
#990=EDGE_LOOP('',(#4213,#4214,#4215,#4216));
#991=EDGE_LOOP('',(#4217,#4218,#4219,#4220,#4221,#4222,#4223,#4224));
#992=EDGE_LOOP('',(#4225,#4226,#4227,#4228,#4229,#4230,#4231,#4232,#4233,
#4234,#4235,#4236,#4237,#4238,#4239,#4240,#4241,#4242,#4243));
#993=EDGE_LOOP('',(#4244,#4245,#4246,#4247,#4248,#4249,#4250,#4251,#4252,
#4253,#4254,#4255,#4256,#4257,#4258,#4259,#4260,#4261,#4262,#4263,#4264,
#4265,#4266,#4267,#4268,#4269,#4270,#4271,#4272));
#994=EDGE_LOOP('',(#4273,#4274,#4275,#4276,#4277,#4278,#4279,#4280,#4281,
#4282,#4283,#4284,#4285,#4286,#4287,#4288,#4289,#4290,#4291,#4292));
#995=EDGE_LOOP('',(#4293,#4294,#4295,#4296,#4297,#4298,#4299,#4300,#4301,
#4302,#4303,#4304));
#996=EDGE_LOOP('',(#4305,#4306,#4307,#4308,#4309,#4310,#4311,#4312,#4313,
#4314,#4315,#4316,#4317,#4318,#4319,#4320,#4321,#4322,#4323,#4324));
#997=EDGE_LOOP('',(#4325,#4326,#4327,#4328,#4329,#4330,#4331,#4332,#4333,
#4334,#4335,#4336,#4337,#4338,#4339,#4340,#4341,#4342,#4343,#4344,#4345,
#4346,#4347,#4348));
#998=EDGE_LOOP('',(#4349,#4350,#4351,#4352,#4353,#4354,#4355,#4356,#4357,
#4358,#4359,#4360,#4361,#4362,#4363,#4364,#4365,#4366,#4367,#4368,#4369,
#4370,#4371,#4372));
#999=EDGE_LOOP('',(#4373,#4374,#4375,#4376));
#1000=EDGE_LOOP('',(#4377,#4378,#4379,#4380));
#1001=EDGE_LOOP('',(#4381,#4382,#4383,#4384));
#1002=EDGE_LOOP('',(#4385,#4386,#4387,#4388));
#1003=EDGE_LOOP('',(#4389,#4390,#4391,#4392));
#1004=EDGE_LOOP('',(#4393,#4394,#4395,#4396));
#1005=EDGE_LOOP('',(#4397,#4398,#4399,#4400,#4401,#4402,#4403));
#1006=EDGE_LOOP('',(#4404,#4405,#4406,#4407,#4408,#4409,#4410,#4411,#4412,
#4413,#4414,#4415,#4416,#4417));
#1007=EDGE_LOOP('',(#4418,#4419,#4420,#4421,#4422,#4423));
#1008=EDGE_LOOP('',(#4424,#4425,#4426,#4427));
#1009=EDGE_LOOP('',(#4428,#4429,#4430,#4431));
#1010=EDGE_LOOP('',(#4432,#4433,#4434,#4435));
#1011=EDGE_LOOP('',(#4436,#4437,#4438,#4439));
#1012=EDGE_LOOP('',(#4440,#4441,#4442,#4443));
#1013=EDGE_LOOP('',(#4444,#4445,#4446,#4447));
#1014=EDGE_LOOP('',(#4448,#4449,#4450,#4451));
#1015=EDGE_LOOP('',(#4452,#4453,#4454,#4455));
#1016=EDGE_LOOP('',(#4456,#4457,#4458,#4459));
#1017=EDGE_LOOP('',(#4460,#4461,#4462,#4463));
#1018=EDGE_LOOP('',(#4464,#4465,#4466,#4467));
#1019=EDGE_LOOP('',(#4468,#4469,#4470,#4471));
#1020=EDGE_LOOP('',(#4472,#4473,#4474,#4475));
#1021=EDGE_LOOP('',(#4476,#4477,#4478,#4479));
#1022=EDGE_LOOP('',(#4480,#4481,#4482,#4483));
#1023=EDGE_LOOP('',(#4484,#4485,#4486,#4487));
#1024=EDGE_LOOP('',(#4488,#4489,#4490,#4491));
#1025=EDGE_LOOP('',(#4492,#4493,#4494,#4495));
#1026=EDGE_LOOP('',(#4496,#4497,#4498,#4499));
#1027=EDGE_LOOP('',(#4500,#4501,#4502,#4503));
#1028=EDGE_LOOP('',(#4504,#4505,#4506,#4507));
#1029=EDGE_LOOP('',(#4508,#4509,#4510,#4511));
#1030=EDGE_LOOP('',(#4512,#4513,#4514,#4515));
#1031=EDGE_LOOP('',(#4516,#4517,#4518,#4519,#4520,#4521,#4522,#4523,#4524,
#4525,#4526,#4527,#4528,#4529,#4530,#4531));
#1032=EDGE_LOOP('',(#4532,#4533,#4534,#4535));
#1033=EDGE_LOOP('',(#4536,#4537,#4538,#4539));
#1034=EDGE_LOOP('',(#4540,#4541,#4542,#4543));
#1035=EDGE_LOOP('',(#4544,#4545,#4546,#4547));
#1036=EDGE_LOOP('',(#4548,#4549,#4550,#4551));
#1037=EDGE_LOOP('',(#4552,#4553,#4554,#4555));
#1038=EDGE_LOOP('',(#4556,#4557,#4558,#4559));
#1039=EDGE_LOOP('',(#4560,#4561,#4562,#4563));
#1040=EDGE_LOOP('',(#4564,#4565,#4566,#4567,#4568,#4569,#4570,#4571));
#1041=EDGE_LOOP('',(#4572,#4573,#4574,#4575,#4576,#4577,#4578,#4579,#4580,
#4581,#4582,#4583,#4584,#4585));
#1042=EDGE_LOOP('',(#4586,#4587,#4588,#4589,#4590,#4591));
#1043=EDGE_LOOP('',(#4592,#4593,#4594,#4595));
#1044=EDGE_LOOP('',(#4596,#4597,#4598,#4599));
#1045=EDGE_LOOP('',(#4600,#4601,#4602,#4603));
#1046=EDGE_LOOP('',(#4604,#4605,#4606,#4607));
#1047=EDGE_LOOP('',(#4608,#4609,#4610,#4611));
#1048=EDGE_LOOP('',(#4612,#4613,#4614,#4615));
#1049=EDGE_LOOP('',(#4616,#4617,#4618,#4619));
#1050=EDGE_LOOP('',(#4620,#4621,#4622,#4623));
#1051=EDGE_LOOP('',(#4624,#4625,#4626,#4627));
#1052=EDGE_LOOP('',(#4628,#4629,#4630,#4631));
#1053=EDGE_LOOP('',(#4632,#4633,#4634,#4635));
#1054=EDGE_LOOP('',(#4636,#4637,#4638,#4639));
#1055=EDGE_LOOP('',(#4640,#4641,#4642,#4643));
#1056=EDGE_LOOP('',(#4644,#4645,#4646,#4647));
#1057=EDGE_LOOP('',(#4648,#4649,#4650,#4651));
#1058=EDGE_LOOP('',(#4652,#4653,#4654,#4655));
#1059=EDGE_LOOP('',(#4656,#4657,#4658,#4659));
#1060=EDGE_LOOP('',(#4660,#4661,#4662,#4663));
#1061=EDGE_LOOP('',(#4664,#4665,#4666,#4667));
#1062=EDGE_LOOP('',(#4668,#4669,#4670,#4671));
#1063=EDGE_LOOP('',(#4672,#4673,#4674,#4675,#4676,#4677,#4678,#4679,#4680,
#4681,#4682,#4683,#4684,#4685,#4686,#4687));
#1064=EDGE_LOOP('',(#4688,#4689,#4690,#4691));
#1065=EDGE_LOOP('',(#4692,#4693,#4694,#4695));
#1066=EDGE_LOOP('',(#4696,#4697,#4698,#4699));
#1067=EDGE_LOOP('',(#4700,#4701,#4702,#4703));
#1068=EDGE_LOOP('',(#4704,#4705,#4706,#4707));
#1069=EDGE_LOOP('',(#4708,#4709,#4710,#4711));
#1070=EDGE_LOOP('',(#4712,#4713,#4714,#4715,#4716,#4717));
#1071=EDGE_LOOP('',(#4718,#4719,#4720,#4721,#4722,#4723));
#1072=EDGE_LOOP('',(#4724,#4725,#4726,#4727));
#1073=EDGE_LOOP('',(#4728,#4729,#4730,#4731));
#1074=EDGE_LOOP('',(#4732,#4733,#4734,#4735));
#1075=EDGE_LOOP('',(#4736,#4737,#4738,#4739));
#1076=EDGE_LOOP('',(#4740,#4741,#4742,#4743));
#1077=EDGE_LOOP('',(#4744,#4745,#4746,#4747));
#1078=EDGE_LOOP('',(#4748,#4749,#4750,#4751));
#1079=EDGE_LOOP('',(#4752,#4753,#4754,#4755));
#1080=EDGE_LOOP('',(#4756,#4757,#4758,#4759));
#1081=EDGE_LOOP('',(#4760,#4761,#4762,#4763));
#1082=EDGE_LOOP('',(#4764,#4765,#4766,#4767));
#1083=EDGE_LOOP('',(#4768,#4769,#4770,#4771));
#1084=EDGE_LOOP('',(#4772,#4773,#4774,#4775));
#1085=EDGE_LOOP('',(#4776,#4777,#4778,#4779));
#1086=EDGE_LOOP('',(#4780,#4781,#4782,#4783));
#1087=EDGE_LOOP('',(#4784,#4785,#4786,#4787));
#1088=EDGE_LOOP('',(#4788,#4789,#4790,#4791));
#1089=EDGE_LOOP('',(#4792,#4793,#4794,#4795));
#1090=EDGE_LOOP('',(#4796,#4797,#4798,#4799));
#1091=EDGE_LOOP('',(#4800,#4801,#4802,#4803));
#1092=EDGE_LOOP('',(#4804,#4805,#4806,#4807));
#1093=EDGE_LOOP('',(#4808,#4809,#4810,#4811));
#1094=EDGE_LOOP('',(#4812,#4813,#4814,#4815));
#1095=EDGE_LOOP('',(#4816,#4817,#4818,#4819));
#1096=EDGE_LOOP('',(#4820,#4821,#4822,#4823));
#1097=EDGE_LOOP('',(#4824,#4825,#4826,#4827));
#1098=EDGE_LOOP('',(#4828,#4829,#4830,#4831));
#1099=EDGE_LOOP('',(#4832,#4833,#4834,#4835));
#1100=EDGE_LOOP('',(#4836,#4837,#4838,#4839));
#1101=EDGE_LOOP('',(#4840,#4841,#4842,#4843));
#1102=EDGE_LOOP('',(#4844,#4845,#4846,#4847));
#1103=EDGE_LOOP('',(#4848,#4849,#4850,#4851));
#1104=EDGE_LOOP('',(#4852,#4853,#4854,#4855));
#1105=EDGE_LOOP('',(#4856,#4857,#4858,#4859));
#1106=EDGE_LOOP('',(#4860,#4861,#4862,#4863));
#1107=EDGE_LOOP('',(#4864,#4865,#4866,#4867));
#1108=EDGE_LOOP('',(#4868,#4869,#4870,#4871));
#1109=EDGE_LOOP('',(#4872,#4873,#4874,#4875));
#1110=EDGE_LOOP('',(#4876,#4877,#4878,#4879));
#1111=EDGE_LOOP('',(#4880,#4881,#4882,#4883));
#1112=EDGE_LOOP('',(#4884,#4885,#4886,#4887));
#1113=EDGE_LOOP('',(#4888,#4889,#4890,#4891));
#1114=EDGE_LOOP('',(#4892,#4893,#4894,#4895));
#1115=EDGE_LOOP('',(#4896,#4897,#4898,#4899));
#1116=EDGE_LOOP('',(#4900,#4901,#4902,#4903));
#1117=EDGE_LOOP('',(#4904,#4905,#4906,#4907));
#1118=EDGE_LOOP('',(#4908,#4909,#4910,#4911));
#1119=EDGE_LOOP('',(#4912,#4913,#4914,#4915));
#1120=EDGE_LOOP('',(#4916,#4917,#4918,#4919));
#1121=EDGE_LOOP('',(#4920,#4921,#4922,#4923));
#1122=EDGE_LOOP('',(#4924,#4925,#4926,#4927));
#1123=EDGE_LOOP('',(#4928,#4929,#4930,#4931));
#1124=EDGE_LOOP('',(#4932,#4933,#4934,#4935));
#1125=EDGE_LOOP('',(#4936,#4937,#4938,#4939));
#1126=EDGE_LOOP('',(#4940,#4941,#4942,#4943));
#1127=EDGE_LOOP('',(#4944,#4945,#4946,#4947));
#1128=EDGE_LOOP('',(#4948,#4949,#4950,#4951));
#1129=EDGE_LOOP('',(#4952,#4953,#4954,#4955));
#1130=EDGE_LOOP('',(#4956,#4957,#4958,#4959));
#1131=EDGE_LOOP('',(#4960,#4961,#4962,#4963));
#1132=EDGE_LOOP('',(#4964,#4965,#4966,#4967));
#1133=EDGE_LOOP('',(#4968,#4969,#4970,#4971));
#1134=EDGE_LOOP('',(#4972,#4973,#4974,#4975));
#1135=EDGE_LOOP('',(#4976,#4977,#4978,#4979));
#1136=EDGE_LOOP('',(#4980,#4981,#4982,#4983));
#1137=EDGE_LOOP('',(#4984,#4985,#4986,#4987));
#1138=EDGE_LOOP('',(#4988,#4989,#4990,#4991));
#1139=EDGE_LOOP('',(#4992,#4993,#4994,#4995));
#1140=EDGE_LOOP('',(#4996,#4997,#4998,#4999));
#1141=EDGE_LOOP('',(#5000,#5001,#5002));
#1142=EDGE_LOOP('',(#5003,#5004,#5005,#5006));
#1143=EDGE_LOOP('',(#5007,#5008,#5009,#5010));
#1144=EDGE_LOOP('',(#5011,#5012,#5013));
#1145=EDGE_LOOP('',(#5014,#5015,#5016));
#1146=EDGE_LOOP('',(#5017,#5018,#5019,#5020));
#1147=EDGE_LOOP('',(#5021,#5022,#5023,#5024));
#1148=EDGE_LOOP('',(#5025,#5026,#5027));
#1149=EDGE_LOOP('',(#5028,#5029,#5030));
#1150=EDGE_LOOP('',(#5031,#5032,#5033,#5034));
#1151=EDGE_LOOP('',(#5035,#5036,#5037,#5038));
#1152=EDGE_LOOP('',(#5039,#5040,#5041,#5042));
#1153=EDGE_LOOP('',(#5043,#5044,#5045));
#1154=EDGE_LOOP('',(#5046,#5047,#5048,#5049));
#1155=EDGE_LOOP('',(#5050,#5051,#5052,#5053));
#1156=EDGE_LOOP('',(#5054,#5055,#5056,#5057));
#1157=EDGE_LOOP('',(#5058,#5059,#5060));
#1158=EDGE_LOOP('',(#5061,#5062,#5063,#5064));
#1159=EDGE_LOOP('',(#5065,#5066,#5067,#5068));
#1160=EDGE_LOOP('',(#5069,#5070,#5071));
#1161=EDGE_LOOP('',(#5072,#5073,#5074,#5075));
#1162=EDGE_LOOP('',(#5076,#5077,#5078,#5079));
#1163=EDGE_LOOP('',(#5080,#5081,#5082,#5083));
#1164=EDGE_LOOP('',(#5084,#5085,#5086));
#1165=EDGE_LOOP('',(#5087,#5088,#5089,#5090));
#1166=EDGE_LOOP('',(#5091,#5092,#5093,#5094));
#1167=EDGE_LOOP('',(#5095,#5096,#5097,#5098));
#1168=EDGE_LOOP('',(#5099,#5100,#5101,#5102));
#1169=EDGE_LOOP('',(#5103,#5104,#5105));
#1170=EDGE_LOOP('',(#5106,#5107,#5108,#5109));
#1171=EDGE_LOOP('',(#5110,#5111,#5112,#5113));
#1172=EDGE_LOOP('',(#5114,#5115,#5116));
#1173=EDGE_LOOP('',(#5117,#5118,#5119,#5120));
#1174=EDGE_LOOP('',(#5121,#5122,#5123,#5124));
#1175=EDGE_LOOP('',(#5125,#5126,#5127,#5128));
#1176=EDGE_LOOP('',(#5129,#5130,#5131,#5132));
#1177=EDGE_LOOP('',(#5133,#5134,#5135,#5136));
#1178=EDGE_LOOP('',(#5137,#5138,#5139,#5140));
#1179=EDGE_LOOP('',(#5141,#5142,#5143,#5144));
#1180=EDGE_LOOP('',(#5145,#5146,#5147,#5148));
#1181=EDGE_LOOP('',(#5149,#5150,#5151,#5152));
#1182=EDGE_LOOP('',(#5153,#5154,#5155));
#1183=EDGE_LOOP('',(#5156,#5157,#5158));
#1184=EDGE_LOOP('',(#5159,#5160,#5161,#5162));
#1185=EDGE_LOOP('',(#5163,#5164,#5165,#5166));
#1186=EDGE_LOOP('',(#5167,#5168,#5169));
#1187=EDGE_LOOP('',(#5170,#5171,#5172));
#1188=EDGE_LOOP('',(#5173,#5174,#5175,#5176));
#1189=EDGE_LOOP('',(#5177,#5178,#5179,#5180));
#1190=EDGE_LOOP('',(#5181,#5182,#5183,#5184));
#1191=EDGE_LOOP('',(#5185,#5186,#5187,#5188));
#1192=EDGE_LOOP('',(#5189,#5190,#5191,#5192));
#1193=EDGE_LOOP('',(#5193,#5194,#5195,#5196));
#1194=EDGE_LOOP('',(#5197,#5198,#5199));
#1195=EDGE_LOOP('',(#5200,#5201,#5202));
#1196=EDGE_LOOP('',(#5203,#5204,#5205,#5206));
#1197=EDGE_LOOP('',(#5207,#5208,#5209,#5210));
#1198=EDGE_LOOP('',(#5211,#5212,#5213));
#1199=EDGE_LOOP('',(#5214,#5215,#5216));
#1200=EDGE_LOOP('',(#5217,#5218,#5219,#5220));
#1201=EDGE_LOOP('',(#5221,#5222,#5223,#5224));
#1202=EDGE_LOOP('',(#5225,#5226,#5227,#5228));
#1203=EDGE_LOOP('',(#5229,#5230,#5231));
#1204=EDGE_LOOP('',(#5232,#5233,#5234,#5235));
#1205=EDGE_LOOP('',(#5236,#5237,#5238,#5239));
#1206=EDGE_LOOP('',(#5240,#5241,#5242));
#1207=EDGE_LOOP('',(#5243,#5244,#5245,#5246));
#1208=EDGE_LOOP('',(#5247,#5248,#5249,#5250));
#1209=EDGE_LOOP('',(#5251,#5252,#5253,#5254));
#1210=EDGE_LOOP('',(#5255,#5256,#5257,#5258));
#1211=EDGE_LOOP('',(#5259,#5260,#5261,#5262));
#1212=EDGE_LOOP('',(#5263,#5264,#5265,#5266));
#1213=EDGE_LOOP('',(#5267,#5268,#5269,#5270));
#1214=EDGE_LOOP('',(#5271,#5272,#5273));
#1215=EDGE_LOOP('',(#5274,#5275,#5276));
#1216=EDGE_LOOP('',(#5277,#5278,#5279,#5280));
#1217=EDGE_LOOP('',(#5281,#5282,#5283,#5284));
#1218=EDGE_LOOP('',(#5285,#5286,#5287));
#1219=EDGE_LOOP('',(#5288,#5289,#5290));
#1220=EDGE_LOOP('',(#5291,#5292,#5293,#5294));
#1221=EDGE_LOOP('',(#5295,#5296,#5297,#5298));
#1222=EDGE_LOOP('',(#5299,#5300,#5301,#5302));
#1223=EDGE_LOOP('',(#5303,#5304,#5305,#5306));
#1224=EDGE_LOOP('',(#5307,#5308,#5309,#5310));
#1225=EDGE_LOOP('',(#5311,#5312,#5313,#5314));
#1226=EDGE_LOOP('',(#5315,#5316,#5317,#5318));
#1227=EDGE_LOOP('',(#5319,#5320,#5321,#5322));
#1228=EDGE_LOOP('',(#5323,#5324,#5325,#5326));
#1229=EDGE_LOOP('',(#5327,#5328,#5329));
#1230=EDGE_LOOP('',(#5330,#5331,#5332,#5333));
#1231=EDGE_LOOP('',(#5334,#5335,#5336,#5337));
#1232=EDGE_LOOP('',(#5338,#5339,#5340));
#1233=EDGE_LOOP('',(#5341,#5342,#5343));
#1234=EDGE_LOOP('',(#5344,#5345,#5346,#5347));
#1235=EDGE_LOOP('',(#5348,#5349,#5350,#5351));
#1236=EDGE_LOOP('',(#5352,#5353,#5354));
#1237=EDGE_LOOP('',(#5355,#5356,#5357,#5358));
#1238=EDGE_LOOP('',(#5359,#5360,#5361,#5362));
#1239=EDGE_LOOP('',(#5363,#5364,#5365,#5366));
#1240=EDGE_LOOP('',(#5367,#5368,#5369));
#1241=EDGE_LOOP('',(#5370,#5371,#5372,#5373));
#1242=EDGE_LOOP('',(#5374,#5375,#5376,#5377));
#1243=EDGE_LOOP('',(#5378,#5379,#5380,#5381));
#1244=EDGE_LOOP('',(#5382,#5383,#5384));
#1245=EDGE_LOOP('',(#5385,#5386,#5387));
#1246=EDGE_LOOP('',(#5388,#5389,#5390,#5391));
#1247=EDGE_LOOP('',(#5392,#5393,#5394,#5395));
#1248=EDGE_LOOP('',(#5396,#5397,#5398,#5399));
#1249=EDGE_LOOP('',(#5400,#5401,#5402));
#1250=EDGE_LOOP('',(#5403,#5404,#5405,#5406));
#1251=EDGE_LOOP('',(#5407,#5408,#5409,#5410));
#1252=EDGE_LOOP('',(#5411,#5412,#5413,#5414));
#1253=EDGE_LOOP('',(#5415,#5416,#5417,#5418));
#1254=EDGE_LOOP('',(#5419,#5420,#5421,#5422));
#1255=EDGE_LOOP('',(#5423,#5424,#5425,#5426));
#1256=EDGE_LOOP('',(#5427,#5428,#5429,#5430));
#1257=EDGE_LOOP('',(#5431,#5432,#5433,#5434));
#1258=EDGE_LOOP('',(#5435,#5436,#5437,#5438));
#1259=EDGE_LOOP('',(#5439,#5440,#5441,#5442));
#1260=EDGE_LOOP('',(#5443,#5444,#5445,#5446));
#1261=LINE('',#8183,#1836);
#1262=LINE('',#8185,#1837);
#1263=LINE('',#8187,#1838);
#1264=LINE('',#8188,#1839);
#1265=LINE('',#8192,#1840);
#1266=LINE('',#8198,#1841);
#1267=LINE('',#8199,#1842);
#1268=LINE('',#8200,#1843);
#1269=LINE('',#8204,#1844);
#1270=LINE('',#8210,#1845);
#1271=LINE('',#8211,#1846);
#1272=LINE('',#8212,#1847);
#1273=LINE('',#8216,#1848);
#1274=LINE('',#8222,#1849);
#1275=LINE('',#8223,#1850);
#1276=LINE('',#8224,#1851);
#1277=LINE('',#8230,#1852);
#1278=LINE('',#8233,#1853);
#1279=LINE('',#8236,#1854);
#1280=LINE('',#8237,#1855);
#1281=LINE('',#8240,#1856);
#1282=LINE('',#8244,#1857);
#1283=LINE('',#8245,#1858);
#1284=LINE('',#8249,#1859);
#1285=LINE('',#8253,#1860);
#1286=LINE('',#8254,#1861);
#1287=LINE('',#8257,#1862);
#1288=LINE('',#8260,#1863);
#1289=LINE('',#8797,#1864);
#1290=LINE('',#8799,#1865);
#1291=LINE('',#8800,#1866);
#1292=LINE('',#8804,#1867);
#1293=LINE('',#8810,#1868);
#1294=LINE('',#8811,#1869);
#1295=LINE('',#8812,#1870);
#1296=LINE('',#8816,#1871);
#1297=LINE('',#8820,#1872);
#1298=LINE('',#8821,#1873);
#1299=LINE('',#8824,#1874);
#1300=LINE('',#8827,#1875);
#1301=LINE('',#8830,#1876);
#1302=LINE('',#8831,#1877);
#1303=LINE('',#8871,#1878);
#1304=LINE('',#8914,#1879);
#1305=LINE('',#8947,#1880);
#1306=LINE('',#8949,#1881);
#1307=LINE('',#8951,#1882);
#1308=LINE('',#9003,#1883);
#1309=LINE('',#9005,#1884);
#1310=LINE('',#9007,#1885);
#1311=LINE('',#9008,#1886);
#1312=LINE('',#9011,#1887);
#1313=LINE('',#9013,#1888);
#1314=LINE('',#9014,#1889);
#1315=LINE('',#9017,#1890);
#1316=LINE('',#9019,#1891);
#1317=LINE('',#9020,#1892);
#1318=LINE('',#9122,#1893);
#1319=LINE('',#9149,#1894);
#1320=LINE('',#9152,#1895);
#1321=LINE('',#9153,#1896);
#1322=LINE('',#9156,#1897);
#1323=LINE('',#9158,#1898);
#1324=LINE('',#9159,#1899);
#1325=LINE('',#9216,#1900);
#1326=LINE('',#9220,#1901);
#1327=LINE('',#9277,#1902);
#1328=LINE('',#9280,#1903);
#1329=LINE('',#9282,#1904);
#1330=LINE('',#9283,#1905);
#1331=LINE('',#9313,#1906);
#1332=LINE('',#9315,#1907);
#1333=LINE('',#9369,#1908);
#1334=LINE('',#9372,#1909);
#1335=LINE('',#9373,#1910);
#1336=LINE('',#9376,#1911);
#1337=LINE('',#9377,#1912);
#1338=LINE('',#9407,#1913);
#1339=LINE('',#9419,#1914);
#1340=LINE('',#9422,#1915);
#1341=LINE('',#9443,#1916);
#1342=LINE('',#9453,#1917);
#1343=LINE('',#9454,#1918);
#1344=LINE('',#9457,#1919);
#1345=LINE('',#9461,#1920);
#1346=LINE('',#9462,#1921);
#1347=LINE('',#9465,#1922);
#1348=LINE('',#9469,#1923);
#1349=LINE('',#9470,#1924);
#1350=LINE('',#9669,#1925);
#1351=LINE('',#9695,#1926);
#1352=LINE('',#9697,#1927);
#1353=LINE('',#9699,#1928);
#1354=LINE('',#9700,#1929);
#1355=LINE('',#9719,#1930);
#1356=LINE('',#9746,#1931);
#1357=LINE('',#9773,#1932);
#1358=LINE('',#9786,#1933);
#1359=LINE('',#9889,#1934);
#1360=LINE('',#9915,#1935);
#1361=LINE('',#10012,#1936);
#1362=LINE('',#10031,#1937);
#1363=LINE('',#10054,#1938);
#1364=LINE('',#10056,#1939);
#1365=LINE('',#10057,#1940);
#1366=LINE('',#10058,#1941);
#1367=LINE('',#10064,#1942);
#1368=LINE('',#10066,#1943);
#1369=LINE('',#10067,#1944);
#1370=LINE('',#10068,#1945);
#1371=LINE('',#10072,#1946);
#1372=LINE('',#10113,#1947);
#1373=LINE('',#10135,#1948);
#1374=LINE('',#10216,#1949);
#1375=LINE('',#10258,#1950);
#1376=LINE('',#10347,#1951);
#1377=LINE('',#10464,#1952);
#1378=LINE('',#10573,#1953);
#1379=LINE('',#10592,#1954);
#1380=LINE('',#10678,#1955);
#1381=LINE('',#10696,#1956);
#1382=LINE('',#10717,#1957);
#1383=LINE('',#10719,#1958);
#1384=LINE('',#10720,#1959);
#1385=LINE('',#10721,#1960);
#1386=LINE('',#10728,#1961);
#1387=LINE('',#10731,#1962);
#1388=LINE('',#10734,#1963);
#1389=LINE('',#10735,#1964);
#1390=LINE('',#10738,#1965);
#1391=LINE('',#10757,#1966);
#1392=LINE('',#10770,#1967);
#1393=LINE('',#10807,#1968);
#1394=LINE('',#10827,#1969);
#1395=LINE('',#10872,#1970);
#1396=LINE('',#10934,#1971);
#1397=LINE('',#10955,#1972);
#1398=LINE('',#10992,#1973);
#1399=LINE('',#11012,#1974);
#1400=LINE('',#11089,#1975);
#1401=LINE('',#11129,#1976);
#1402=LINE('',#11133,#1977);
#1403=LINE('',#11134,#1978);
#1404=LINE('',#11170,#1979);
#1405=LINE('',#11171,#1980);
#1406=LINE('',#11178,#1981);
#1407=LINE('',#11179,#1982);
#1408=LINE('',#11235,#1983);
#1409=LINE('',#11239,#1984);
#1410=LINE('',#11243,#1985);
#1411=LINE('',#11246,#1986);
#1412=LINE('',#11248,#1987);
#1413=LINE('',#11252,#1988);
#1414=LINE('',#11256,#1989);
#1415=LINE('',#11260,#1990);
#1416=LINE('',#11342,#1991);
#1417=LINE('',#11345,#1992);
#1418=LINE('',#11349,#1993);
#1419=LINE('',#11353,#1994);
#1420=LINE('',#11357,#1995);
#1421=LINE('',#11361,#1996);
#1422=LINE('',#11365,#1997);
#1423=LINE('',#11369,#1998);
#1424=LINE('',#11373,#1999);
#1425=LINE('',#11377,#2000);
#1426=LINE('',#11381,#2001);
#1427=LINE('',#11385,#2002);
#1428=LINE('',#11389,#2003);
#1429=LINE('',#11393,#2004);
#1430=LINE('',#11397,#2005);
#1431=LINE('',#11401,#2006);
#1432=LINE('',#11405,#2007);
#1433=LINE('',#11409,#2008);
#1434=LINE('',#11413,#2009);
#1435=LINE('',#11417,#2010);
#1436=LINE('',#11421,#2011);
#1437=LINE('',#11425,#2012);
#1438=LINE('',#11429,#2013);
#1439=LINE('',#11433,#2014);
#1440=LINE('',#11437,#2015);
#1441=LINE('',#11441,#2016);
#1442=LINE('',#11445,#2017);
#1443=LINE('',#11449,#2018);
#1444=LINE('',#11453,#2019);
#1445=LINE('',#11457,#2020);
#1446=LINE('',#11461,#2021);
#1447=LINE('',#11465,#2022);
#1448=LINE('',#11469,#2023);
#1449=LINE('',#11473,#2024);
#1450=LINE('',#11477,#2025);
#1451=LINE('',#11481,#2026);
#1452=LINE('',#11485,#2027);
#1453=LINE('',#11489,#2028);
#1454=LINE('',#11493,#2029);
#1455=LINE('',#11497,#2030);
#1456=LINE('',#11501,#2031);
#1457=LINE('',#11505,#2032);
#1458=LINE('',#11509,#2033);
#1459=LINE('',#11513,#2034);
#1460=LINE('',#11517,#2035);
#1461=LINE('',#11521,#2036);
#1462=LINE('',#11525,#2037);
#1463=LINE('',#11529,#2038);
#1464=LINE('',#11533,#2039);
#1465=LINE('',#11537,#2040);
#1466=LINE('',#11541,#2041);
#1467=LINE('',#11545,#2042);
#1468=LINE('',#11547,#2043);
#1469=LINE('',#11548,#2044);
#1470=LINE('',#11551,#2045);
#1471=LINE('',#11553,#2046);
#1472=LINE('',#11554,#2047);
#1473=LINE('',#11557,#2048);
#1474=LINE('',#11559,#2049);
#1475=LINE('',#11560,#2050);
#1476=LINE('',#11563,#2051);
#1477=LINE('',#11565,#2052);
#1478=LINE('',#11566,#2053);
#1479=LINE('',#11569,#2054);
#1480=LINE('',#11571,#2055);
#1481=LINE('',#11572,#2056);
#1482=LINE('',#11575,#2057);
#1483=LINE('',#11577,#2058);
#1484=LINE('',#11578,#2059);
#1485=LINE('',#11582,#2060);
#1486=LINE('',#11586,#2061);
#1487=LINE('',#11588,#2062);
#1488=LINE('',#11590,#2063);
#1489=LINE('',#11592,#2064);
#1490=LINE('',#11593,#2065);
#1491=LINE('',#11599,#2066);
#1492=LINE('',#11601,#2067);
#1493=LINE('',#11603,#2068);
#1494=LINE('',#11607,#2069);
#1495=LINE('',#11611,#2070);
#1496=LINE('',#11613,#2071);
#1497=LINE('',#11615,#2072);
#1498=LINE('',#11619,#2073);
#1499=LINE('',#11621,#2074);
#1500=LINE('',#11622,#2075);
#1501=LINE('',#11625,#2076);
#1502=LINE('',#11629,#2077);
#1503=LINE('',#11633,#2078);
#1504=LINE('',#11637,#2079);
#1505=LINE('',#11639,#2080);
#1506=LINE('',#11640,#2081);
#1507=LINE('',#11643,#2082);
#1508=LINE('',#11645,#2083);
#1509=LINE('',#11646,#2084);
#1510=LINE('',#11649,#2085);
#1511=LINE('',#11651,#2086);
#1512=LINE('',#11652,#2087);
#1513=LINE('',#11655,#2088);
#1514=LINE('',#11657,#2089);
#1515=LINE('',#11658,#2090);
#1516=LINE('',#11661,#2091);
#1517=LINE('',#11663,#2092);
#1518=LINE('',#11664,#2093);
#1519=LINE('',#11667,#2094);
#1520=LINE('',#11669,#2095);
#1521=LINE('',#11670,#2096);
#1522=LINE('',#11673,#2097);
#1523=LINE('',#11675,#2098);
#1524=LINE('',#11676,#2099);
#1525=LINE('',#11679,#2100);
#1526=LINE('',#11681,#2101);
#1527=LINE('',#11682,#2102);
#1528=LINE('',#11703,#2103);
#1529=LINE('',#11704,#2104);
#1530=LINE('',#11747,#2105);
#1531=LINE('',#11748,#2106);
#1532=LINE('',#11789,#2107);
#1533=LINE('',#11792,#2108);
#1534=LINE('',#11794,#2109);
#1535=LINE('',#11795,#2110);
#1536=LINE('',#11798,#2111);
#1537=LINE('',#11800,#2112);
#1538=LINE('',#11801,#2113);
#1539=LINE('',#11804,#2114);
#1540=LINE('',#11806,#2115);
#1541=LINE('',#11807,#2116);
#1542=LINE('',#11810,#2117);
#1543=LINE('',#11812,#2118);
#1544=LINE('',#11813,#2119);
#1545=LINE('',#11816,#2120);
#1546=LINE('',#11818,#2121);
#1547=LINE('',#11819,#2122);
#1548=LINE('',#11822,#2123);
#1549=LINE('',#11824,#2124);
#1550=LINE('',#11825,#2125);
#1551=LINE('',#11828,#2126);
#1552=LINE('',#11830,#2127);
#1553=LINE('',#11831,#2128);
#1554=LINE('',#11834,#2129);
#1555=LINE('',#11836,#2130);
#1556=LINE('',#11837,#2131);
#1557=LINE('',#11840,#2132);
#1558=LINE('',#11842,#2133);
#1559=LINE('',#11843,#2134);
#1560=LINE('',#11846,#2135);
#1561=LINE('',#11848,#2136);
#1562=LINE('',#11849,#2137);
#1563=LINE('',#11852,#2138);
#1564=LINE('',#11854,#2139);
#1565=LINE('',#11855,#2140);
#1566=LINE('',#11858,#2141);
#1567=LINE('',#11860,#2142);
#1568=LINE('',#11861,#2143);
#1569=LINE('',#11865,#2144);
#1570=LINE('',#11869,#2145);
#1571=LINE('',#11871,#2146);
#1572=LINE('',#11873,#2147);
#1573=LINE('',#11877,#2148);
#1574=LINE('',#11881,#2149);
#1575=LINE('',#11883,#2150);
#1576=LINE('',#11885,#2151);
#1577=LINE('',#11887,#2152);
#1578=LINE('',#11889,#2153);
#1579=LINE('',#11891,#2154);
#1580=LINE('',#11893,#2155);
#1581=LINE('',#11896,#2156);
#1582=LINE('',#11897,#2157);
#1583=LINE('',#11899,#2158);
#1584=LINE('',#11944,#2159);
#1585=LINE('',#11945,#2160);
#1586=LINE('',#11947,#2161);
#1587=LINE('',#11949,#2162);
#1588=LINE('',#11950,#2163);
#1589=LINE('',#11953,#2164);
#1590=LINE('',#11954,#2165);
#1591=LINE('',#11978,#2166);
#1592=LINE('',#11992,#2167);
#1593=LINE('',#11993,#2168);
#1594=LINE('',#11999,#2169);
#1595=LINE('',#12003,#2170);
#1596=LINE('',#12005,#2171);
#1597=LINE('',#12007,#2172);
#1598=LINE('',#12011,#2173);
#1599=LINE('',#12015,#2174);
#1600=LINE('',#12017,#2175);
#1601=LINE('',#12019,#2176);
#1602=LINE('',#12023,#2177);
#1603=LINE('',#12024,#2178);
#1604=LINE('',#12027,#2179);
#1605=LINE('',#12031,#2180);
#1606=LINE('',#12035,#2181);
#1607=LINE('',#12039,#2182);
#1608=LINE('',#12041,#2183);
#1609=LINE('',#12042,#2184);
#1610=LINE('',#12045,#2185);
#1611=LINE('',#12047,#2186);
#1612=LINE('',#12048,#2187);
#1613=LINE('',#12051,#2188);
#1614=LINE('',#12053,#2189);
#1615=LINE('',#12054,#2190);
#1616=LINE('',#12057,#2191);
#1617=LINE('',#12059,#2192);
#1618=LINE('',#12060,#2193);
#1619=LINE('',#12063,#2194);
#1620=LINE('',#12065,#2195);
#1621=LINE('',#12066,#2196);
#1622=LINE('',#12069,#2197);
#1623=LINE('',#12071,#2198);
#1624=LINE('',#12072,#2199);
#1625=LINE('',#12075,#2200);
#1626=LINE('',#12077,#2201);
#1627=LINE('',#12078,#2202);
#1628=LINE('',#12081,#2203);
#1629=LINE('',#12083,#2204);
#1630=LINE('',#12084,#2205);
#1631=LINE('',#12087,#2206);
#1632=LINE('',#12089,#2207);
#1633=LINE('',#12090,#2208);
#1634=LINE('',#12093,#2209);
#1635=LINE('',#12095,#2210);
#1636=LINE('',#12096,#2211);
#1637=LINE('',#12099,#2212);
#1638=LINE('',#12101,#2213);
#1639=LINE('',#12102,#2214);
#1640=LINE('',#12105,#2215);
#1641=LINE('',#12107,#2216);
#1642=LINE('',#12108,#2217);
#1643=LINE('',#12111,#2218);
#1644=LINE('',#12113,#2219);
#1645=LINE('',#12114,#2220);
#1646=LINE('',#12117,#2221);
#1647=LINE('',#12119,#2222);
#1648=LINE('',#12120,#2223);
#1649=LINE('',#12123,#2224);
#1650=LINE('',#12125,#2225);
#1651=LINE('',#12126,#2226);
#1652=LINE('',#12129,#2227);
#1653=LINE('',#12131,#2228);
#1654=LINE('',#12132,#2229);
#1655=LINE('',#12135,#2230);
#1656=LINE('',#12137,#2231);
#1657=LINE('',#12138,#2232);
#1658=LINE('',#12141,#2233);
#1659=LINE('',#12143,#2234);
#1660=LINE('',#12144,#2235);
#1661=LINE('',#12147,#2236);
#1662=LINE('',#12149,#2237);
#1663=LINE('',#12150,#2238);
#1664=LINE('',#12153,#2239);
#1665=LINE('',#12155,#2240);
#1666=LINE('',#12156,#2241);
#1667=LINE('',#12160,#2242);
#1668=LINE('',#12164,#2243);
#1669=LINE('',#12166,#2244);
#1670=LINE('',#12168,#2245);
#1671=LINE('',#12172,#2246);
#1672=LINE('',#12174,#2247);
#1673=LINE('',#12176,#2248);
#1674=LINE('',#12180,#2249);
#1675=LINE('',#12182,#2250);
#1676=LINE('',#12184,#2251);
#1677=LINE('',#12188,#2252);
#1678=LINE('',#12189,#2253);
#1679=LINE('',#12193,#2254);
#1680=LINE('',#12195,#2255);
#1681=LINE('',#12197,#2256);
#1682=LINE('',#12198,#2257);
#1683=LINE('',#12202,#2258);
#1684=LINE('',#12204,#2259);
#1685=LINE('',#12206,#2260);
#1686=LINE('',#12207,#2261);
#1687=LINE('',#12211,#2262);
#1688=LINE('',#12213,#2263);
#1689=LINE('',#12215,#2264);
#1690=LINE('',#12216,#2265);
#1691=LINE('',#12220,#2266);
#1692=LINE('',#12222,#2267);
#1693=LINE('',#12224,#2268);
#1694=LINE('',#12225,#2269);
#1695=LINE('',#12229,#2270);
#1696=LINE('',#12231,#2271);
#1697=LINE('',#12233,#2272);
#1698=LINE('',#12234,#2273);
#1699=LINE('',#12238,#2274);
#1700=LINE('',#12240,#2275);
#1701=LINE('',#12242,#2276);
#1702=LINE('',#12243,#2277);
#1703=LINE('',#12292,#2278);
#1704=LINE('',#12295,#2279);
#1705=LINE('',#12297,#2280);
#1706=LINE('',#12298,#2281);
#1707=LINE('',#12301,#2282);
#1708=LINE('',#12303,#2283);
#1709=LINE('',#12304,#2284);
#1710=LINE('',#12307,#2285);
#1711=LINE('',#12309,#2286);
#1712=LINE('',#12310,#2287);
#1713=LINE('',#12313,#2288);
#1714=LINE('',#12315,#2289);
#1715=LINE('',#12316,#2290);
#1716=LINE('',#12399,#2291);
#1717=LINE('',#12400,#2292);
#1718=LINE('',#12402,#2293);
#1719=LINE('',#12404,#2294);
#1720=LINE('',#12406,#2295);
#1721=LINE('',#12408,#2296);
#1722=LINE('',#12410,#2297);
#1723=LINE('',#12412,#2298);
#1724=LINE('',#12414,#2299);
#1725=LINE('',#12416,#2300);
#1726=LINE('',#12418,#2301);
#1727=LINE('',#12420,#2302);
#1728=LINE('',#12423,#2303);
#1729=LINE('',#12424,#2304);
#1730=LINE('',#12426,#2305);
#1731=LINE('',#12428,#2306);
#1732=LINE('',#12430,#2307);
#1733=LINE('',#12432,#2308);
#1734=LINE('',#12434,#2309);
#1735=LINE('',#12436,#2310);
#1736=LINE('',#12438,#2311);
#1737=LINE('',#12440,#2312);
#1738=LINE('',#12442,#2313);
#1739=LINE('',#12444,#2314);
#1740=LINE('',#12446,#2315);
#1741=LINE('',#12448,#2316);
#1742=LINE('',#12450,#2317);
#1743=LINE('',#12452,#2318);
#1744=LINE('',#12454,#2319);
#1745=LINE('',#12456,#2320);
#1746=LINE('',#12458,#2321);
#1747=LINE('',#12460,#2322);
#1748=LINE('',#12463,#2323);
#1749=LINE('',#12464,#2324);
#1750=LINE('',#12466,#2325);
#1751=LINE('',#12468,#2326);
#1752=LINE('',#12470,#2327);
#1753=LINE('',#12472,#2328);
#1754=LINE('',#12475,#2329);
#1755=LINE('',#12476,#2330);
#1756=LINE('',#12478,#2331);
#1757=LINE('',#12480,#2332);
#1758=LINE('',#12482,#2333);
#1759=LINE('',#12484,#2334);
#1760=LINE('',#12486,#2335);
#1761=LINE('',#12488,#2336);
#1762=LINE('',#12490,#2337);
#1763=LINE('',#12492,#2338);
#1764=LINE('',#12494,#2339);
#1765=LINE('',#12496,#2340);
#1766=LINE('',#12498,#2341);
#1767=LINE('',#12500,#2342);
#1768=LINE('',#12502,#2343);
#1769=LINE('',#12504,#2344);
#1770=LINE('',#12506,#2345);
#1771=LINE('',#12508,#2346);
#1772=LINE('',#12510,#2347);
#1773=LINE('',#12512,#2348);
#1774=LINE('',#12514,#2349);
#1775=LINE('',#12516,#2350);
#1776=LINE('',#12518,#2351);
#1777=LINE('',#12520,#2352);
#1778=LINE('',#12523,#2353);
#1779=LINE('',#12524,#2354);
#1780=LINE('',#12526,#2355);
#1781=LINE('',#12528,#2356);
#1782=LINE('',#12530,#2357);
#1783=LINE('',#12532,#2358);
#1784=LINE('',#12534,#2359);
#1785=LINE('',#12536,#2360);
#1786=LINE('',#12538,#2361);
#1787=LINE('',#12540,#2362);
#1788=LINE('',#12542,#2363);
#1789=LINE('',#12544,#2364);
#1790=LINE('',#12546,#2365);
#1791=LINE('',#12548,#2366);
#1792=LINE('',#12550,#2367);
#1793=LINE('',#12552,#2368);
#1794=LINE('',#12554,#2369);
#1795=LINE('',#12556,#2370);
#1796=LINE('',#12558,#2371);
#1797=LINE('',#12560,#2372);
#1798=LINE('',#12563,#2373);
#1799=LINE('',#12564,#2374);
#1800=LINE('',#12566,#2375);
#1801=LINE('',#12568,#2376);
#1802=LINE('',#12570,#2377);
#1803=LINE('',#12572,#2378);
#1804=LINE('',#12575,#2379);
#1805=LINE('',#12576,#2380);
#1806=LINE('',#12578,#2381);
#1807=LINE('',#12580,#2382);
#1808=LINE('',#12582,#2383);
#1809=LINE('',#12584,#2384);
#1810=LINE('',#12586,#2385);
#1811=LINE('',#12588,#2386);
#1812=LINE('',#12590,#2387);
#1813=LINE('',#12592,#2388);
#1814=LINE('',#12594,#2389);
#1815=LINE('',#12596,#2390);
#1816=LINE('',#12598,#2391);
#1817=LINE('',#12600,#2392);
#1818=LINE('',#12602,#2393);
#1819=LINE('',#12604,#2394);
#1820=LINE('',#12606,#2395);
#1821=LINE('',#12608,#2396);
#1822=LINE('',#12610,#2397);
#1823=LINE('',#12612,#2398);
#1824=LINE('',#12614,#2399);
#1825=LINE('',#12616,#2400);
#1826=LINE('',#12618,#2401);
#1827=LINE('',#12620,#2402);
#1828=LINE('',#12623,#2403);
#1829=LINE('',#12624,#2404);
#1830=LINE('',#12626,#2405);
#1831=LINE('',#12628,#2406);
#1832=LINE('',#12630,#2407);
#1833=LINE('',#12632,#2408);
#1834=LINE('',#12634,#2409);
#1835=LINE('',#12636,#2410);
#1836=VECTOR('',#6536,10.);
#1837=VECTOR('',#6537,10.);
#1838=VECTOR('',#6538,10.);
#1839=VECTOR('',#6539,10.);
#1840=VECTOR('',#6542,10.);
#1841=VECTOR('',#6549,10.);
#1842=VECTOR('',#6550,10.);
#1843=VECTOR('',#6551,10.);
#1844=VECTOR('',#6554,10.);
#1845=VECTOR('',#6561,10.);
#1846=VECTOR('',#6562,10.);
#1847=VECTOR('',#6563,10.);
#1848=VECTOR('',#6566,10.);
#1849=VECTOR('',#6573,10.);
#1850=VECTOR('',#6574,10.);
#1851=VECTOR('',#6575,10.);
#1852=VECTOR('',#6584,18.5);
#1853=VECTOR('',#6587,18.5);
#1854=VECTOR('',#6590,18.5);
#1855=VECTOR('',#6591,16.);
#1856=VECTOR('',#6594,18.5);
#1857=VECTOR('',#6599,18.5);
#1858=VECTOR('',#6600,132.);
#1859=VECTOR('',#6605,18.5);
#1860=VECTOR('',#6610,18.5);
#1861=VECTOR('',#6611,16.);
#1862=VECTOR('',#6614,18.5);
#1863=VECTOR('',#6619,132.);
#1864=VECTOR('',#6622,10.);
#1865=VECTOR('',#6623,10.);
#1866=VECTOR('',#6624,10.);
#1867=VECTOR('',#6627,10.);
#1868=VECTOR('',#6634,10.);
#1869=VECTOR('',#6635,10.);
#1870=VECTOR('',#6636,10.);
#1871=VECTOR('',#6639,10.);
#1872=VECTOR('',#6646,10.);
#1873=VECTOR('',#6647,10.);
#1874=VECTOR('',#6650,4.49999999999917);
#1875=VECTOR('',#6653,4.49999999999539);
#1876=VECTOR('',#6656,4.49999999999915);
#1877=VECTOR('',#6657,0.649756493506493);
#1878=VECTOR('',#6658,4.49999999999433);
#1879=VECTOR('',#6659,4.49999999999014);
#1880=VECTOR('',#6662,10.);
#1881=VECTOR('',#6663,10.);
#1882=VECTOR('',#6664,10.);
#1883=VECTOR('',#6667,10.);
#1884=VECTOR('',#6668,10.);
#1885=VECTOR('',#6669,10.);
#1886=VECTOR('',#6670,10.);
#1887=VECTOR('',#6673,10.);
#1888=VECTOR('',#6674,10.);
#1889=VECTOR('',#6675,10.);
#1890=VECTOR('',#6678,10.);
#1891=VECTOR('',#6679,10.);
#1892=VECTOR('',#6680,10.);
#1893=VECTOR('',#6681,10.);
#1894=VECTOR('',#6682,10.);
#1895=VECTOR('',#6685,10.);
#1896=VECTOR('',#6686,10.);
#1897=VECTOR('',#6689,10.);
#1898=VECTOR('',#6690,10.);
#1899=VECTOR('',#6691,10.);
#1900=VECTOR('',#6692,10.);
#1901=VECTOR('',#6697,10.);
#1902=VECTOR('',#6698,10.);
#1903=VECTOR('',#6701,10.);
#1904=VECTOR('',#6702,10.);
#1905=VECTOR('',#6703,10.);
#1906=VECTOR('',#6704,10.);
#1907=VECTOR('',#6705,10.);
#1908=VECTOR('',#6706,10.);
#1909=VECTOR('',#6709,10.);
#1910=VECTOR('',#6710,10.);
#1911=VECTOR('',#6713,10.);
#1912=VECTOR('',#6714,10.);
#1913=VECTOR('',#6739,4.50000000079143);
#1914=VECTOR('',#6740,4.49999999999651);
#1915=VECTOR('',#6743,4.50000000000836);
#1916=VECTOR('',#6746,4.50000000001243);
#1917=VECTOR('',#6749,4.5000000000171);
#1918=VECTOR('',#6750,3.15207092425855);
#1919=VECTOR('',#6753,4.5000000000175);
#1920=VECTOR('',#6758,4.50000000001842);
#1921=VECTOR('',#6759,2.77272939470163);
#1922=VECTOR('',#6762,4.50000000001758);
#1923=VECTOR('',#6767,4.50000000001186);
#1924=VECTOR('',#6768,4.22609576823457);
#1925=VECTOR('',#6769,10.);
#1926=VECTOR('',#6772,10.);
#1927=VECTOR('',#6773,10.);
#1928=VECTOR('',#6774,10.);
#1929=VECTOR('',#6775,10.);
#1930=VECTOR('',#6776,10.);
#1931=VECTOR('',#6777,10.);
#1932=VECTOR('',#6778,10.);
#1933=VECTOR('',#6783,10.);
#1934=VECTOR('',#6792,10.);
#1935=VECTOR('',#6793,10.);
#1936=VECTOR('',#6798,10.);
#1937=VECTOR('',#6799,10.);
#1938=VECTOR('',#6806,10.);
#1939=VECTOR('',#6807,10.);
#1940=VECTOR('',#6808,10.);
#1941=VECTOR('',#6809,10.);
#1942=VECTOR('',#6816,10.);
#1943=VECTOR('',#6817,10.);
#1944=VECTOR('',#6818,10.);
#1945=VECTOR('',#6819,10.);
#1946=VECTOR('',#6822,10.);
#1947=VECTOR('',#6827,10.);
#1948=VECTOR('',#6830,10.);
#1949=VECTOR('',#6835,10.);
#1950=VECTOR('',#6838,10.);
#1951=VECTOR('',#6843,10.);
#1952=VECTOR('',#6844,10.);
#1953=VECTOR('',#6849,10.);
#1954=VECTOR('',#6850,10.);
#1955=VECTOR('',#6855,10.);
#1956=VECTOR('',#6856,10.);
#1957=VECTOR('',#6863,10.);
#1958=VECTOR('',#6864,10.);
#1959=VECTOR('',#6865,10.);
#1960=VECTOR('',#6866,10.);
#1961=VECTOR('',#6877,4.50000000000097);
#1962=VECTOR('',#6880,4.50000000000097);
#1963=VECTOR('',#6883,4.49999999999794);
#1964=VECTOR('',#6884,0.302391593633727);
#1965=VECTOR('',#6887,4.50000000000024);
#1966=VECTOR('',#6890,4.50000000000014);
#1967=VECTOR('',#6893,4.49999999999998);
#1968=VECTOR('',#6896,4.50000000000103);
#1969=VECTOR('',#6899,4.50000000000107);
#1970=VECTOR('',#6902,4.50000000000184);
#1971=VECTOR('',#6903,4.50000000000352);
#1972=VECTOR('',#6906,4.50000000000354);
#1973=VECTOR('',#6909,4.50000000000533);
#1974=VECTOR('',#6912,4.50000000000516);
#1975=VECTOR('',#6915,4.5000000000042);
#1976=VECTOR('',#6918,4.50000000000415);
#1977=VECTOR('',#6923,0.5);
#1978=VECTOR('',#6924,0.326357180048435);
#1979=VECTOR('',#6929,10.);
#1980=VECTOR('',#6930,0.5);
#1981=VECTOR('',#6939,81.);
#1982=VECTOR('',#6940,4.50000000000295);
#1983=VECTOR('',#6949,132.);
#1984=VECTOR('',#6952,16.);
#1985=VECTOR('',#6955,132.);
#1986=VECTOR('',#6958,16.);
#1987=VECTOR('',#6959,5.07249402345994);
#1988=VECTOR('',#6962,2.27272727272728);
#1989=VECTOR('',#6965,17.);
#1990=VECTOR('',#6968,6.30305479423503);
#1991=VECTOR('',#6977,0.290897442960154);
#1992=VECTOR('',#6978,1.54402376517706);
#1993=VECTOR('',#6981,0.936501513600417);
#1994=VECTOR('',#6984,14.0444901102715);
#1995=VECTOR('',#6987,2.82612456026651);
#1996=VECTOR('',#6990,14.0367447951352);
#1997=VECTOR('',#6993,0.943812363995266);
#1998=VECTOR('',#6996,1.54177900767689);
#1999=VECTOR('',#6999,2.5784273852164);
#2000=VECTOR('',#7002,4.05677854809578);
#2001=VECTOR('',#7005,2.57585352228445);
#2002=VECTOR('',#7008,2.27272727272728);
#2003=VECTOR('',#7011,12.711038961039);
#2004=VECTOR('',#7014,5.69805194805194);
#2005=VECTOR('',#7017,2.03896103896104);
#2006=VECTOR('',#7020,10.2207792207792);
#2007=VECTOR('',#7023,17.);
#2008=VECTOR('',#7026,2.57585352228445);
#2009=VECTOR('',#7029,1.54402376517708);
#2010=VECTOR('',#7032,0.936501513600418);
#2011=VECTOR('',#7035,14.0444901102715);
#2012=VECTOR('',#7038,2.8261245602665);
#2013=VECTOR('',#7041,14.0367447951352);
#2014=VECTOR('',#7044,0.943812363995287);
#2015=VECTOR('',#7047,1.54177900767686);
#2016=VECTOR('',#7050,2.57842738521639);
#2017=VECTOR('',#7053,4.05677854809579);
#2018=VECTOR('',#7056,1.80519480519481);
#2019=VECTOR('',#7059,5.93181818181818);
#2020=VECTOR('',#7062,1.40909090909091);
#2021=VECTOR('',#7065,6.63311688311688);
#2022=VECTOR('',#7068,2.03896103896104);
#2023=VECTOR('',#7071,11.1558441558442);
#2024=VECTOR('',#7074,17.);
#2025=VECTOR('',#7077,10.9220779220779);
#2026=VECTOR('',#7080,2.03896103896104);
#2027=VECTOR('',#7083,6.39935064935065);
#2028=VECTOR('',#7086,0.707792207792208);
#2029=VECTOR('',#7089,5.93181818181818);
#2030=VECTOR('',#7092,2.57150350725224);
#2031=VECTOR('',#7095,3.17488954902931);
#2032=VECTOR('',#7098,3.17488954902929);
#2033=VECTOR('',#7101,2.57182445942214);
#2034=VECTOR('',#7104,8.10174461907382);
#2035=VECTOR('',#7107,9.01250524292098);
#2036=VECTOR('',#7110,2.57179260675549);
#2037=VECTOR('',#7113,4.08603782922455);
#2038=VECTOR('',#7116,4.08603782922455);
#2039=VECTOR('',#7119,2.57149836376787);
#2040=VECTOR('',#7122,9.01337320331655);
#2041=VECTOR('',#7125,8.1025857646778);
#2042=VECTOR('',#7130,4.5);
#2043=VECTOR('',#7131,10.2207792207792);
#2044=VECTOR('',#7132,4.5);
#2045=VECTOR('',#7135,4.5);
#2046=VECTOR('',#7136,2.03896103896104);
#2047=VECTOR('',#7137,4.5);
#2048=VECTOR('',#7140,4.5);
#2049=VECTOR('',#7141,5.69805194805194);
#2050=VECTOR('',#7142,4.5);
#2051=VECTOR('',#7145,4.5);
#2052=VECTOR('',#7146,12.711038961039);
#2053=VECTOR('',#7147,4.5);
#2054=VECTOR('',#7150,4.5);
#2055=VECTOR('',#7151,2.27272727272728);
#2056=VECTOR('',#7152,4.5);
#2057=VECTOR('',#7155,4.5);
#2058=VECTOR('',#7156,17.);
#2059=VECTOR('',#7157,4.5);
#2060=VECTOR('',#7160,5.69805194805194);
#2061=VECTOR('',#7163,12.711038961039);
#2062=VECTOR('',#7164,2.27272727272728);
#2063=VECTOR('',#7165,17.);
#2064=VECTOR('',#7166,10.2207792207792);
#2065=VECTOR('',#7167,2.03896103896104);
#2066=VECTOR('',#7172,0.936501513600783);
#2067=VECTOR('',#7173,1.54402376517695);
#2068=VECTOR('',#7174,2.57585352228445);
#2069=VECTOR('',#7177,4.05677854809579);
#2070=VECTOR('',#7180,2.57842738521639);
#2071=VECTOR('',#7181,1.54177900767699);
#2072=VECTOR('',#7182,0.943812363994923);
#2073=VECTOR('',#7185,14.0367447951356);
#2074=VECTOR('',#7186,2.8261245602665);
#2075=VECTOR('',#7187,14.0444901102712);
#2076=VECTOR('',#7188,2.74914738673574);
#2077=VECTOR('',#7191,2.74959675248337);
#2078=VECTOR('',#7194,1.75112694099588);
#2079=VECTOR('',#7199,4.5);
#2080=VECTOR('',#7200,14.0367447951356);
#2081=VECTOR('',#7201,4.5);
#2082=VECTOR('',#7204,4.5);
#2083=VECTOR('',#7205,2.8261245602665);
#2084=VECTOR('',#7206,4.5);
#2085=VECTOR('',#7209,4.5);
#2086=VECTOR('',#7210,14.0444901102712);
#2087=VECTOR('',#7211,4.5);
#2088=VECTOR('',#7214,4.5);
#2089=VECTOR('',#7215,1.54402376517695);
#2090=VECTOR('',#7216,4.5);
#2091=VECTOR('',#7219,4.5);
#2092=VECTOR('',#7220,2.57585352228445);
#2093=VECTOR('',#7221,4.5);
#2094=VECTOR('',#7224,4.5);
#2095=VECTOR('',#7225,4.05677854809579);
#2096=VECTOR('',#7226,4.5);
#2097=VECTOR('',#7229,4.5);
#2098=VECTOR('',#7230,2.5784273852164);
#2099=VECTOR('',#7231,4.5);
#2100=VECTOR('',#7234,4.5);
#2101=VECTOR('',#7235,1.54177900767699);
#2102=VECTOR('',#7236,4.5);
#2103=VECTOR('',#7237,4.50000000005843);
#2104=VECTOR('',#7238,4.49999999999929);
#2105=VECTOR('',#7239,4.49999999999912);
#2106=VECTOR('',#7240,4.50000000000107);
#2107=VECTOR('',#7241,4.5000000000011);
#2108=VECTOR('',#7244,4.5);
#2109=VECTOR('',#7245,11.1558441558442);
#2110=VECTOR('',#7246,4.5);
#2111=VECTOR('',#7249,4.5);
#2112=VECTOR('',#7250,2.03896103896104);
#2113=VECTOR('',#7251,4.5);
#2114=VECTOR('',#7254,4.5);
#2115=VECTOR('',#7255,6.63311688311688);
#2116=VECTOR('',#7256,4.5);
#2117=VECTOR('',#7259,4.5);
#2118=VECTOR('',#7260,1.40909090909091);
#2119=VECTOR('',#7261,4.5);
#2120=VECTOR('',#7264,4.5);
#2121=VECTOR('',#7265,5.93181818181818);
#2122=VECTOR('',#7266,4.5);
#2123=VECTOR('',#7269,4.5);
#2124=VECTOR('',#7270,1.80519480519481);
#2125=VECTOR('',#7271,4.5);
#2126=VECTOR('',#7274,4.5);
#2127=VECTOR('',#7275,5.93181818181818);
#2128=VECTOR('',#7276,4.5);
#2129=VECTOR('',#7279,4.5);
#2130=VECTOR('',#7280,0.707792207792208);
#2131=VECTOR('',#7281,4.5);
#2132=VECTOR('',#7284,4.5);
#2133=VECTOR('',#7285,6.39935064935065);
#2134=VECTOR('',#7286,4.5);
#2135=VECTOR('',#7289,4.5);
#2136=VECTOR('',#7290,2.03896103896104);
#2137=VECTOR('',#7291,4.5);
#2138=VECTOR('',#7294,4.5);
#2139=VECTOR('',#7295,10.9220779220779);
#2140=VECTOR('',#7296,4.5);
#2141=VECTOR('',#7299,4.5);
#2142=VECTOR('',#7300,17.);
#2143=VECTOR('',#7301,4.5);
#2144=VECTOR('',#7304,1.40909090909091);
#2145=VECTOR('',#7307,5.93181818181818);
#2146=VECTOR('',#7308,1.8051948051948);
#2147=VECTOR('',#7309,5.93181818181818);
#2148=VECTOR('',#7312,0.707792207792208);
#2149=VECTOR('',#7315,6.39935064935065);
#2150=VECTOR('',#7316,2.03896103896104);
#2151=VECTOR('',#7317,10.9220779220779);
#2152=VECTOR('',#7318,17.);
#2153=VECTOR('',#7319,11.1558441558442);
#2154=VECTOR('',#7320,2.03896103896104);
#2155=VECTOR('',#7321,6.63311688311688);
#2156=VECTOR('',#7326,4.50000000001871);
#2157=VECTOR('',#7327,4.50000000001781);
#2158=VECTOR('',#7330,4.50000000001779);
#2159=VECTOR('',#7331,4.49999999999647);
#2160=VECTOR('',#7332,4.49999999998815);
#2161=VECTOR('',#7335,4.49999999998917);
#2162=VECTOR('',#7338,4.49999999998919);
#2163=VECTOR('',#7339,4.50000000001787);
#2164=VECTOR('',#7342,0.941558441558441);
#2165=VECTOR('',#7343,4.49999999999385);
#2166=VECTOR('',#7344,4.49999999998997);
#2167=VECTOR('',#7347,4.49999999999295);
#2168=VECTOR('',#7348,0.781250000000002);
#2169=VECTOR('',#7355,14.0444901102966);
#2170=VECTOR('',#7358,0.936501513600781);
#2171=VECTOR('',#7359,1.5440237652039);
#2172=VECTOR('',#7360,2.57585352231001);
#2173=VECTOR('',#7363,4.05677854809578);
#2174=VECTOR('',#7366,2.5784273852164);
#2175=VECTOR('',#7367,1.54177900770255);
#2176=VECTOR('',#7368,0.943812364021865);
#2177=VECTOR('',#7371,14.0367447951356);
#2178=VECTOR('',#7372,2.82612456029196);
#2179=VECTOR('',#7373,2.74914738673573);
#2180=VECTOR('',#7376,2.74959675248337);
#2181=VECTOR('',#7379,1.75112694099587);
#2182=VECTOR('',#7384,4.50000000002697);
#2183=VECTOR('',#7385,14.0367447951356);
#2184=VECTOR('',#7386,4.50000000002696);
#2185=VECTOR('',#7389,4.50000000002697);
#2186=VECTOR('',#7390,2.82612456026651);
#2187=VECTOR('',#7391,4.50000000002697);
#2188=VECTOR('',#7394,4.50000000002697);
#2189=VECTOR('',#7395,14.0444901102712);
#2190=VECTOR('',#7396,4.50000000002697);
#2191=VECTOR('',#7399,4.50000000002697);
#2192=VECTOR('',#7400,1.54402376517694);
#2193=VECTOR('',#7401,4.50000000002697);
#2194=VECTOR('',#7404,4.50000000002697);
#2195=VECTOR('',#7405,2.57585352228445);
#2196=VECTOR('',#7406,4.50000000002697);
#2197=VECTOR('',#7409,4.50000000002697);
#2198=VECTOR('',#7410,4.05677854809578);
#2199=VECTOR('',#7411,4.50000000002697);
#2200=VECTOR('',#7414,4.50000000002697);
#2201=VECTOR('',#7415,2.5784273852164);
#2202=VECTOR('',#7416,4.50000000002697);
#2203=VECTOR('',#7419,4.50000000002697);
#2204=VECTOR('',#7420,1.54177900767701);
#2205=VECTOR('',#7421,4.50000000002697);
#2206=VECTOR('',#7424,4.5);
#2207=VECTOR('',#7425,2.57149836376787);
#2208=VECTOR('',#7426,4.5);
#2209=VECTOR('',#7429,4.5);
#2210=VECTOR('',#7430,4.08603782922455);
#2211=VECTOR('',#7431,4.5);
#2212=VECTOR('',#7434,4.5);
#2213=VECTOR('',#7435,4.08603782922455);
#2214=VECTOR('',#7436,4.5);
#2215=VECTOR('',#7439,4.5);
#2216=VECTOR('',#7440,2.57179260675549);
#2217=VECTOR('',#7441,4.5);
#2218=VECTOR('',#7444,4.5);
#2219=VECTOR('',#7445,9.01250524292098);
#2220=VECTOR('',#7446,4.5);
#2221=VECTOR('',#7449,4.5);
#2222=VECTOR('',#7450,8.10174461907382);
#2223=VECTOR('',#7451,4.5);
#2224=VECTOR('',#7454,4.5);
#2225=VECTOR('',#7455,2.57182445942214);
#2226=VECTOR('',#7456,4.5);
#2227=VECTOR('',#7459,4.5);
#2228=VECTOR('',#7460,3.1748895490293);
#2229=VECTOR('',#7461,4.5);
#2230=VECTOR('',#7464,4.5);
#2231=VECTOR('',#7465,3.17488954902931);
#2232=VECTOR('',#7466,4.5);
#2233=VECTOR('',#7469,4.5);
#2234=VECTOR('',#7470,2.57150350725224);
#2235=VECTOR('',#7471,4.5);
#2236=VECTOR('',#7474,4.5);
#2237=VECTOR('',#7475,8.1025857646778);
#2238=VECTOR('',#7476,4.5);
#2239=VECTOR('',#7479,4.5);
#2240=VECTOR('',#7480,9.01337320331655);
#2241=VECTOR('',#7481,4.5);
#2242=VECTOR('',#7484,3.17488954902929);
#2243=VECTOR('',#7487,3.1748895490293);
#2244=VECTOR('',#7488,2.57150350725222);
#2245=VECTOR('',#7489,8.10258576467778);
#2246=VECTOR('',#7492,9.01337320331655);
#2247=VECTOR('',#7493,2.57149836376786);
#2248=VECTOR('',#7494,4.08603782922455);
#2249=VECTOR('',#7497,4.08603782922455);
#2250=VECTOR('',#7498,2.57179260675548);
#2251=VECTOR('',#7499,9.01250524292098);
#2252=VECTOR('',#7502,8.10174461907382);
#2253=VECTOR('',#7503,2.57182445942214);
#2254=VECTOR('',#7506,4.49999999999999);
#2255=VECTOR('',#7507,1.75112694099587);
#2256=VECTOR('',#7508,4.49999999999999);
#2257=VECTOR('',#7509,1.75112694099587);
#2258=VECTOR('',#7512,4.49999999999999);
#2259=VECTOR('',#7513,2.74959675248336);
#2260=VECTOR('',#7514,4.49999999999999);
#2261=VECTOR('',#7515,2.74959675248337);
#2262=VECTOR('',#7518,4.49999999999999);
#2263=VECTOR('',#7519,2.74914738673573);
#2264=VECTOR('',#7520,4.49999999999999);
#2265=VECTOR('',#7521,2.74914738673573);
#2266=VECTOR('',#7524,4.5);
#2267=VECTOR('',#7525,1.75112694099588);
#2268=VECTOR('',#7526,4.5);
#2269=VECTOR('',#7527,1.75112694099588);
#2270=VECTOR('',#7530,4.5);
#2271=VECTOR('',#7531,2.74959675248337);
#2272=VECTOR('',#7532,4.5);
#2273=VECTOR('',#7533,2.74959675248337);
#2274=VECTOR('',#7536,4.5);
#2275=VECTOR('',#7537,2.74914738673574);
#2276=VECTOR('',#7538,4.5);
#2277=VECTOR('',#7539,2.74914738673575);
#2278=VECTOR('',#7636,4.50000000000077);
#2279=VECTOR('',#7639,4.50000000002695);
#2280=VECTOR('',#7640,0.943812363994901);
#2281=VECTOR('',#7641,4.50000000002697);
#2282=VECTOR('',#7644,4.50000000002698);
#2283=VECTOR('',#7645,0.936501513600781);
#2284=VECTOR('',#7646,4.50000000002698);
#2285=VECTOR('',#7649,4.49999999999998);
#2286=VECTOR('',#7650,0.943812363994923);
#2287=VECTOR('',#7651,4.5);
#2288=VECTOR('',#7654,4.50000000000002);
#2289=VECTOR('',#7655,0.936501513600783);
#2290=VECTOR('',#7656,4.50000000000026);
#2291=VECTOR('',#7821,0.707106781186545);
#2292=VECTOR('',#7822,0.707106781186547);
#2293=VECTOR('',#7825,0.707106781186547);
#2294=VECTOR('',#7828,0.707106781186545);
#2295=VECTOR('',#7831,0.707106781186551);
#2296=VECTOR('',#7834,0.707106781186547);
#2297=VECTOR('',#7837,0.707106781186551);
#2298=VECTOR('',#7840,0.707106781186547);
#2299=VECTOR('',#7843,0.707106781186547);
#2300=VECTOR('',#7846,0.707106781186545);
#2301=VECTOR('',#7849,0.707106781186547);
#2302=VECTOR('',#7852,0.707106781186545);
#2303=VECTOR('',#7857,0.707106781186547);
#2304=VECTOR('',#7858,0.707106781186548);
#2305=VECTOR('',#7861,0.707106781186561);
#2306=VECTOR('',#7864,0.707106781186547);
#2307=VECTOR('',#7867,0.707106781186548);
#2308=VECTOR('',#7870,0.707106781186548);
#2309=VECTOR('',#7873,0.707106781186552);
#2310=VECTOR('',#7876,0.707106781186545);
#2311=VECTOR('',#7879,0.707106781186547);
#2312=VECTOR('',#7882,0.707106781186546);
#2313=VECTOR('',#7885,0.707106781186547);
#2314=VECTOR('',#7888,0.707106781186547);
#2315=VECTOR('',#7891,0.707106781186549);
#2316=VECTOR('',#7894,0.707106781186551);
#2317=VECTOR('',#7897,0.707106781186545);
#2318=VECTOR('',#7900,0.707106781186548);
#2319=VECTOR('',#7903,0.707106781186193);
#2320=VECTOR('',#7906,0.707106781186547);
#2321=VECTOR('',#7909,0.707106781186532);
#2322=VECTOR('',#7912,0.707106781186547);
#2323=VECTOR('',#7917,0.707106781186541);
#2324=VECTOR('',#7918,0.707106781186541);
#2325=VECTOR('',#7921,0.707106781186541);
#2326=VECTOR('',#7924,0.707106781186536);
#2327=VECTOR('',#7927,0.707106781186548);
#2328=VECTOR('',#7930,0.707106781186535);
#2329=VECTOR('',#7935,0.70710678118656);
#2330=VECTOR('',#7936,0.707106781186546);
#2331=VECTOR('',#7939,0.707106781186558);
#2332=VECTOR('',#7942,0.707106781186554);
#2333=VECTOR('',#7945,0.707106781186551);
#2334=VECTOR('',#7948,0.707106781186551);
#2335=VECTOR('',#7951,0.707106781186551);
#2336=VECTOR('',#7954,0.707106781186545);
#2337=VECTOR('',#7957,0.707106781186544);
#2338=VECTOR('',#7960,0.707106781186556);
#2339=VECTOR('',#7963,0.707106781186545);
#2340=VECTOR('',#7966,0.70710678118655);
#2341=VECTOR('',#7969,0.707106781186548);
#2342=VECTOR('',#7972,0.707106781186557);
#2343=VECTOR('',#7975,0.707106781186547);
#2344=VECTOR('',#7978,0.707106781186548);
#2345=VECTOR('',#7981,0.707106781186548);
#2346=VECTOR('',#7984,0.707106781186552);
#2347=VECTOR('',#7987,0.707106781186552);
#2348=VECTOR('',#7990,0.707106781186552);
#2349=VECTOR('',#7993,0.70710678118655);
#2350=VECTOR('',#7996,0.707106781186559);
#2351=VECTOR('',#7999,0.70710678118655);
#2352=VECTOR('',#8002,0.707106781186563);
#2353=VECTOR('',#8007,0.707106781148418);
#2354=VECTOR('',#8008,0.707106781161387);
#2355=VECTOR('',#8011,0.707106781148413);
#2356=VECTOR('',#8014,0.707106781148412);
#2357=VECTOR('',#8017,0.707106781167478);
#2358=VECTOR('',#8020,0.707106781148412);
#2359=VECTOR('',#8023,0.707106781148423);
#2360=VECTOR('',#8026,0.707106781148412);
#2361=VECTOR('',#8029,0.707106781148418);
#2362=VECTOR('',#8032,0.70710678114841);
#2363=VECTOR('',#8035,0.707106781148415);
#2364=VECTOR('',#8038,0.707106781161398);
#2365=VECTOR('',#8041,0.707106781161185);
#2366=VECTOR('',#8044,0.707106781148413);
#2367=VECTOR('',#8047,0.707106781148413);
#2368=VECTOR('',#8050,0.707106781167479);
#2369=VECTOR('',#8053,0.707106781161186);
#2370=VECTOR('',#8056,0.707106781148404);
#2371=VECTOR('',#8059,0.707106781148422);
#2372=VECTOR('',#8062,0.707106781148404);
#2373=VECTOR('',#8067,0.707106781186571);
#2374=VECTOR('',#8068,0.707106781186569);
#2375=VECTOR('',#8071,0.707106781186567);
#2376=VECTOR('',#8074,0.707106781186578);
#2377=VECTOR('',#8077,0.70710678118657);
#2378=VECTOR('',#8080,0.707106781186575);
#2379=VECTOR('',#8085,0.707106781186546);
#2380=VECTOR('',#8086,0.707106781186547);
#2381=VECTOR('',#8089,0.707106781186547);
#2382=VECTOR('',#8092,0.707106781186547);
#2383=VECTOR('',#8095,0.707106781186547);
#2384=VECTOR('',#8098,0.707106781186547);
#2385=VECTOR('',#8101,0.707106781186547);
#2386=VECTOR('',#8104,0.707106781186547);
#2387=VECTOR('',#8107,0.707106781186547);
#2388=VECTOR('',#8110,0.707106781186546);
#2389=VECTOR('',#8113,0.707106781186547);
#2390=VECTOR('',#8116,0.707106781186546);
#2391=VECTOR('',#8119,0.707106781186547);
#2392=VECTOR('',#8122,0.707106781186546);
#2393=VECTOR('',#8125,0.707106781186547);
#2394=VECTOR('',#8128,0.707106781186546);
#2395=VECTOR('',#8131,0.707106781186547);
#2396=VECTOR('',#8134,0.707106781186547);
#2397=VECTOR('',#8137,0.707106781186547);
#2398=VECTOR('',#8140,0.707106781186547);
#2399=VECTOR('',#8143,0.707106781186546);
#2400=VECTOR('',#8146,0.707106781186547);
#2401=VECTOR('',#8149,0.707106781186546);
#2402=VECTOR('',#8152,0.707106781186547);
#2403=VECTOR('',#8157,0.707106781186548);
#2404=VECTOR('',#8158,0.707106781186548);
#2405=VECTOR('',#8161,0.707106781186547);
#2406=VECTOR('',#8164,0.707106781186547);
#2407=VECTOR('',#8167,0.707106781186547);
#2408=VECTOR('',#8170,0.707106781186547);
#2409=VECTOR('',#8173,0.707106781186548);
#2410=VECTOR('',#8176,0.707106781186545);
#2411=VERTEX_POINT('',#8181);
#2412=VERTEX_POINT('',#8182);
#2413=VERTEX_POINT('',#8184);
#2414=VERTEX_POINT('',#8186);
#2415=VERTEX_POINT('',#8190);
#2416=VERTEX_POINT('',#8191);
#2417=VERTEX_POINT('',#8196);
#2418=VERTEX_POINT('',#8197);
#2419=VERTEX_POINT('',#8202);
#2420=VERTEX_POINT('',#8203);
#2421=VERTEX_POINT('',#8208);
#2422=VERTEX_POINT('',#8209);
#2423=VERTEX_POINT('',#8214);
#2424=VERTEX_POINT('',#8215);
#2425=VERTEX_POINT('',#8220);
#2426=VERTEX_POINT('',#8221);
#2427=VERTEX_POINT('',#8229);
#2428=VERTEX_POINT('',#8231);
#2429=VERTEX_POINT('',#8235);
#2430=VERTEX_POINT('',#8239);
#2431=VERTEX_POINT('',#8243);
#2432=VERTEX_POINT('',#8248);
#2433=VERTEX_POINT('',#8252);
#2434=VERTEX_POINT('',#8256);
#2435=VERTEX_POINT('',#8325);
#2436=VERTEX_POINT('',#8326);
#2437=VERTEX_POINT('',#8343);
#2438=VERTEX_POINT('',#8357);
#2439=VERTEX_POINT('',#8599);
#2440=VERTEX_POINT('',#8649);
#2441=VERTEX_POINT('',#8763);
#2442=VERTEX_POINT('',#8778);
#2443=VERTEX_POINT('',#8796);
#2444=VERTEX_POINT('',#8798);
#2445=VERTEX_POINT('',#8802);
#2446=VERTEX_POINT('',#8803);
#2447=VERTEX_POINT('',#8808);
#2448=VERTEX_POINT('',#8809);
#2449=VERTEX_POINT('',#8814);
#2450=VERTEX_POINT('',#8815);
#2451=VERTEX_POINT('',#8823);
#2452=VERTEX_POINT('',#8825);
#2453=VERTEX_POINT('',#8829);
#2454=VERTEX_POINT('',#8870);
#2455=VERTEX_POINT('',#8913);
#2456=VERTEX_POINT('',#8927);
#2457=VERTEX_POINT('',#8928);
#2458=VERTEX_POINT('',#8936);
#2459=VERTEX_POINT('',#8946);
#2460=VERTEX_POINT('',#8948);
#2461=VERTEX_POINT('',#8950);
#2462=VERTEX_POINT('',#8952);
#2463=VERTEX_POINT('',#8964);
#2464=VERTEX_POINT('',#8966);
#2465=VERTEX_POINT('',#8978);
#2466=VERTEX_POINT('',#9002);
#2467=VERTEX_POINT('',#9004);
#2468=VERTEX_POINT('',#9006);
#2469=VERTEX_POINT('',#9010);
#2470=VERTEX_POINT('',#9012);
#2471=VERTEX_POINT('',#9016);
#2472=VERTEX_POINT('',#9018);
#2473=VERTEX_POINT('',#9121);
#2474=VERTEX_POINT('',#9123);
#2475=VERTEX_POINT('',#9151);
#2476=VERTEX_POINT('',#9155);
#2477=VERTEX_POINT('',#9157);
#2478=VERTEX_POINT('',#9204);
#2479=VERTEX_POINT('',#9218);
#2480=VERTEX_POINT('',#9265);
#2481=VERTEX_POINT('',#9279);
#2482=VERTEX_POINT('',#9281);
#2483=VERTEX_POINT('',#9312);
#2484=VERTEX_POINT('',#9314);
#2485=VERTEX_POINT('',#9359);
#2486=VERTEX_POINT('',#9371);
#2487=VERTEX_POINT('',#9375);
#2488=VERTEX_POINT('',#9406);
#2489=VERTEX_POINT('',#9408);
#2490=VERTEX_POINT('',#9421);
#2491=VERTEX_POINT('',#9442);
#2492=VERTEX_POINT('',#9452);
#2493=VERTEX_POINT('',#9456);
#2494=VERTEX_POINT('',#9460);
#2495=VERTEX_POINT('',#9464);
#2496=VERTEX_POINT('',#9468);
#2497=VERTEX_POINT('',#9489);
#2498=VERTEX_POINT('',#9529);
#2499=VERTEX_POINT('',#9635);
#2500=VERTEX_POINT('',#9636);
#2501=VERTEX_POINT('',#9647);
#2502=VERTEX_POINT('',#9668);
#2503=VERTEX_POINT('',#9693);
#2504=VERTEX_POINT('',#9694);
#2505=VERTEX_POINT('',#9696);
#2506=VERTEX_POINT('',#9698);
#2507=VERTEX_POINT('',#9717);
#2508=VERTEX_POINT('',#9718);
#2509=VERTEX_POINT('',#9744);
#2510=VERTEX_POINT('',#9745);
#2511=VERTEX_POINT('',#9771);
#2512=VERTEX_POINT('',#9772);
#2513=VERTEX_POINT('',#9783);
#2514=VERTEX_POINT('',#9785);
#2515=VERTEX_POINT('',#9887);
#2516=VERTEX_POINT('',#9888);
#2517=VERTEX_POINT('',#9890);
#2518=VERTEX_POINT('',#10010);
#2519=VERTEX_POINT('',#10011);
#2520=VERTEX_POINT('',#10013);
#2521=VERTEX_POINT('',#10052);
#2522=VERTEX_POINT('',#10053);
#2523=VERTEX_POINT('',#10055);
#2524=VERTEX_POINT('',#10062);
#2525=VERTEX_POINT('',#10063);
#2526=VERTEX_POINT('',#10065);
#2527=VERTEX_POINT('',#10070);
#2528=VERTEX_POINT('',#10071);
#2529=VERTEX_POINT('',#10111);
#2530=VERTEX_POINT('',#10112);
#2531=VERTEX_POINT('',#10133);
#2532=VERTEX_POINT('',#10134);
#2533=VERTEX_POINT('',#10214);
#2534=VERTEX_POINT('',#10215);
#2535=VERTEX_POINT('',#10256);
#2536=VERTEX_POINT('',#10257);
#2537=VERTEX_POINT('',#10345);
#2538=VERTEX_POINT('',#10346);
#2539=VERTEX_POINT('',#10462);
#2540=VERTEX_POINT('',#10463);
#2541=VERTEX_POINT('',#10571);
#2542=VERTEX_POINT('',#10572);
#2543=VERTEX_POINT('',#10574);
#2544=VERTEX_POINT('',#10676);
#2545=VERTEX_POINT('',#10677);
#2546=VERTEX_POINT('',#10679);
#2547=VERTEX_POINT('',#10716);
#2548=VERTEX_POINT('',#10718);
#2549=VERTEX_POINT('',#10727);
#2550=VERTEX_POINT('',#10729);
#2551=VERTEX_POINT('',#10733);
#2552=VERTEX_POINT('',#10737);
#2553=VERTEX_POINT('',#10756);
#2554=VERTEX_POINT('',#10769);
#2555=VERTEX_POINT('',#10806);
#2556=VERTEX_POINT('',#10826);
#2557=VERTEX_POINT('',#10871);
#2558=VERTEX_POINT('',#10933);
#2559=VERTEX_POINT('',#10954);
#2560=VERTEX_POINT('',#10991);
#2561=VERTEX_POINT('',#11011);
#2562=VERTEX_POINT('',#11088);
#2563=VERTEX_POINT('',#11128);
#2564=VERTEX_POINT('',#11132);
#2565=VERTEX_POINT('',#11152);
#2566=VERTEX_POINT('',#11157);
#2567=VERTEX_POINT('',#11169);
#2568=VERTEX_POINT('',#11175);
#2569=VERTEX_POINT('',#11176);
#2570=VERTEX_POINT('',#11181);
#2571=VERTEX_POINT('',#11203);
#2572=VERTEX_POINT('',#11231);
#2573=VERTEX_POINT('',#11232);
#2574=VERTEX_POINT('',#11234);
#2575=VERTEX_POINT('',#11236);
#2576=VERTEX_POINT('',#11238);
#2577=VERTEX_POINT('',#11240);
#2578=VERTEX_POINT('',#11242);
#2579=VERTEX_POINT('',#11244);
#2580=VERTEX_POINT('',#11247);
#2581=VERTEX_POINT('',#11249);
#2582=VERTEX_POINT('',#11251);
#2583=VERTEX_POINT('',#11253);
#2584=VERTEX_POINT('',#11255);
#2585=VERTEX_POINT('',#11257);
#2586=VERTEX_POINT('',#11259);
#2587=VERTEX_POINT('',#11261);
#2588=VERTEX_POINT('',#11282);
#2589=VERTEX_POINT('',#11300);
#2590=VERTEX_POINT('',#11302);
#2591=VERTEX_POINT('',#11324);
#2592=VERTEX_POINT('',#11326);
#2593=VERTEX_POINT('',#11340);
#2594=VERTEX_POINT('',#11343);
#2595=VERTEX_POINT('',#11344);
#2596=VERTEX_POINT('',#11346);
#2597=VERTEX_POINT('',#11348);
#2598=VERTEX_POINT('',#11350);
#2599=VERTEX_POINT('',#11352);
#2600=VERTEX_POINT('',#11354);
#2601=VERTEX_POINT('',#11356);
#2602=VERTEX_POINT('',#11358);
#2603=VERTEX_POINT('',#11360);
#2604=VERTEX_POINT('',#11362);
#2605=VERTEX_POINT('',#11364);
#2606=VERTEX_POINT('',#11366);
#2607=VERTEX_POINT('',#11368);
#2608=VERTEX_POINT('',#11370);
#2609=VERTEX_POINT('',#11372);
#2610=VERTEX_POINT('',#11374);
#2611=VERTEX_POINT('',#11376);
#2612=VERTEX_POINT('',#11378);
#2613=VERTEX_POINT('',#11380);
#2614=VERTEX_POINT('',#11383);
#2615=VERTEX_POINT('',#11384);
#2616=VERTEX_POINT('',#11386);
#2617=VERTEX_POINT('',#11388);
#2618=VERTEX_POINT('',#11390);
#2619=VERTEX_POINT('',#11392);
#2620=VERTEX_POINT('',#11394);
#2621=VERTEX_POINT('',#11396);
#2622=VERTEX_POINT('',#11398);
#2623=VERTEX_POINT('',#11400);
#2624=VERTEX_POINT('',#11402);
#2625=VERTEX_POINT('',#11404);
#2626=VERTEX_POINT('',#11407);
#2627=VERTEX_POINT('',#11408);
#2628=VERTEX_POINT('',#11410);
#2629=VERTEX_POINT('',#11412);
#2630=VERTEX_POINT('',#11414);
#2631=VERTEX_POINT('',#11416);
#2632=VERTEX_POINT('',#11418);
#2633=VERTEX_POINT('',#11420);
#2634=VERTEX_POINT('',#11422);
#2635=VERTEX_POINT('',#11424);
#2636=VERTEX_POINT('',#11426);
#2637=VERTEX_POINT('',#11428);
#2638=VERTEX_POINT('',#11430);
#2639=VERTEX_POINT('',#11432);
#2640=VERTEX_POINT('',#11434);
#2641=VERTEX_POINT('',#11436);
#2642=VERTEX_POINT('',#11438);
#2643=VERTEX_POINT('',#11440);
#2644=VERTEX_POINT('',#11442);
#2645=VERTEX_POINT('',#11444);
#2646=VERTEX_POINT('',#11447);
#2647=VERTEX_POINT('',#11448);
#2648=VERTEX_POINT('',#11450);
#2649=VERTEX_POINT('',#11452);
#2650=VERTEX_POINT('',#11454);
#2651=VERTEX_POINT('',#11456);
#2652=VERTEX_POINT('',#11458);
#2653=VERTEX_POINT('',#11460);
#2654=VERTEX_POINT('',#11462);
#2655=VERTEX_POINT('',#11464);
#2656=VERTEX_POINT('',#11466);
#2657=VERTEX_POINT('',#11468);
#2658=VERTEX_POINT('',#11470);
#2659=VERTEX_POINT('',#11472);
#2660=VERTEX_POINT('',#11474);
#2661=VERTEX_POINT('',#11476);
#2662=VERTEX_POINT('',#11478);
#2663=VERTEX_POINT('',#11480);
#2664=VERTEX_POINT('',#11482);
#2665=VERTEX_POINT('',#11484);
#2666=VERTEX_POINT('',#11486);
#2667=VERTEX_POINT('',#11488);
#2668=VERTEX_POINT('',#11490);
#2669=VERTEX_POINT('',#11492);
#2670=VERTEX_POINT('',#11495);
#2671=VERTEX_POINT('',#11496);
#2672=VERTEX_POINT('',#11498);
#2673=VERTEX_POINT('',#11500);
#2674=VERTEX_POINT('',#11502);
#2675=VERTEX_POINT('',#11504);
#2676=VERTEX_POINT('',#11506);
#2677=VERTEX_POINT('',#11508);
#2678=VERTEX_POINT('',#11510);
#2679=VERTEX_POINT('',#11512);
#2680=VERTEX_POINT('',#11514);
#2681=VERTEX_POINT('',#11516);
#2682=VERTEX_POINT('',#11518);
#2683=VERTEX_POINT('',#11520);
#2684=VERTEX_POINT('',#11522);
#2685=VERTEX_POINT('',#11524);
#2686=VERTEX_POINT('',#11526);
#2687=VERTEX_POINT('',#11528);
#2688=VERTEX_POINT('',#11530);
#2689=VERTEX_POINT('',#11532);
#2690=VERTEX_POINT('',#11534);
#2691=VERTEX_POINT('',#11536);
#2692=VERTEX_POINT('',#11538);
#2693=VERTEX_POINT('',#11540);
#2694=VERTEX_POINT('',#11544);
#2695=VERTEX_POINT('',#11546);
#2696=VERTEX_POINT('',#11550);
#2697=VERTEX_POINT('',#11552);
#2698=VERTEX_POINT('',#11556);
#2699=VERTEX_POINT('',#11558);
#2700=VERTEX_POINT('',#11562);
#2701=VERTEX_POINT('',#11564);
#2702=VERTEX_POINT('',#11568);
#2703=VERTEX_POINT('',#11570);
#2704=VERTEX_POINT('',#11574);
#2705=VERTEX_POINT('',#11576);
#2706=VERTEX_POINT('',#11580);
#2707=VERTEX_POINT('',#11581);
#2708=VERTEX_POINT('',#11583);
#2709=VERTEX_POINT('',#11585);
#2710=VERTEX_POINT('',#11587);
#2711=VERTEX_POINT('',#11589);
#2712=VERTEX_POINT('',#11591);
#2713=VERTEX_POINT('',#11595);
#2714=VERTEX_POINT('',#11596);
#2715=VERTEX_POINT('',#11598);
#2716=VERTEX_POINT('',#11600);
#2717=VERTEX_POINT('',#11602);
#2718=VERTEX_POINT('',#11604);
#2719=VERTEX_POINT('',#11606);
#2720=VERTEX_POINT('',#11608);
#2721=VERTEX_POINT('',#11610);
#2722=VERTEX_POINT('',#11612);
#2723=VERTEX_POINT('',#11614);
#2724=VERTEX_POINT('',#11616);
#2725=VERTEX_POINT('',#11618);
#2726=VERTEX_POINT('',#11620);
#2727=VERTEX_POINT('',#11623);
#2728=VERTEX_POINT('',#11624);
#2729=VERTEX_POINT('',#11626);
#2730=VERTEX_POINT('',#11628);
#2731=VERTEX_POINT('',#11630);
#2732=VERTEX_POINT('',#11632);
#2733=VERTEX_POINT('',#11636);
#2734=VERTEX_POINT('',#11638);
#2735=VERTEX_POINT('',#11642);
#2736=VERTEX_POINT('',#11644);
#2737=VERTEX_POINT('',#11648);
#2738=VERTEX_POINT('',#11650);
#2739=VERTEX_POINT('',#11654);
#2740=VERTEX_POINT('',#11656);
#2741=VERTEX_POINT('',#11660);
#2742=VERTEX_POINT('',#11662);
#2743=VERTEX_POINT('',#11666);
#2744=VERTEX_POINT('',#11668);
#2745=VERTEX_POINT('',#11672);
#2746=VERTEX_POINT('',#11674);
#2747=VERTEX_POINT('',#11678);
#2748=VERTEX_POINT('',#11680);
#2749=VERTEX_POINT('',#11791);
#2750=VERTEX_POINT('',#11793);
#2751=VERTEX_POINT('',#11797);
#2752=VERTEX_POINT('',#11799);
#2753=VERTEX_POINT('',#11803);
#2754=VERTEX_POINT('',#11805);
#2755=VERTEX_POINT('',#11809);
#2756=VERTEX_POINT('',#11811);
#2757=VERTEX_POINT('',#11815);
#2758=VERTEX_POINT('',#11817);
#2759=VERTEX_POINT('',#11821);
#2760=VERTEX_POINT('',#11823);
#2761=VERTEX_POINT('',#11827);
#2762=VERTEX_POINT('',#11829);
#2763=VERTEX_POINT('',#11833);
#2764=VERTEX_POINT('',#11835);
#2765=VERTEX_POINT('',#11839);
#2766=VERTEX_POINT('',#11841);
#2767=VERTEX_POINT('',#11845);
#2768=VERTEX_POINT('',#11847);
#2769=VERTEX_POINT('',#11851);
#2770=VERTEX_POINT('',#11853);
#2771=VERTEX_POINT('',#11857);
#2772=VERTEX_POINT('',#11859);
#2773=VERTEX_POINT('',#11863);
#2774=VERTEX_POINT('',#11864);
#2775=VERTEX_POINT('',#11866);
#2776=VERTEX_POINT('',#11868);
#2777=VERTEX_POINT('',#11870);
#2778=VERTEX_POINT('',#11872);
#2779=VERTEX_POINT('',#11874);
#2780=VERTEX_POINT('',#11876);
#2781=VERTEX_POINT('',#11878);
#2782=VERTEX_POINT('',#11880);
#2783=VERTEX_POINT('',#11882);
#2784=VERTEX_POINT('',#11884);
#2785=VERTEX_POINT('',#11886);
#2786=VERTEX_POINT('',#11888);
#2787=VERTEX_POINT('',#11890);
#2788=VERTEX_POINT('',#11892);
#2789=VERTEX_POINT('',#11952);
#2790=VERTEX_POINT('',#11977);
#2791=VERTEX_POINT('',#11991);
#2792=VERTEX_POINT('',#11997);
#2793=VERTEX_POINT('',#11998);
#2794=VERTEX_POINT('',#12000);
#2795=VERTEX_POINT('',#12002);
#2796=VERTEX_POINT('',#12004);
#2797=VERTEX_POINT('',#12006);
#2798=VERTEX_POINT('',#12008);
#2799=VERTEX_POINT('',#12010);
#2800=VERTEX_POINT('',#12012);
#2801=VERTEX_POINT('',#12014);
#2802=VERTEX_POINT('',#12016);
#2803=VERTEX_POINT('',#12018);
#2804=VERTEX_POINT('',#12020);
#2805=VERTEX_POINT('',#12022);
#2806=VERTEX_POINT('',#12025);
#2807=VERTEX_POINT('',#12026);
#2808=VERTEX_POINT('',#12028);
#2809=VERTEX_POINT('',#12030);
#2810=VERTEX_POINT('',#12032);
#2811=VERTEX_POINT('',#12034);
#2812=VERTEX_POINT('',#12038);
#2813=VERTEX_POINT('',#12040);
#2814=VERTEX_POINT('',#12044);
#2815=VERTEX_POINT('',#12046);
#2816=VERTEX_POINT('',#12050);
#2817=VERTEX_POINT('',#12052);
#2818=VERTEX_POINT('',#12056);
#2819=VERTEX_POINT('',#12058);
#2820=VERTEX_POINT('',#12062);
#2821=VERTEX_POINT('',#12064);
#2822=VERTEX_POINT('',#12068);
#2823=VERTEX_POINT('',#12070);
#2824=VERTEX_POINT('',#12074);
#2825=VERTEX_POINT('',#12076);
#2826=VERTEX_POINT('',#12080);
#2827=VERTEX_POINT('',#12082);
#2828=VERTEX_POINT('',#12086);
#2829=VERTEX_POINT('',#12088);
#2830=VERTEX_POINT('',#12092);
#2831=VERTEX_POINT('',#12094);
#2832=VERTEX_POINT('',#12098);
#2833=VERTEX_POINT('',#12100);
#2834=VERTEX_POINT('',#12104);
#2835=VERTEX_POINT('',#12106);
#2836=VERTEX_POINT('',#12110);
#2837=VERTEX_POINT('',#12112);
#2838=VERTEX_POINT('',#12116);
#2839=VERTEX_POINT('',#12118);
#2840=VERTEX_POINT('',#12122);
#2841=VERTEX_POINT('',#12124);
#2842=VERTEX_POINT('',#12128);
#2843=VERTEX_POINT('',#12130);
#2844=VERTEX_POINT('',#12134);
#2845=VERTEX_POINT('',#12136);
#2846=VERTEX_POINT('',#12140);
#2847=VERTEX_POINT('',#12142);
#2848=VERTEX_POINT('',#12146);
#2849=VERTEX_POINT('',#12148);
#2850=VERTEX_POINT('',#12152);
#2851=VERTEX_POINT('',#12154);
#2852=VERTEX_POINT('',#12158);
#2853=VERTEX_POINT('',#12159);
#2854=VERTEX_POINT('',#12161);
#2855=VERTEX_POINT('',#12163);
#2856=VERTEX_POINT('',#12165);
#2857=VERTEX_POINT('',#12167);
#2858=VERTEX_POINT('',#12169);
#2859=VERTEX_POINT('',#12171);
#2860=VERTEX_POINT('',#12173);
#2861=VERTEX_POINT('',#12175);
#2862=VERTEX_POINT('',#12177);
#2863=VERTEX_POINT('',#12179);
#2864=VERTEX_POINT('',#12181);
#2865=VERTEX_POINT('',#12183);
#2866=VERTEX_POINT('',#12185);
#2867=VERTEX_POINT('',#12187);
#2868=VERTEX_POINT('',#12191);
#2869=VERTEX_POINT('',#12192);
#2870=VERTEX_POINT('',#12194);
#2871=VERTEX_POINT('',#12196);
#2872=VERTEX_POINT('',#12200);
#2873=VERTEX_POINT('',#12201);
#2874=VERTEX_POINT('',#12203);
#2875=VERTEX_POINT('',#12205);
#2876=VERTEX_POINT('',#12209);
#2877=VERTEX_POINT('',#12210);
#2878=VERTEX_POINT('',#12212);
#2879=VERTEX_POINT('',#12214);
#2880=VERTEX_POINT('',#12218);
#2881=VERTEX_POINT('',#12219);
#2882=VERTEX_POINT('',#12221);
#2883=VERTEX_POINT('',#12223);
#2884=VERTEX_POINT('',#12227);
#2885=VERTEX_POINT('',#12228);
#2886=VERTEX_POINT('',#12230);
#2887=VERTEX_POINT('',#12232);
#2888=VERTEX_POINT('',#12236);
#2889=VERTEX_POINT('',#12237);
#2890=VERTEX_POINT('',#12239);
#2891=VERTEX_POINT('',#12241);
#2892=VERTEX_POINT('',#12294);
#2893=VERTEX_POINT('',#12296);
#2894=VERTEX_POINT('',#12300);
#2895=VERTEX_POINT('',#12302);
#2896=VERTEX_POINT('',#12306);
#2897=VERTEX_POINT('',#12308);
#2898=VERTEX_POINT('',#12312);
#2899=VERTEX_POINT('',#12314);
#2900=EDGE_CURVE('',#2411,#2412,#1261,.T.);
#2901=EDGE_CURVE('',#2412,#2413,#1262,.T.);
#2902=EDGE_CURVE('',#2413,#2414,#1263,.T.);
#2903=EDGE_CURVE('',#2414,#2411,#1264,.T.);
#2904=EDGE_CURVE('',#2415,#2416,#1265,.T.);
#2905=EDGE_CURVE('',#2416,#2412,#218,.T.);
#2906=EDGE_CURVE('',#2411,#2415,#219,.T.);
#2907=EDGE_CURVE('',#2417,#2418,#1266,.T.);
#2908=EDGE_CURVE('',#2418,#2416,#1267,.T.);
#2909=EDGE_CURVE('',#2415,#2417,#1268,.T.);
#2910=EDGE_CURVE('',#2419,#2420,#1269,.T.);
#2911=EDGE_CURVE('',#2420,#2418,#220,.T.);
#2912=EDGE_CURVE('',#2417,#2419,#221,.T.);
#2913=EDGE_CURVE('',#2421,#2422,#1270,.T.);
#2914=EDGE_CURVE('',#2422,#2420,#1271,.T.);
#2915=EDGE_CURVE('',#2419,#2421,#1272,.T.);
#2916=EDGE_CURVE('',#2423,#2424,#1273,.T.);
#2917=EDGE_CURVE('',#2424,#2422,#222,.T.);
#2918=EDGE_CURVE('',#2421,#2423,#223,.T.);
#2919=EDGE_CURVE('',#2425,#2426,#1274,.T.);
#2920=EDGE_CURVE('',#2426,#2424,#1275,.T.);
#2921=EDGE_CURVE('',#2423,#2425,#1276,.T.);
#2922=EDGE_CURVE('',#2413,#2426,#224,.T.);
#2923=EDGE_CURVE('',#2425,#2414,#225,.T.);
#2924=EDGE_CURVE('',#2427,#2424,#1277,.T.);
#2925=EDGE_CURVE('',#2427,#2428,#226,.T.);
#2926=EDGE_CURVE('',#2422,#2428,#1278,.F.);
#2927=EDGE_CURVE('',#2426,#2429,#1279,.F.);
#2928=EDGE_CURVE('',#2429,#2427,#1280,.T.);
#2929=EDGE_CURVE('',#2430,#2413,#1281,.T.);
#2930=EDGE_CURVE('',#2430,#2429,#227,.T.);
#2931=EDGE_CURVE('',#2412,#2431,#1282,.F.);
#2932=EDGE_CURVE('',#2431,#2430,#1283,.T.);
#2933=EDGE_CURVE('',#2432,#2416,#1284,.T.);
#2934=EDGE_CURVE('',#2432,#2431,#228,.T.);
#2935=EDGE_CURVE('',#2418,#2433,#1285,.F.);
#2936=EDGE_CURVE('',#2433,#2432,#1286,.T.);
#2937=EDGE_CURVE('',#2434,#2420,#1287,.T.);
#2938=EDGE_CURVE('',#2434,#2433,#229,.T.);
#2939=EDGE_CURVE('',#2428,#2434,#1288,.T.);
#2940=EDGE_CURVE('',#2435,#2436,#25,.T.);
#2941=EDGE_CURVE('',#2436,#2437,#26,.T.);
#2942=EDGE_CURVE('',#2437,#2438,#27,.T.);
#2943=EDGE_CURVE('',#2438,#2435,#28,.T.);
#2944=EDGE_CURVE('',#2436,#2439,#29,.T.);
#2945=EDGE_CURVE('',#2439,#2440,#30,.T.);
#2946=EDGE_CURVE('',#2440,#2437,#31,.T.);
#2947=EDGE_CURVE('',#2438,#2441,#32,.T.);
#2948=EDGE_CURVE('',#2441,#2442,#33,.T.);
#2949=EDGE_CURVE('',#2442,#2435,#34,.T.);
#2950=EDGE_CURVE('',#2441,#2443,#1289,.T.);
#2951=EDGE_CURVE('',#2443,#2444,#1290,.T.);
#2952=EDGE_CURVE('',#2444,#2442,#1291,.T.);
#2953=EDGE_CURVE('',#2445,#2446,#1292,.T.);
#2954=EDGE_CURVE('',#2446,#2444,#230,.T.);
#2955=EDGE_CURVE('',#2443,#2445,#231,.T.);
#2956=EDGE_CURVE('',#2447,#2448,#1293,.T.);
#2957=EDGE_CURVE('',#2448,#2446,#1294,.T.);
#2958=EDGE_CURVE('',#2445,#2447,#1295,.T.);
#2959=EDGE_CURVE('',#2449,#2450,#1296,.T.);
#2960=EDGE_CURVE('',#2450,#2448,#232,.T.);
#2961=EDGE_CURVE('',#2447,#2449,#233,.T.);
#2962=EDGE_CURVE('',#2439,#2450,#1297,.T.);
#2963=EDGE_CURVE('',#2449,#2440,#1298,.T.);
#2964=EDGE_CURVE('',#2451,#2450,#1299,.F.);
#2965=EDGE_CURVE('',#2452,#2451,#234,.F.);
#2966=EDGE_CURVE('',#2448,#2452,#1300,.T.);
#2967=EDGE_CURVE('',#2439,#2453,#1301,.T.);
#2968=EDGE_CURVE('',#2451,#2453,#1302,.T.);
#2969=EDGE_CURVE('',#2436,#2454,#1303,.T.);
#2970=EDGE_CURVE('',#2453,#2454,#35,.T.);
#2971=EDGE_CURVE('',#2435,#2455,#1304,.T.);
#2972=EDGE_CURVE('',#2454,#2455,#36,.T.);
#2973=EDGE_CURVE('',#2456,#2457,#37,.T.);
#2974=EDGE_CURVE('',#2458,#2456,#38,.T.);
#2975=EDGE_CURVE('',#2459,#2458,#1305,.T.);
#2976=EDGE_CURVE('',#2460,#2459,#1306,.T.);
#2977=EDGE_CURVE('',#2461,#2460,#1307,.T.);
#2978=EDGE_CURVE('',#2462,#2461,#39,.T.);
#2979=EDGE_CURVE('',#2463,#2462,#235,.T.);
#2980=EDGE_CURVE('',#2464,#2463,#40,.T.);
#2981=EDGE_CURVE('',#2465,#2464,#41,.T.);
#2982=EDGE_CURVE('',#2466,#2465,#1308,.T.);
#2983=EDGE_CURVE('',#2467,#2466,#1309,.T.);
#2984=EDGE_CURVE('',#2468,#2467,#1310,.T.);
#2985=EDGE_CURVE('',#2457,#2468,#1311,.T.);
#2986=EDGE_CURVE('',#2467,#2469,#1312,.T.);
#2987=EDGE_CURVE('',#2469,#2470,#1313,.T.);
#2988=EDGE_CURVE('',#2470,#2468,#1314,.T.);
#2989=EDGE_CURVE('',#2466,#2471,#1315,.T.);
#2990=EDGE_CURVE('',#2471,#2472,#1316,.T.);
#2991=EDGE_CURVE('',#2472,#2467,#1317,.T.);
#2992=EDGE_CURVE('',#2464,#2473,#1318,.T.);
#2993=EDGE_CURVE('',#2473,#2474,#42,.T.);
#2994=EDGE_CURVE('',#2474,#2465,#1319,.T.);
#2995=EDGE_CURVE('',#2474,#2475,#1320,.T.);
#2996=EDGE_CURVE('',#2475,#2466,#1321,.T.);
#2997=EDGE_CURVE('',#2476,#2461,#1322,.T.);
#2998=EDGE_CURVE('',#2460,#2477,#1323,.T.);
#2999=EDGE_CURVE('',#2477,#2476,#1324,.T.);
#3000=EDGE_CURVE('',#2476,#2478,#43,.T.);
#3001=EDGE_CURVE('',#2478,#2462,#1325,.T.);
#3002=EDGE_CURVE('',#2478,#2479,#236,.T.);
#3003=EDGE_CURVE('',#2479,#2463,#1326,.T.);
#3004=EDGE_CURVE('',#2479,#2480,#44,.T.);
#3005=EDGE_CURVE('',#2480,#2464,#1327,.T.);
#3006=EDGE_CURVE('',#2459,#2481,#1328,.T.);
#3007=EDGE_CURVE('',#2481,#2482,#1329,.T.);
#3008=EDGE_CURVE('',#2482,#2460,#1330,.T.);
#3009=EDGE_CURVE('',#2483,#2456,#1331,.T.);
#3010=EDGE_CURVE('',#2457,#2484,#1332,.T.);
#3011=EDGE_CURVE('',#2484,#2483,#45,.T.);
#3012=EDGE_CURVE('',#2483,#2485,#46,.T.);
#3013=EDGE_CURVE('',#2485,#2458,#1333,.T.);
#3014=EDGE_CURVE('',#2485,#2486,#1334,.T.);
#3015=EDGE_CURVE('',#2486,#2459,#1335,.T.);
#3016=EDGE_CURVE('',#2468,#2487,#1336,.T.);
#3017=EDGE_CURVE('',#2487,#2484,#1337,.T.);
#3018=EDGE_CURVE('',#2486,#2481,#237,.T.);
#3019=EDGE_CURVE('',#2482,#2477,#238,.T.);
#3020=EDGE_CURVE('',#2480,#2473,#239,.T.);
#3021=EDGE_CURVE('',#2475,#2471,#240,.T.);
#3022=EDGE_CURVE('',#2472,#2469,#241,.T.);
#3023=EDGE_CURVE('',#2470,#2487,#242,.T.);
#3024=EDGE_CURVE('',#2479,#2488,#1338,.T.);
#3025=EDGE_CURVE('',#2489,#2488,#47,.T.);
#3026=EDGE_CURVE('',#2489,#2480,#1339,.F.);
#3027=EDGE_CURVE('',#2490,#2478,#1340,.F.);
#3028=EDGE_CURVE('',#2488,#2490,#243,.F.);
#3029=EDGE_CURVE('',#2476,#2491,#1341,.T.);
#3030=EDGE_CURVE('',#2490,#2491,#48,.T.);
#3031=EDGE_CURVE('',#2477,#2492,#1342,.T.);
#3032=EDGE_CURVE('',#2491,#2492,#1343,.T.);
#3033=EDGE_CURVE('',#2493,#2482,#1344,.F.);
#3034=EDGE_CURVE('',#2492,#2493,#244,.T.);
#3035=EDGE_CURVE('',#2481,#2494,#1345,.T.);
#3036=EDGE_CURVE('',#2493,#2494,#1346,.T.);
#3037=EDGE_CURVE('',#2495,#2486,#1347,.F.);
#3038=EDGE_CURVE('',#2494,#2495,#245,.T.);
#3039=EDGE_CURVE('',#2485,#2496,#1348,.T.);
#3040=EDGE_CURVE('',#2495,#2496,#1349,.T.);
#3041=EDGE_CURVE('',#2497,#2483,#49,.T.);
#3042=EDGE_CURVE('',#2496,#2497,#50,.T.);
#3043=EDGE_CURVE('',#2484,#2498,#51,.T.);
#3044=EDGE_CURVE('',#2497,#2498,#52,.T.);
#3045=EDGE_CURVE('',#2499,#2500,#53,.T.);
#3046=EDGE_CURVE('',#2500,#2501,#54,.T.);
#3047=EDGE_CURVE('',#2501,#2502,#1350,.T.);
#3048=EDGE_CURVE('',#2502,#2499,#55,.T.);
#3049=EDGE_CURVE('',#2503,#2504,#1351,.T.);
#3050=EDGE_CURVE('',#2504,#2505,#1352,.T.);
#3051=EDGE_CURVE('',#2505,#2506,#1353,.T.);
#3052=EDGE_CURVE('',#2506,#2503,#1354,.T.);
#3053=EDGE_CURVE('',#2507,#2508,#1355,.T.);
#3054=EDGE_CURVE('',#2508,#2506,#56,.T.);
#3055=EDGE_CURVE('',#2505,#2507,#57,.T.);
#3056=EDGE_CURVE('',#2509,#2510,#1356,.T.);
#3057=EDGE_CURVE('',#2510,#2508,#58,.T.);
#3058=EDGE_CURVE('',#2507,#2509,#59,.T.);
#3059=EDGE_CURVE('',#2511,#2512,#1357,.T.);
#3060=EDGE_CURVE('',#2512,#2510,#60,.T.);
#3061=EDGE_CURVE('',#2509,#2511,#61,.T.);
#3062=EDGE_CURVE('',#2511,#2513,#246,.T.);
#3063=EDGE_CURVE('',#2513,#2514,#1358,.T.);
#3064=EDGE_CURVE('',#2514,#2512,#247,.T.);
#3065=EDGE_CURVE('',#2514,#2499,#248,.T.);
#3066=EDGE_CURVE('',#2513,#2500,#249,.T.);
#3067=EDGE_CURVE('',#2515,#2516,#1359,.T.);
#3068=EDGE_CURVE('',#2516,#2517,#62,.T.);
#3069=EDGE_CURVE('',#2517,#2501,#1360,.T.);
#3070=EDGE_CURVE('',#2501,#2515,#63,.T.);
#3071=EDGE_CURVE('',#2517,#2502,#250,.T.);
#3072=EDGE_CURVE('',#2518,#2519,#1361,.T.);
#3073=EDGE_CURVE('',#2519,#2520,#64,.T.);
#3074=EDGE_CURVE('',#2520,#2515,#1362,.T.);
#3075=EDGE_CURVE('',#2515,#2518,#65,.T.);
#3076=EDGE_CURVE('',#2520,#2516,#251,.T.);
#3077=EDGE_CURVE('',#2521,#2522,#1363,.T.);
#3078=EDGE_CURVE('',#2522,#2523,#1364,.T.);
#3079=EDGE_CURVE('',#2523,#2518,#1365,.T.);
#3080=EDGE_CURVE('',#2518,#2521,#1366,.T.);
#3081=EDGE_CURVE('',#2523,#2519,#252,.T.);
#3082=EDGE_CURVE('',#2524,#2525,#1367,.T.);
#3083=EDGE_CURVE('',#2525,#2526,#1368,.T.);
#3084=EDGE_CURVE('',#2526,#2521,#1369,.T.);
#3085=EDGE_CURVE('',#2521,#2524,#1370,.T.);
#3086=EDGE_CURVE('',#2527,#2528,#1371,.T.);
#3087=EDGE_CURVE('',#2528,#2525,#253,.T.);
#3088=EDGE_CURVE('',#2524,#2527,#254,.T.);
#3089=EDGE_CURVE('',#2529,#2530,#1372,.T.);
#3090=EDGE_CURVE('',#2530,#2528,#66,.T.);
#3091=EDGE_CURVE('',#2527,#2529,#67,.T.);
#3092=EDGE_CURVE('',#2531,#2532,#1373,.T.);
#3093=EDGE_CURVE('',#2532,#2530,#255,.T.);
#3094=EDGE_CURVE('',#2529,#2531,#256,.T.);
#3095=EDGE_CURVE('',#2533,#2534,#1374,.T.);
#3096=EDGE_CURVE('',#2534,#2532,#68,.T.);
#3097=EDGE_CURVE('',#2531,#2533,#69,.T.);
#3098=EDGE_CURVE('',#2535,#2536,#1375,.T.);
#3099=EDGE_CURVE('',#2536,#2534,#257,.T.);
#3100=EDGE_CURVE('',#2533,#2535,#258,.T.);
#3101=EDGE_CURVE('',#2537,#2538,#1376,.T.);
#3102=EDGE_CURVE('',#2538,#2536,#70,.T.);
#3103=EDGE_CURVE('',#2535,#2537,#71,.T.);
#3104=EDGE_CURVE('',#2539,#2540,#1377,.T.);
#3105=EDGE_CURVE('',#2540,#2538,#72,.T.);
#3106=EDGE_CURVE('',#2537,#2539,#73,.T.);
#3107=EDGE_CURVE('',#2526,#2522,#259,.T.);
#3108=EDGE_CURVE('',#2541,#2542,#1378,.T.);
#3109=EDGE_CURVE('',#2542,#2543,#74,.T.);
#3110=EDGE_CURVE('',#2543,#2539,#1379,.T.);
#3111=EDGE_CURVE('',#2539,#2541,#75,.T.);
#3112=EDGE_CURVE('',#2543,#2540,#260,.T.);
#3113=EDGE_CURVE('',#2544,#2545,#1380,.T.);
#3114=EDGE_CURVE('',#2545,#2546,#76,.T.);
#3115=EDGE_CURVE('',#2546,#2541,#1381,.T.);
#3116=EDGE_CURVE('',#2541,#2544,#77,.T.);
#3117=EDGE_CURVE('',#2546,#2542,#261,.T.);
#3118=EDGE_CURVE('',#2504,#2547,#1382,.T.);
#3119=EDGE_CURVE('',#2547,#2548,#1383,.T.);
#3120=EDGE_CURVE('',#2548,#2544,#1384,.T.);
#3121=EDGE_CURVE('',#2544,#2504,#1385,.T.);
#3122=EDGE_CURVE('',#2548,#2545,#262,.T.);
#3123=EDGE_CURVE('',#2503,#2547,#263,.T.);
#3124=EDGE_CURVE('',#2549,#2526,#1386,.F.);
#3125=EDGE_CURVE('',#2550,#2549,#264,.T.);
#3126=EDGE_CURVE('',#2522,#2550,#1387,.F.);
#3127=EDGE_CURVE('',#2525,#2551,#1388,.F.);
#3128=EDGE_CURVE('',#2549,#2551,#1389,.T.);
#3129=EDGE_CURVE('',#2552,#2528,#1390,.F.);
#3130=EDGE_CURVE('',#2551,#2552,#265,.T.);
#3131=EDGE_CURVE('',#2530,#2553,#1391,.T.);
#3132=EDGE_CURVE('',#2552,#2553,#78,.T.);
#3133=EDGE_CURVE('',#2554,#2532,#1392,.F.);
#3134=EDGE_CURVE('',#2553,#2554,#266,.F.);
#3135=EDGE_CURVE('',#2534,#2555,#1393,.T.);
#3136=EDGE_CURVE('',#2554,#2555,#79,.T.);
#3137=EDGE_CURVE('',#2556,#2536,#1394,.F.);
#3138=EDGE_CURVE('',#2555,#2556,#267,.F.);
#3139=EDGE_CURVE('',#2538,#2557,#1395,.T.);
#3140=EDGE_CURVE('',#2556,#2557,#80,.T.);
#3141=EDGE_CURVE('',#2540,#2558,#1396,.T.);
#3142=EDGE_CURVE('',#2557,#2558,#81,.T.);
#3143=EDGE_CURVE('',#2559,#2543,#1397,.F.);
#3144=EDGE_CURVE('',#2558,#2559,#268,.T.);
#3145=EDGE_CURVE('',#2542,#2560,#1398,.T.);
#3146=EDGE_CURVE('',#2559,#2560,#82,.T.);
#3147=EDGE_CURVE('',#2561,#2546,#1399,.F.);
#3148=EDGE_CURVE('',#2560,#2561,#269,.T.);
#3149=EDGE_CURVE('',#2545,#2562,#1400,.T.);
#3150=EDGE_CURVE('',#2561,#2562,#83,.T.);
#3151=EDGE_CURVE('',#2563,#2548,#1401,.F.);
#3152=EDGE_CURVE('',#2562,#2563,#270,.T.);
#3153=EDGE_CURVE('',#2564,#2547,#1402,.T.);
#3154=EDGE_CURVE('',#2563,#2564,#1403,.T.);
#3155=EDGE_CURVE('',#2508,#2565,#84,.T.);
#3156=EDGE_CURVE('',#2565,#2566,#85,.F.);
#3157=EDGE_CURVE('',#2566,#2506,#86,.T.);
#3158=EDGE_CURVE('',#2566,#2567,#1404,.T.);
#3159=EDGE_CURVE('',#2503,#2567,#1405,.T.);
#3160=EDGE_CURVE('',#2567,#2564,#271,.F.);
#3161=EDGE_CURVE('',#2568,#2569,#272,.T.);
#3162=EDGE_CURVE('',#2568,#2514,#1406,.T.);
#3163=EDGE_CURVE('',#2499,#2569,#1407,.T.);
#3164=EDGE_CURVE('',#2568,#2570,#273,.T.);
#3165=EDGE_CURVE('',#2512,#2570,#87,.T.);
#3166=EDGE_CURVE('',#2570,#2571,#88,.F.);
#3167=EDGE_CURVE('',#2571,#2510,#89,.T.);
#3168=EDGE_CURVE('',#2565,#2571,#90,.T.);
#3169=EDGE_CURVE('',#2572,#2573,#274,.F.);
#3170=EDGE_CURVE('',#2573,#2574,#1408,.T.);
#3171=EDGE_CURVE('',#2574,#2575,#275,.F.);
#3172=EDGE_CURVE('',#2575,#2576,#1409,.T.);
#3173=EDGE_CURVE('',#2576,#2577,#276,.F.);
#3174=EDGE_CURVE('',#2577,#2578,#1410,.T.);
#3175=EDGE_CURVE('',#2578,#2579,#277,.F.);
#3176=EDGE_CURVE('',#2579,#2572,#1411,.T.);
#3177=EDGE_CURVE('',#2498,#2580,#1412,.T.);
#3178=EDGE_CURVE('',#2580,#2581,#278,.T.);
#3179=EDGE_CURVE('',#2581,#2582,#1413,.T.);
#3180=EDGE_CURVE('',#2582,#2583,#279,.T.);
#3181=EDGE_CURVE('',#2583,#2584,#1414,.T.);
#3182=EDGE_CURVE('',#2584,#2585,#280,.T.);
#3183=EDGE_CURVE('',#2585,#2586,#1415,.T.);
#3184=EDGE_CURVE('',#2586,#2587,#91,.T.);
#3185=EDGE_CURVE('',#2587,#2489,#281,.T.);
#3186=EDGE_CURVE('',#2569,#2588,#92,.T.);
#3187=EDGE_CURVE('',#2588,#2589,#282,.T.);
#3188=EDGE_CURVE('',#2589,#2590,#93,.T.);
#3189=EDGE_CURVE('',#2590,#2591,#283,.T.);
#3190=EDGE_CURVE('',#2591,#2592,#94,.T.);
#3191=EDGE_CURVE('',#2592,#2593,#284,.T.);
#3192=EDGE_CURVE('',#2593,#2550,#1416,.F.);
#3193=EDGE_CURVE('',#2594,#2595,#1417,.T.);
#3194=EDGE_CURVE('',#2595,#2596,#285,.T.);
#3195=EDGE_CURVE('',#2596,#2597,#1418,.T.);
#3196=EDGE_CURVE('',#2597,#2598,#286,.T.);
#3197=EDGE_CURVE('',#2598,#2599,#1419,.T.);
#3198=EDGE_CURVE('',#2599,#2600,#287,.T.);
#3199=EDGE_CURVE('',#2600,#2601,#1420,.T.);
#3200=EDGE_CURVE('',#2601,#2602,#288,.T.);
#3201=EDGE_CURVE('',#2602,#2603,#1421,.T.);
#3202=EDGE_CURVE('',#2603,#2604,#289,.T.);
#3203=EDGE_CURVE('',#2604,#2605,#1422,.T.);
#3204=EDGE_CURVE('',#2605,#2606,#290,.T.);
#3205=EDGE_CURVE('',#2606,#2607,#1423,.T.);
#3206=EDGE_CURVE('',#2607,#2608,#291,.T.);
#3207=EDGE_CURVE('',#2608,#2609,#1424,.T.);
#3208=EDGE_CURVE('',#2609,#2610,#292,.F.);
#3209=EDGE_CURVE('',#2610,#2611,#1425,.T.);
#3210=EDGE_CURVE('',#2611,#2612,#293,.F.);
#3211=EDGE_CURVE('',#2612,#2613,#1426,.T.);
#3212=EDGE_CURVE('',#2613,#2594,#294,.T.);
#3213=EDGE_CURVE('',#2614,#2615,#1427,.T.);
#3214=EDGE_CURVE('',#2615,#2616,#295,.T.);
#3215=EDGE_CURVE('',#2616,#2617,#1428,.T.);
#3216=EDGE_CURVE('',#2617,#2618,#296,.F.);
#3217=EDGE_CURVE('',#2618,#2619,#1429,.T.);
#3218=EDGE_CURVE('',#2619,#2620,#297,.T.);
#3219=EDGE_CURVE('',#2620,#2621,#1430,.T.);
#3220=EDGE_CURVE('',#2621,#2622,#298,.T.);
#3221=EDGE_CURVE('',#2622,#2623,#1431,.T.);
#3222=EDGE_CURVE('',#2623,#2624,#299,.T.);
#3223=EDGE_CURVE('',#2624,#2625,#1432,.T.);
#3224=EDGE_CURVE('',#2625,#2614,#300,.T.);
#3225=EDGE_CURVE('',#2626,#2627,#1433,.T.);
#3226=EDGE_CURVE('',#2627,#2628,#301,.T.);
#3227=EDGE_CURVE('',#2628,#2629,#1434,.T.);
#3228=EDGE_CURVE('',#2629,#2630,#302,.T.);
#3229=EDGE_CURVE('',#2630,#2631,#1435,.T.);
#3230=EDGE_CURVE('',#2631,#2632,#303,.T.);
#3231=EDGE_CURVE('',#2632,#2633,#1436,.T.);
#3232=EDGE_CURVE('',#2633,#2634,#304,.T.);
#3233=EDGE_CURVE('',#2634,#2635,#1437,.T.);
#3234=EDGE_CURVE('',#2635,#2636,#305,.T.);
#3235=EDGE_CURVE('',#2636,#2637,#1438,.T.);
#3236=EDGE_CURVE('',#2637,#2638,#306,.T.);
#3237=EDGE_CURVE('',#2638,#2639,#1439,.T.);
#3238=EDGE_CURVE('',#2639,#2640,#307,.T.);
#3239=EDGE_CURVE('',#2640,#2641,#1440,.T.);
#3240=EDGE_CURVE('',#2641,#2642,#308,.T.);
#3241=EDGE_CURVE('',#2642,#2643,#1441,.T.);
#3242=EDGE_CURVE('',#2643,#2644,#309,.F.);
#3243=EDGE_CURVE('',#2644,#2645,#1442,.T.);
#3244=EDGE_CURVE('',#2645,#2626,#310,.F.);
#3245=EDGE_CURVE('',#2646,#2647,#1443,.T.);
#3246=EDGE_CURVE('',#2647,#2648,#311,.T.);
#3247=EDGE_CURVE('',#2648,#2649,#1444,.T.);
#3248=EDGE_CURVE('',#2649,#2650,#312,.F.);
#3249=EDGE_CURVE('',#2650,#2651,#1445,.T.);
#3250=EDGE_CURVE('',#2651,#2652,#313,.F.);
#3251=EDGE_CURVE('',#2652,#2653,#1446,.T.);
#3252=EDGE_CURVE('',#2653,#2654,#314,.T.);
#3253=EDGE_CURVE('',#2654,#2655,#1447,.T.);
#3254=EDGE_CURVE('',#2655,#2656,#315,.T.);
#3255=EDGE_CURVE('',#2656,#2657,#1448,.T.);
#3256=EDGE_CURVE('',#2657,#2658,#316,.T.);
#3257=EDGE_CURVE('',#2658,#2659,#1449,.T.);
#3258=EDGE_CURVE('',#2659,#2660,#317,.T.);
#3259=EDGE_CURVE('',#2660,#2661,#1450,.T.);
#3260=EDGE_CURVE('',#2661,#2662,#318,.T.);
#3261=EDGE_CURVE('',#2662,#2663,#1451,.T.);
#3262=EDGE_CURVE('',#2663,#2664,#319,.T.);
#3263=EDGE_CURVE('',#2664,#2665,#1452,.T.);
#3264=EDGE_CURVE('',#2665,#2666,#320,.F.);
#3265=EDGE_CURVE('',#2666,#2667,#1453,.T.);
#3266=EDGE_CURVE('',#2667,#2668,#321,.F.);
#3267=EDGE_CURVE('',#2668,#2669,#1454,.T.);
#3268=EDGE_CURVE('',#2669,#2646,#322,.T.);
#3269=EDGE_CURVE('',#2670,#2671,#1455,.T.);
#3270=EDGE_CURVE('',#2671,#2672,#323,.T.);
#3271=EDGE_CURVE('',#2672,#2673,#1456,.T.);
#3272=EDGE_CURVE('',#2673,#2674,#324,.F.);
#3273=EDGE_CURVE('',#2674,#2675,#1457,.T.);
#3274=EDGE_CURVE('',#2675,#2676,#325,.T.);
#3275=EDGE_CURVE('',#2676,#2677,#1458,.T.);
#3276=EDGE_CURVE('',#2677,#2678,#326,.T.);
#3277=EDGE_CURVE('',#2678,#2679,#1459,.T.);
#3278=EDGE_CURVE('',#2679,#2680,#327,.F.);
#3279=EDGE_CURVE('',#2680,#2681,#1460,.T.);
#3280=EDGE_CURVE('',#2681,#2682,#328,.T.);
#3281=EDGE_CURVE('',#2682,#2683,#1461,.T.);
#3282=EDGE_CURVE('',#2683,#2684,#329,.T.);
#3283=EDGE_CURVE('',#2684,#2685,#1462,.T.);
#3284=EDGE_CURVE('',#2685,#2686,#330,.F.);
#3285=EDGE_CURVE('',#2686,#2687,#1463,.T.);
#3286=EDGE_CURVE('',#2687,#2688,#331,.T.);
#3287=EDGE_CURVE('',#2688,#2689,#1464,.T.);
#3288=EDGE_CURVE('',#2689,#2690,#332,.T.);
#3289=EDGE_CURVE('',#2690,#2691,#1465,.T.);
#3290=EDGE_CURVE('',#2691,#2692,#333,.F.);
#3291=EDGE_CURVE('',#2692,#2693,#1466,.T.);
#3292=EDGE_CURVE('',#2693,#2670,#334,.T.);
#3293=EDGE_CURVE('',#2622,#2694,#1467,.F.);
#3294=EDGE_CURVE('',#2694,#2695,#1468,.T.);
#3295=EDGE_CURVE('',#2695,#2623,#1469,.T.);
#3296=EDGE_CURVE('',#2620,#2696,#1470,.F.);
#3297=EDGE_CURVE('',#2696,#2697,#1471,.T.);
#3298=EDGE_CURVE('',#2697,#2621,#1472,.T.);
#3299=EDGE_CURVE('',#2618,#2698,#1473,.F.);
#3300=EDGE_CURVE('',#2698,#2699,#1474,.T.);
#3301=EDGE_CURVE('',#2699,#2619,#1475,.T.);
#3302=EDGE_CURVE('',#2616,#2700,#1476,.F.);
#3303=EDGE_CURVE('',#2700,#2701,#1477,.T.);
#3304=EDGE_CURVE('',#2701,#2617,#1478,.T.);
#3305=EDGE_CURVE('',#2614,#2702,#1479,.F.);
#3306=EDGE_CURVE('',#2702,#2703,#1480,.T.);
#3307=EDGE_CURVE('',#2703,#2615,#1481,.T.);
#3308=EDGE_CURVE('',#2624,#2704,#1482,.F.);
#3309=EDGE_CURVE('',#2704,#2705,#1483,.T.);
#3310=EDGE_CURVE('',#2705,#2625,#1484,.T.);
#3311=EDGE_CURVE('',#2706,#2707,#1485,.T.);
#3312=EDGE_CURVE('',#2707,#2708,#335,.T.);
#3313=EDGE_CURVE('',#2708,#2709,#1486,.T.);
#3314=EDGE_CURVE('',#2709,#2710,#1487,.T.);
#3315=EDGE_CURVE('',#2710,#2711,#1488,.T.);
#3316=EDGE_CURVE('',#2711,#2712,#1489,.T.);
#3317=EDGE_CURVE('',#2712,#2706,#1490,.T.);
#3318=EDGE_CURVE('',#2713,#2714,#336,.F.);
#3319=EDGE_CURVE('',#2714,#2715,#1491,.T.);
#3320=EDGE_CURVE('',#2715,#2716,#1492,.T.);
#3321=EDGE_CURVE('',#2716,#2717,#1493,.T.);
#3322=EDGE_CURVE('',#2717,#2718,#337,.T.);
#3323=EDGE_CURVE('',#2718,#2719,#1494,.T.);
#3324=EDGE_CURVE('',#2719,#2720,#338,.T.);
#3325=EDGE_CURVE('',#2720,#2721,#1495,.T.);
#3326=EDGE_CURVE('',#2721,#2722,#1496,.T.);
#3327=EDGE_CURVE('',#2722,#2723,#1497,.T.);
#3328=EDGE_CURVE('',#2723,#2724,#339,.F.);
#3329=EDGE_CURVE('',#2724,#2725,#1498,.T.);
#3330=EDGE_CURVE('',#2725,#2726,#1499,.T.);
#3331=EDGE_CURVE('',#2726,#2713,#1500,.T.);
#3332=EDGE_CURVE('',#2727,#2728,#1501,.T.);
#3333=EDGE_CURVE('',#2728,#2729,#340,.T.);
#3334=EDGE_CURVE('',#2729,#2730,#1502,.T.);
#3335=EDGE_CURVE('',#2730,#2731,#341,.T.);
#3336=EDGE_CURVE('',#2731,#2732,#1503,.T.);
#3337=EDGE_CURVE('',#2732,#2727,#342,.T.);
#3338=EDGE_CURVE('',#2636,#2733,#1504,.F.);
#3339=EDGE_CURVE('',#2733,#2734,#1505,.T.);
#3340=EDGE_CURVE('',#2734,#2637,#1506,.F.);
#3341=EDGE_CURVE('',#2634,#2735,#1507,.F.);
#3342=EDGE_CURVE('',#2735,#2736,#1508,.T.);
#3343=EDGE_CURVE('',#2736,#2635,#1509,.T.);
#3344=EDGE_CURVE('',#2632,#2737,#1510,.F.);
#3345=EDGE_CURVE('',#2737,#2738,#1511,.T.);
#3346=EDGE_CURVE('',#2738,#2633,#1512,.T.);
#3347=EDGE_CURVE('',#2628,#2739,#1513,.F.);
#3348=EDGE_CURVE('',#2739,#2740,#1514,.T.);
#3349=EDGE_CURVE('',#2740,#2629,#1515,.F.);
#3350=EDGE_CURVE('',#2626,#2741,#1516,.F.);
#3351=EDGE_CURVE('',#2741,#2742,#1517,.T.);
#3352=EDGE_CURVE('',#2742,#2627,#1518,.T.);
#3353=EDGE_CURVE('',#2644,#2743,#1519,.F.);
#3354=EDGE_CURVE('',#2743,#2744,#1520,.T.);
#3355=EDGE_CURVE('',#2744,#2645,#1521,.T.);
#3356=EDGE_CURVE('',#2642,#2745,#1522,.F.);
#3357=EDGE_CURVE('',#2745,#2746,#1523,.T.);
#3358=EDGE_CURVE('',#2746,#2643,#1524,.T.);
#3359=EDGE_CURVE('',#2640,#2747,#1525,.T.);
#3360=EDGE_CURVE('',#2747,#2748,#1526,.T.);
#3361=EDGE_CURVE('',#2748,#2641,#1527,.T.);
#3362=EDGE_CURVE('',#2519,#2592,#1528,.T.);
#3363=EDGE_CURVE('',#2591,#2520,#1529,.F.);
#3364=EDGE_CURVE('',#2516,#2590,#1530,.T.);
#3365=EDGE_CURVE('',#2589,#2517,#1531,.F.);
#3366=EDGE_CURVE('',#2502,#2588,#1532,.T.);
#3367=EDGE_CURVE('',#2656,#2749,#1533,.F.);
#3368=EDGE_CURVE('',#2749,#2750,#1534,.T.);
#3369=EDGE_CURVE('',#2750,#2657,#1535,.T.);
#3370=EDGE_CURVE('',#2654,#2751,#1536,.F.);
#3371=EDGE_CURVE('',#2751,#2752,#1537,.T.);
#3372=EDGE_CURVE('',#2752,#2655,#1538,.T.);
#3373=EDGE_CURVE('',#2652,#2753,#1539,.F.);
#3374=EDGE_CURVE('',#2753,#2754,#1540,.T.);
#3375=EDGE_CURVE('',#2754,#2653,#1541,.T.);
#3376=EDGE_CURVE('',#2650,#2755,#1542,.F.);
#3377=EDGE_CURVE('',#2755,#2756,#1543,.T.);
#3378=EDGE_CURVE('',#2756,#2651,#1544,.T.);
#3379=EDGE_CURVE('',#2648,#2757,#1545,.F.);
#3380=EDGE_CURVE('',#2757,#2758,#1546,.T.);
#3381=EDGE_CURVE('',#2758,#2649,#1547,.T.);
#3382=EDGE_CURVE('',#2646,#2759,#1548,.F.);
#3383=EDGE_CURVE('',#2759,#2760,#1549,.T.);
#3384=EDGE_CURVE('',#2760,#2647,#1550,.T.);
#3385=EDGE_CURVE('',#2668,#2761,#1551,.F.);
#3386=EDGE_CURVE('',#2761,#2762,#1552,.T.);
#3387=EDGE_CURVE('',#2762,#2669,#1553,.T.);
#3388=EDGE_CURVE('',#2666,#2763,#1554,.F.);
#3389=EDGE_CURVE('',#2763,#2764,#1555,.T.);
#3390=EDGE_CURVE('',#2764,#2667,#1556,.T.);
#3391=EDGE_CURVE('',#2664,#2765,#1557,.F.);
#3392=EDGE_CURVE('',#2765,#2766,#1558,.T.);
#3393=EDGE_CURVE('',#2766,#2665,#1559,.T.);
#3394=EDGE_CURVE('',#2662,#2767,#1560,.F.);
#3395=EDGE_CURVE('',#2767,#2768,#1561,.T.);
#3396=EDGE_CURVE('',#2768,#2663,#1562,.T.);
#3397=EDGE_CURVE('',#2660,#2769,#1563,.F.);
#3398=EDGE_CURVE('',#2769,#2770,#1564,.T.);
#3399=EDGE_CURVE('',#2770,#2661,#1565,.T.);
#3400=EDGE_CURVE('',#2658,#2771,#1566,.F.);
#3401=EDGE_CURVE('',#2771,#2772,#1567,.T.);
#3402=EDGE_CURVE('',#2772,#2659,#1568,.T.);
#3403=EDGE_CURVE('',#2773,#2774,#1569,.T.);
#3404=EDGE_CURVE('',#2774,#2775,#343,.T.);
#3405=EDGE_CURVE('',#2775,#2776,#1570,.T.);
#3406=EDGE_CURVE('',#2776,#2777,#1571,.T.);
#3407=EDGE_CURVE('',#2777,#2778,#1572,.T.);
#3408=EDGE_CURVE('',#2778,#2779,#344,.T.);
#3409=EDGE_CURVE('',#2779,#2780,#1573,.T.);
#3410=EDGE_CURVE('',#2780,#2781,#345,.T.);
#3411=EDGE_CURVE('',#2781,#2782,#1574,.T.);
#3412=EDGE_CURVE('',#2782,#2783,#1575,.T.);
#3413=EDGE_CURVE('',#2783,#2784,#1576,.T.);
#3414=EDGE_CURVE('',#2784,#2785,#1577,.T.);
#3415=EDGE_CURVE('',#2785,#2786,#1578,.T.);
#3416=EDGE_CURVE('',#2786,#2787,#1579,.T.);
#3417=EDGE_CURVE('',#2787,#2788,#1580,.T.);
#3418=EDGE_CURVE('',#2788,#2773,#346,.T.);
#3419=EDGE_CURVE('',#2469,#2582,#1581,.T.);
#3420=EDGE_CURVE('',#2581,#2470,#1582,.F.);
#3421=EDGE_CURVE('',#2487,#2580,#1583,.T.);
#3422=EDGE_CURVE('',#2473,#2587,#1584,.T.);
#3423=EDGE_CURVE('',#2474,#2586,#1585,.T.);
#3424=EDGE_CURVE('',#2585,#2475,#1586,.F.);
#3425=EDGE_CURVE('',#2471,#2584,#1587,.T.);
#3426=EDGE_CURVE('',#2583,#2472,#1588,.F.);
#3427=EDGE_CURVE('',#2789,#2452,#1589,.T.);
#3428=EDGE_CURVE('',#2789,#2446,#1590,.F.);
#3429=EDGE_CURVE('',#2442,#2790,#1591,.T.);
#3430=EDGE_CURVE('',#2455,#2790,#95,.T.);
#3431=EDGE_CURVE('',#2444,#2791,#1592,.T.);
#3432=EDGE_CURVE('',#2790,#2791,#1593,.T.);
#3433=EDGE_CURVE('',#2791,#2789,#347,.F.);
#3434=EDGE_CURVE('',#2792,#2793,#1594,.T.);
#3435=EDGE_CURVE('',#2793,#2794,#348,.F.);
#3436=EDGE_CURVE('',#2794,#2795,#1595,.T.);
#3437=EDGE_CURVE('',#2795,#2796,#1596,.T.);
#3438=EDGE_CURVE('',#2796,#2797,#1597,.T.);
#3439=EDGE_CURVE('',#2797,#2798,#349,.T.);
#3440=EDGE_CURVE('',#2798,#2799,#1598,.T.);
#3441=EDGE_CURVE('',#2799,#2800,#350,.T.);
#3442=EDGE_CURVE('',#2800,#2801,#1599,.T.);
#3443=EDGE_CURVE('',#2801,#2802,#1600,.T.);
#3444=EDGE_CURVE('',#2802,#2803,#1601,.T.);
#3445=EDGE_CURVE('',#2803,#2804,#351,.F.);
#3446=EDGE_CURVE('',#2804,#2805,#1602,.T.);
#3447=EDGE_CURVE('',#2805,#2792,#1603,.T.);
#3448=EDGE_CURVE('',#2806,#2807,#1604,.T.);
#3449=EDGE_CURVE('',#2807,#2808,#352,.T.);
#3450=EDGE_CURVE('',#2808,#2809,#1605,.T.);
#3451=EDGE_CURVE('',#2809,#2810,#353,.T.);
#3452=EDGE_CURVE('',#2810,#2811,#1606,.T.);
#3453=EDGE_CURVE('',#2811,#2806,#354,.T.);
#3454=EDGE_CURVE('',#2602,#2812,#1607,.F.);
#3455=EDGE_CURVE('',#2812,#2813,#1608,.T.);
#3456=EDGE_CURVE('',#2813,#2603,#1609,.F.);
#3457=EDGE_CURVE('',#2600,#2814,#1610,.F.);
#3458=EDGE_CURVE('',#2814,#2815,#1611,.T.);
#3459=EDGE_CURVE('',#2815,#2601,#1612,.T.);
#3460=EDGE_CURVE('',#2598,#2816,#1613,.F.);
#3461=EDGE_CURVE('',#2816,#2817,#1614,.T.);
#3462=EDGE_CURVE('',#2817,#2599,#1615,.T.);
#3463=EDGE_CURVE('',#2594,#2818,#1616,.F.);
#3464=EDGE_CURVE('',#2818,#2819,#1617,.T.);
#3465=EDGE_CURVE('',#2819,#2595,#1618,.F.);
#3466=EDGE_CURVE('',#2612,#2820,#1619,.F.);
#3467=EDGE_CURVE('',#2820,#2821,#1620,.T.);
#3468=EDGE_CURVE('',#2821,#2613,#1621,.T.);
#3469=EDGE_CURVE('',#2610,#2822,#1622,.F.);
#3470=EDGE_CURVE('',#2822,#2823,#1623,.T.);
#3471=EDGE_CURVE('',#2823,#2611,#1624,.T.);
#3472=EDGE_CURVE('',#2608,#2824,#1625,.F.);
#3473=EDGE_CURVE('',#2824,#2825,#1626,.T.);
#3474=EDGE_CURVE('',#2825,#2609,#1627,.T.);
#3475=EDGE_CURVE('',#2606,#2826,#1628,.T.);
#3476=EDGE_CURVE('',#2826,#2827,#1629,.T.);
#3477=EDGE_CURVE('',#2827,#2607,#1630,.T.);
#3478=EDGE_CURVE('',#2688,#2828,#1631,.F.);
#3479=EDGE_CURVE('',#2828,#2829,#1632,.T.);
#3480=EDGE_CURVE('',#2829,#2689,#1633,.T.);
#3481=EDGE_CURVE('',#2686,#2830,#1634,.F.);
#3482=EDGE_CURVE('',#2830,#2831,#1635,.T.);
#3483=EDGE_CURVE('',#2831,#2687,#1636,.T.);
#3484=EDGE_CURVE('',#2684,#2832,#1637,.F.);
#3485=EDGE_CURVE('',#2832,#2833,#1638,.T.);
#3486=EDGE_CURVE('',#2833,#2685,#1639,.T.);
#3487=EDGE_CURVE('',#2682,#2834,#1640,.F.);
#3488=EDGE_CURVE('',#2834,#2835,#1641,.T.);
#3489=EDGE_CURVE('',#2835,#2683,#1642,.T.);
#3490=EDGE_CURVE('',#2680,#2836,#1643,.F.);
#3491=EDGE_CURVE('',#2836,#2837,#1644,.T.);
#3492=EDGE_CURVE('',#2837,#2681,#1645,.T.);
#3493=EDGE_CURVE('',#2678,#2838,#1646,.F.);
#3494=EDGE_CURVE('',#2838,#2839,#1647,.T.);
#3495=EDGE_CURVE('',#2839,#2679,#1648,.T.);
#3496=EDGE_CURVE('',#2676,#2840,#1649,.F.);
#3497=EDGE_CURVE('',#2840,#2841,#1650,.T.);
#3498=EDGE_CURVE('',#2841,#2677,#1651,.T.);
#3499=EDGE_CURVE('',#2674,#2842,#1652,.F.);
#3500=EDGE_CURVE('',#2842,#2843,#1653,.T.);
#3501=EDGE_CURVE('',#2843,#2675,#1654,.T.);
#3502=EDGE_CURVE('',#2672,#2844,#1655,.F.);
#3503=EDGE_CURVE('',#2844,#2845,#1656,.T.);
#3504=EDGE_CURVE('',#2845,#2673,#1657,.T.);
#3505=EDGE_CURVE('',#2670,#2846,#1658,.F.);
#3506=EDGE_CURVE('',#2846,#2847,#1659,.T.);
#3507=EDGE_CURVE('',#2847,#2671,#1660,.T.);
#3508=EDGE_CURVE('',#2692,#2848,#1661,.F.);
#3509=EDGE_CURVE('',#2848,#2849,#1662,.T.);
#3510=EDGE_CURVE('',#2849,#2693,#1663,.T.);
#3511=EDGE_CURVE('',#2690,#2850,#1664,.F.);
#3512=EDGE_CURVE('',#2850,#2851,#1665,.T.);
#3513=EDGE_CURVE('',#2851,#2691,#1666,.T.);
#3514=EDGE_CURVE('',#2852,#2853,#1667,.T.);
#3515=EDGE_CURVE('',#2853,#2854,#355,.F.);
#3516=EDGE_CURVE('',#2854,#2855,#1668,.T.);
#3517=EDGE_CURVE('',#2855,#2856,#1669,.T.);
#3518=EDGE_CURVE('',#2856,#2857,#1670,.T.);
#3519=EDGE_CURVE('',#2857,#2858,#356,.F.);
#3520=EDGE_CURVE('',#2858,#2859,#1671,.T.);
#3521=EDGE_CURVE('',#2859,#2860,#1672,.T.);
#3522=EDGE_CURVE('',#2860,#2861,#1673,.T.);
#3523=EDGE_CURVE('',#2861,#2862,#357,.F.);
#3524=EDGE_CURVE('',#2862,#2863,#1674,.T.);
#3525=EDGE_CURVE('',#2863,#2864,#1675,.T.);
#3526=EDGE_CURVE('',#2864,#2865,#1676,.T.);
#3527=EDGE_CURVE('',#2865,#2866,#358,.F.);
#3528=EDGE_CURVE('',#2866,#2867,#1677,.T.);
#3529=EDGE_CURVE('',#2867,#2852,#1678,.T.);
#3530=EDGE_CURVE('',#2868,#2869,#1679,.T.);
#3531=EDGE_CURVE('',#2869,#2870,#1680,.T.);
#3532=EDGE_CURVE('',#2870,#2871,#1681,.F.);
#3533=EDGE_CURVE('',#2868,#2871,#1682,.T.);
#3534=EDGE_CURVE('',#2872,#2873,#1683,.T.);
#3535=EDGE_CURVE('',#2873,#2874,#1684,.T.);
#3536=EDGE_CURVE('',#2874,#2875,#1685,.F.);
#3537=EDGE_CURVE('',#2872,#2875,#1686,.T.);
#3538=EDGE_CURVE('',#2876,#2877,#1687,.T.);
#3539=EDGE_CURVE('',#2877,#2878,#1688,.T.);
#3540=EDGE_CURVE('',#2878,#2879,#1689,.F.);
#3541=EDGE_CURVE('',#2876,#2879,#1690,.T.);
#3542=EDGE_CURVE('',#2880,#2881,#1691,.T.);
#3543=EDGE_CURVE('',#2881,#2882,#1692,.T.);
#3544=EDGE_CURVE('',#2882,#2883,#1693,.F.);
#3545=EDGE_CURVE('',#2880,#2883,#1694,.T.);
#3546=EDGE_CURVE('',#2884,#2885,#1695,.T.);
#3547=EDGE_CURVE('',#2885,#2886,#1696,.T.);
#3548=EDGE_CURVE('',#2886,#2887,#1697,.F.);
#3549=EDGE_CURVE('',#2884,#2887,#1698,.T.);
#3550=EDGE_CURVE('',#2888,#2889,#1699,.T.);
#3551=EDGE_CURVE('',#2889,#2890,#1700,.T.);
#3552=EDGE_CURVE('',#2890,#2891,#1701,.F.);
#3553=EDGE_CURVE('',#2888,#2891,#1702,.T.);
#3554=EDGE_CURVE('',#2875,#2876,#359,.F.);
#3555=EDGE_CURVE('',#2879,#2868,#360,.F.);
#3556=EDGE_CURVE('',#2871,#2872,#361,.F.);
#3557=EDGE_CURVE('',#2883,#2884,#362,.F.);
#3558=EDGE_CURVE('',#2887,#2888,#363,.F.);
#3559=EDGE_CURVE('',#2891,#2880,#364,.F.);
#3560=EDGE_CURVE('',#2758,#2755,#365,.F.);
#3561=EDGE_CURVE('',#2746,#2743,#366,.F.);
#3562=EDGE_CURVE('',#2744,#2741,#367,.F.);
#3563=EDGE_CURVE('',#2701,#2698,#368,.F.);
#3564=EDGE_CURVE('',#2845,#2842,#369,.T.);
#3565=EDGE_CURVE('',#2839,#2836,#370,.T.);
#3566=EDGE_CURVE('',#2851,#2848,#371,.T.);
#3567=EDGE_CURVE('',#2833,#2830,#372,.T.);
#3568=EDGE_CURVE('',#2825,#2822,#373,.F.);
#3569=EDGE_CURVE('',#2823,#2820,#374,.F.);
#3570=EDGE_CURVE('',#2756,#2753,#375,.F.);
#3571=EDGE_CURVE('',#2764,#2761,#376,.F.);
#3572=EDGE_CURVE('',#2766,#2763,#377,.F.);
#3573=EDGE_CURVE('',#2874,#2877,#378,.F.);
#3574=EDGE_CURVE('',#2870,#2873,#379,.F.);
#3575=EDGE_CURVE('',#2878,#2869,#380,.F.);
#3576=EDGE_CURVE('',#2882,#2885,#381,.F.);
#3577=EDGE_CURVE('',#2890,#2881,#382,.F.);
#3578=EDGE_CURVE('',#2886,#2889,#383,.F.);
#3579=EDGE_CURVE('',#2593,#2523,#1703,.T.);
#3580=EDGE_CURVE('',#2604,#2892,#1704,.T.);
#3581=EDGE_CURVE('',#2892,#2893,#1705,.T.);
#3582=EDGE_CURVE('',#2893,#2605,#1706,.F.);
#3583=EDGE_CURVE('',#2596,#2894,#1707,.T.);
#3584=EDGE_CURVE('',#2894,#2895,#1708,.T.);
#3585=EDGE_CURVE('',#2895,#2597,#1709,.T.);
#3586=EDGE_CURVE('',#2638,#2896,#1710,.T.);
#3587=EDGE_CURVE('',#2896,#2897,#1711,.T.);
#3588=EDGE_CURVE('',#2897,#2639,#1712,.F.);
#3589=EDGE_CURVE('',#2630,#2898,#1713,.T.);
#3590=EDGE_CURVE('',#2898,#2899,#1714,.T.);
#3591=EDGE_CURVE('',#2899,#2631,#1715,.T.);
#3592=EDGE_CURVE('',#2899,#2737,#384,.T.);
#3593=EDGE_CURVE('',#2734,#2896,#385,.T.);
#3594=EDGE_CURVE('',#2895,#2816,#386,.T.);
#3595=EDGE_CURVE('',#2813,#2892,#387,.T.);
#3596=EDGE_CURVE('',#2847,#2844,#388,.F.);
#3597=EDGE_CURVE('',#2849,#2846,#389,.F.);
#3598=EDGE_CURVE('',#2829,#2850,#390,.F.);
#3599=EDGE_CURVE('',#2831,#2828,#391,.F.);
#3600=EDGE_CURVE('',#2835,#2832,#392,.F.);
#3601=EDGE_CURVE('',#2837,#2834,#393,.F.);
#3602=EDGE_CURVE('',#2841,#2838,#394,.F.);
#3603=EDGE_CURVE('',#2843,#2840,#395,.F.);
#3604=EDGE_CURVE('',#2760,#2757,#396,.T.);
#3605=EDGE_CURVE('',#2762,#2759,#397,.T.);
#3606=EDGE_CURVE('',#2768,#2765,#398,.T.);
#3607=EDGE_CURVE('',#2770,#2767,#399,.T.);
#3608=EDGE_CURVE('',#2772,#2769,#400,.T.);
#3609=EDGE_CURVE('',#2750,#2771,#401,.T.);
#3610=EDGE_CURVE('',#2752,#2749,#402,.T.);
#3611=EDGE_CURVE('',#2754,#2751,#403,.T.);
#3612=EDGE_CURVE('',#2742,#2739,#404,.T.);
#3613=EDGE_CURVE('',#2748,#2745,#405,.T.);
#3614=EDGE_CURVE('',#2736,#2733,#406,.T.);
#3615=EDGE_CURVE('',#2738,#2735,#407,.T.);
#3616=EDGE_CURVE('',#2740,#2898,#408,.T.);
#3617=EDGE_CURVE('',#2703,#2700,#409,.T.);
#3618=EDGE_CURVE('',#2705,#2702,#410,.T.);
#3619=EDGE_CURVE('',#2695,#2704,#411,.T.);
#3620=EDGE_CURVE('',#2697,#2694,#412,.T.);
#3621=EDGE_CURVE('',#2699,#2696,#413,.T.);
#3622=EDGE_CURVE('',#2819,#2894,#414,.T.);
#3623=EDGE_CURVE('',#2821,#2818,#415,.T.);
#3624=EDGE_CURVE('',#2827,#2824,#416,.T.);
#3625=EDGE_CURVE('',#2893,#2826,#417,.T.);
#3626=EDGE_CURVE('',#2815,#2812,#418,.T.);
#3627=EDGE_CURVE('',#2817,#2814,#419,.T.);
#3628=EDGE_CURVE('',#2897,#2747,#420,.T.);
#3629=EDGE_CURVE('',#2704,#2711,#1716,.T.);
#3630=EDGE_CURVE('',#2711,#2695,#1717,.T.);
#3631=EDGE_CURVE('',#2712,#2694,#1718,.T.);
#3632=EDGE_CURVE('',#2705,#2710,#1719,.T.);
#3633=EDGE_CURVE('',#2712,#2697,#1720,.T.);
#3634=EDGE_CURVE('',#2702,#2710,#1721,.T.);
#3635=EDGE_CURVE('',#2706,#2696,#1722,.T.);
#3636=EDGE_CURVE('',#2703,#2709,#1723,.T.);
#3637=EDGE_CURVE('',#2706,#2699,#1724,.T.);
#3638=EDGE_CURVE('',#2700,#2709,#1725,.T.);
#3639=EDGE_CURVE('',#2707,#2698,#1726,.T.);
#3640=EDGE_CURVE('',#2701,#2708,#1727,.T.);
#3641=EDGE_CURVE('',#2747,#2722,#1728,.T.);
#3642=EDGE_CURVE('',#2722,#2897,#1729,.T.);
#3643=EDGE_CURVE('',#2723,#2896,#1730,.T.);
#3644=EDGE_CURVE('',#2748,#2721,#1731,.T.);
#3645=EDGE_CURVE('',#2724,#2734,#1732,.T.);
#3646=EDGE_CURVE('',#2745,#2721,#1733,.T.);
#3647=EDGE_CURVE('',#2725,#2733,#1734,.T.);
#3648=EDGE_CURVE('',#2746,#2720,#1735,.T.);
#3649=EDGE_CURVE('',#2725,#2736,#1736,.T.);
#3650=EDGE_CURVE('',#2743,#2719,#1737,.T.);
#3651=EDGE_CURVE('',#2726,#2735,#1738,.T.);
#3652=EDGE_CURVE('',#2744,#2718,#1739,.T.);
#3653=EDGE_CURVE('',#2726,#2738,#1740,.T.);
#3654=EDGE_CURVE('',#2741,#2717,#1741,.T.);
#3655=EDGE_CURVE('',#2713,#2737,#1742,.T.);
#3656=EDGE_CURVE('',#2742,#2716,#1743,.T.);
#3657=EDGE_CURVE('',#2714,#2899,#1744,.T.);
#3658=EDGE_CURVE('',#2739,#2716,#1745,.T.);
#3659=EDGE_CURVE('',#2715,#2898,#1746,.T.);
#3660=EDGE_CURVE('',#2740,#2715,#1747,.T.);
#3661=EDGE_CURVE('',#2882,#2731,#1748,.T.);
#3662=EDGE_CURVE('',#2732,#2881,#1749,.T.);
#3663=EDGE_CURVE('',#2727,#2890,#1750,.T.);
#3664=EDGE_CURVE('',#2885,#2730,#1751,.T.);
#3665=EDGE_CURVE('',#2728,#2889,#1752,.T.);
#3666=EDGE_CURVE('',#2886,#2729,#1753,.T.);
#3667=EDGE_CURVE('',#2830,#2861,#1754,.T.);
#3668=EDGE_CURVE('',#2862,#2833,#1755,.T.);
#3669=EDGE_CURVE('',#2863,#2832,#1756,.T.);
#3670=EDGE_CURVE('',#2831,#2860,#1757,.T.);
#3671=EDGE_CURVE('',#2863,#2835,#1758,.T.);
#3672=EDGE_CURVE('',#2828,#2860,#1759,.T.);
#3673=EDGE_CURVE('',#2864,#2834,#1760,.T.);
#3674=EDGE_CURVE('',#2829,#2859,#1761,.T.);
#3675=EDGE_CURVE('',#2864,#2837,#1762,.T.);
#3676=EDGE_CURVE('',#2850,#2859,#1763,.T.);
#3677=EDGE_CURVE('',#2865,#2836,#1764,.T.);
#3678=EDGE_CURVE('',#2851,#2858,#1765,.T.);
#3679=EDGE_CURVE('',#2866,#2839,#1766,.T.);
#3680=EDGE_CURVE('',#2848,#2857,#1767,.T.);
#3681=EDGE_CURVE('',#2867,#2838,#1768,.T.);
#3682=EDGE_CURVE('',#2849,#2856,#1769,.T.);
#3683=EDGE_CURVE('',#2867,#2841,#1770,.T.);
#3684=EDGE_CURVE('',#2846,#2856,#1771,.T.);
#3685=EDGE_CURVE('',#2852,#2840,#1772,.T.);
#3686=EDGE_CURVE('',#2847,#2855,#1773,.T.);
#3687=EDGE_CURVE('',#2852,#2843,#1774,.T.);
#3688=EDGE_CURVE('',#2844,#2855,#1775,.T.);
#3689=EDGE_CURVE('',#2853,#2842,#1776,.T.);
#3690=EDGE_CURVE('',#2845,#2854,#1777,.T.);
#3691=EDGE_CURVE('',#2824,#2801,#1778,.T.);
#3692=EDGE_CURVE('',#2801,#2827,#1779,.T.);
#3693=EDGE_CURVE('',#2802,#2826,#1780,.T.);
#3694=EDGE_CURVE('',#2825,#2800,#1781,.T.);
#3695=EDGE_CURVE('',#2802,#2893,#1782,.T.);
#3696=EDGE_CURVE('',#2822,#2799,#1783,.T.);
#3697=EDGE_CURVE('',#2803,#2892,#1784,.T.);
#3698=EDGE_CURVE('',#2823,#2798,#1785,.T.);
#3699=EDGE_CURVE('',#2804,#2813,#1786,.T.);
#3700=EDGE_CURVE('',#2820,#2797,#1787,.T.);
#3701=EDGE_CURVE('',#2805,#2812,#1788,.T.);
#3702=EDGE_CURVE('',#2821,#2796,#1789,.T.);
#3703=EDGE_CURVE('',#2805,#2815,#1790,.T.);
#3704=EDGE_CURVE('',#2818,#2796,#1791,.T.);
#3705=EDGE_CURVE('',#2792,#2814,#1792,.T.);
#3706=EDGE_CURVE('',#2819,#2795,#1793,.T.);
#3707=EDGE_CURVE('',#2792,#2817,#1794,.T.);
#3708=EDGE_CURVE('',#2894,#2795,#1795,.T.);
#3709=EDGE_CURVE('',#2793,#2816,#1796,.T.);
#3710=EDGE_CURVE('',#2895,#2794,#1797,.T.);
#3711=EDGE_CURVE('',#2870,#2810,#1798,.T.);
#3712=EDGE_CURVE('',#2811,#2869,#1799,.T.);
#3713=EDGE_CURVE('',#2806,#2878,#1800,.T.);
#3714=EDGE_CURVE('',#2873,#2809,#1801,.T.);
#3715=EDGE_CURVE('',#2807,#2877,#1802,.T.);
#3716=EDGE_CURVE('',#2874,#2808,#1803,.T.);
#3717=EDGE_CURVE('',#2767,#2783,#1804,.T.);
#3718=EDGE_CURVE('',#2783,#2770,#1805,.T.);
#3719=EDGE_CURVE('',#2784,#2769,#1806,.T.);
#3720=EDGE_CURVE('',#2768,#2782,#1807,.T.);
#3721=EDGE_CURVE('',#2784,#2772,#1808,.T.);
#3722=EDGE_CURVE('',#2765,#2782,#1809,.T.);
#3723=EDGE_CURVE('',#2785,#2771,#1810,.T.);
#3724=EDGE_CURVE('',#2766,#2781,#1811,.T.);
#3725=EDGE_CURVE('',#2785,#2750,#1812,.T.);
#3726=EDGE_CURVE('',#2763,#2780,#1813,.T.);
#3727=EDGE_CURVE('',#2786,#2749,#1814,.T.);
#3728=EDGE_CURVE('',#2764,#2779,#1815,.T.);
#3729=EDGE_CURVE('',#2786,#2752,#1816,.T.);
#3730=EDGE_CURVE('',#2761,#2778,#1817,.T.);
#3731=EDGE_CURVE('',#2787,#2751,#1818,.T.);
#3732=EDGE_CURVE('',#2762,#2777,#1819,.T.);
#3733=EDGE_CURVE('',#2787,#2754,#1820,.T.);
#3734=EDGE_CURVE('',#2759,#2777,#1821,.T.);
#3735=EDGE_CURVE('',#2788,#2753,#1822,.T.);
#3736=EDGE_CURVE('',#2760,#2776,#1823,.T.);
#3737=EDGE_CURVE('',#2773,#2756,#1824,.T.);
#3738=EDGE_CURVE('',#2757,#2776,#1825,.T.);
#3739=EDGE_CURVE('',#2774,#2755,#1826,.T.);
#3740=EDGE_CURVE('',#2758,#2775,#1827,.T.);
#3741=EDGE_CURVE('',#2434,#2577,#1828,.T.);
#3742=EDGE_CURVE('',#2578,#2428,#1829,.T.);
#3743=EDGE_CURVE('',#2579,#2427,#1830,.T.);
#3744=EDGE_CURVE('',#2433,#2576,#1831,.T.);
#3745=EDGE_CURVE('',#2572,#2429,#1832,.T.);
#3746=EDGE_CURVE('',#2432,#2575,#1833,.T.);
#3747=EDGE_CURVE('',#2573,#2430,#1834,.T.);
#3748=EDGE_CURVE('',#2431,#2574,#1835,.T.);
#3749=ORIENTED_EDGE('',*,*,#2900,.T.);
#3750=ORIENTED_EDGE('',*,*,#2901,.T.);
#3751=ORIENTED_EDGE('',*,*,#2902,.T.);
#3752=ORIENTED_EDGE('',*,*,#2903,.T.);
#3753=ORIENTED_EDGE('',*,*,#2904,.T.);
#3754=ORIENTED_EDGE('',*,*,#2905,.T.);
#3755=ORIENTED_EDGE('',*,*,#2900,.F.);
#3756=ORIENTED_EDGE('',*,*,#2906,.T.);
#3757=ORIENTED_EDGE('',*,*,#2907,.T.);
#3758=ORIENTED_EDGE('',*,*,#2908,.T.);
#3759=ORIENTED_EDGE('',*,*,#2904,.F.);
#3760=ORIENTED_EDGE('',*,*,#2909,.T.);
#3761=ORIENTED_EDGE('',*,*,#2910,.T.);
#3762=ORIENTED_EDGE('',*,*,#2911,.T.);
#3763=ORIENTED_EDGE('',*,*,#2907,.F.);
#3764=ORIENTED_EDGE('',*,*,#2912,.T.);
#3765=ORIENTED_EDGE('',*,*,#2913,.T.);
#3766=ORIENTED_EDGE('',*,*,#2914,.T.);
#3767=ORIENTED_EDGE('',*,*,#2910,.F.);
#3768=ORIENTED_EDGE('',*,*,#2915,.T.);
#3769=ORIENTED_EDGE('',*,*,#2916,.T.);
#3770=ORIENTED_EDGE('',*,*,#2917,.T.);
#3771=ORIENTED_EDGE('',*,*,#2913,.F.);
#3772=ORIENTED_EDGE('',*,*,#2918,.T.);
#3773=ORIENTED_EDGE('',*,*,#2919,.T.);
#3774=ORIENTED_EDGE('',*,*,#2920,.T.);
#3775=ORIENTED_EDGE('',*,*,#2916,.F.);
#3776=ORIENTED_EDGE('',*,*,#2921,.T.);
#3777=ORIENTED_EDGE('',*,*,#2902,.F.);
#3778=ORIENTED_EDGE('',*,*,#2922,.T.);
#3779=ORIENTED_EDGE('',*,*,#2919,.F.);
#3780=ORIENTED_EDGE('',*,*,#2923,.T.);
#3781=ORIENTED_EDGE('',*,*,#2917,.F.);
#3782=ORIENTED_EDGE('',*,*,#2924,.F.);
#3783=ORIENTED_EDGE('',*,*,#2925,.T.);
#3784=ORIENTED_EDGE('',*,*,#2926,.F.);
#3785=ORIENTED_EDGE('',*,*,#2920,.F.);
#3786=ORIENTED_EDGE('',*,*,#2927,.T.);
#3787=ORIENTED_EDGE('',*,*,#2928,.T.);
#3788=ORIENTED_EDGE('',*,*,#2924,.T.);
#3789=ORIENTED_EDGE('',*,*,#2922,.F.);
#3790=ORIENTED_EDGE('',*,*,#2929,.F.);
#3791=ORIENTED_EDGE('',*,*,#2930,.T.);
#3792=ORIENTED_EDGE('',*,*,#2927,.F.);
#3793=ORIENTED_EDGE('',*,*,#2901,.F.);
#3794=ORIENTED_EDGE('',*,*,#2931,.T.);
#3795=ORIENTED_EDGE('',*,*,#2932,.T.);
#3796=ORIENTED_EDGE('',*,*,#2929,.T.);
#3797=ORIENTED_EDGE('',*,*,#2903,.F.);
#3798=ORIENTED_EDGE('',*,*,#2923,.F.);
#3799=ORIENTED_EDGE('',*,*,#2921,.F.);
#3800=ORIENTED_EDGE('',*,*,#2918,.F.);
#3801=ORIENTED_EDGE('',*,*,#2915,.F.);
#3802=ORIENTED_EDGE('',*,*,#2912,.F.);
#3803=ORIENTED_EDGE('',*,*,#2909,.F.);
#3804=ORIENTED_EDGE('',*,*,#2906,.F.);
#3805=ORIENTED_EDGE('',*,*,#2905,.F.);
#3806=ORIENTED_EDGE('',*,*,#2933,.F.);
#3807=ORIENTED_EDGE('',*,*,#2934,.T.);
#3808=ORIENTED_EDGE('',*,*,#2931,.F.);
#3809=ORIENTED_EDGE('',*,*,#2908,.F.);
#3810=ORIENTED_EDGE('',*,*,#2935,.T.);
#3811=ORIENTED_EDGE('',*,*,#2936,.T.);
#3812=ORIENTED_EDGE('',*,*,#2933,.T.);
#3813=ORIENTED_EDGE('',*,*,#2911,.F.);
#3814=ORIENTED_EDGE('',*,*,#2937,.F.);
#3815=ORIENTED_EDGE('',*,*,#2938,.T.);
#3816=ORIENTED_EDGE('',*,*,#2935,.F.);
#3817=ORIENTED_EDGE('',*,*,#2914,.F.);
#3818=ORIENTED_EDGE('',*,*,#2926,.T.);
#3819=ORIENTED_EDGE('',*,*,#2939,.T.);
#3820=ORIENTED_EDGE('',*,*,#2937,.T.);
#3821=ORIENTED_EDGE('',*,*,#2940,.T.);
#3822=ORIENTED_EDGE('',*,*,#2941,.T.);
#3823=ORIENTED_EDGE('',*,*,#2942,.T.);
#3824=ORIENTED_EDGE('',*,*,#2943,.T.);
#3825=ORIENTED_EDGE('',*,*,#2941,.F.);
#3826=ORIENTED_EDGE('',*,*,#2944,.T.);
#3827=ORIENTED_EDGE('',*,*,#2945,.T.);
#3828=ORIENTED_EDGE('',*,*,#2946,.T.);
#3829=ORIENTED_EDGE('',*,*,#2947,.T.);
#3830=ORIENTED_EDGE('',*,*,#2948,.T.);
#3831=ORIENTED_EDGE('',*,*,#2949,.T.);
#3832=ORIENTED_EDGE('',*,*,#2943,.F.);
#3833=ORIENTED_EDGE('',*,*,#2948,.F.);
#3834=ORIENTED_EDGE('',*,*,#2950,.T.);
#3835=ORIENTED_EDGE('',*,*,#2951,.T.);
#3836=ORIENTED_EDGE('',*,*,#2952,.T.);
#3837=ORIENTED_EDGE('',*,*,#2953,.T.);
#3838=ORIENTED_EDGE('',*,*,#2954,.T.);
#3839=ORIENTED_EDGE('',*,*,#2951,.F.);
#3840=ORIENTED_EDGE('',*,*,#2955,.T.);
#3841=ORIENTED_EDGE('',*,*,#2956,.T.);
#3842=ORIENTED_EDGE('',*,*,#2957,.T.);
#3843=ORIENTED_EDGE('',*,*,#2953,.F.);
#3844=ORIENTED_EDGE('',*,*,#2958,.T.);
#3845=ORIENTED_EDGE('',*,*,#2959,.T.);
#3846=ORIENTED_EDGE('',*,*,#2960,.T.);
#3847=ORIENTED_EDGE('',*,*,#2956,.F.);
#3848=ORIENTED_EDGE('',*,*,#2961,.T.);
#3849=ORIENTED_EDGE('',*,*,#2945,.F.);
#3850=ORIENTED_EDGE('',*,*,#2962,.T.);
#3851=ORIENTED_EDGE('',*,*,#2959,.F.);
#3852=ORIENTED_EDGE('',*,*,#2963,.T.);
#3853=ORIENTED_EDGE('',*,*,#2960,.F.);
#3854=ORIENTED_EDGE('',*,*,#2964,.F.);
#3855=ORIENTED_EDGE('',*,*,#2965,.F.);
#3856=ORIENTED_EDGE('',*,*,#2966,.F.);
#3857=ORIENTED_EDGE('',*,*,#2962,.F.);
#3858=ORIENTED_EDGE('',*,*,#2967,.T.);
#3859=ORIENTED_EDGE('',*,*,#2968,.F.);
#3860=ORIENTED_EDGE('',*,*,#2964,.T.);
#3861=ORIENTED_EDGE('',*,*,#2944,.F.);
#3862=ORIENTED_EDGE('',*,*,#2969,.T.);
#3863=ORIENTED_EDGE('',*,*,#2970,.F.);
#3864=ORIENTED_EDGE('',*,*,#2967,.F.);
#3865=ORIENTED_EDGE('',*,*,#2940,.F.);
#3866=ORIENTED_EDGE('',*,*,#2971,.T.);
#3867=ORIENTED_EDGE('',*,*,#2972,.F.);
#3868=ORIENTED_EDGE('',*,*,#2969,.F.);
#3869=ORIENTED_EDGE('',*,*,#2973,.F.);
#3870=ORIENTED_EDGE('',*,*,#2974,.F.);
#3871=ORIENTED_EDGE('',*,*,#2975,.F.);
#3872=ORIENTED_EDGE('',*,*,#2976,.F.);
#3873=ORIENTED_EDGE('',*,*,#2977,.F.);
#3874=ORIENTED_EDGE('',*,*,#2978,.F.);
#3875=ORIENTED_EDGE('',*,*,#2979,.F.);
#3876=ORIENTED_EDGE('',*,*,#2980,.F.);
#3877=ORIENTED_EDGE('',*,*,#2981,.F.);
#3878=ORIENTED_EDGE('',*,*,#2982,.F.);
#3879=ORIENTED_EDGE('',*,*,#2983,.F.);
#3880=ORIENTED_EDGE('',*,*,#2984,.F.);
#3881=ORIENTED_EDGE('',*,*,#2985,.F.);
#3882=ORIENTED_EDGE('',*,*,#2942,.F.);
#3883=ORIENTED_EDGE('',*,*,#2946,.F.);
#3884=ORIENTED_EDGE('',*,*,#2963,.F.);
#3885=ORIENTED_EDGE('',*,*,#2961,.F.);
#3886=ORIENTED_EDGE('',*,*,#2958,.F.);
#3887=ORIENTED_EDGE('',*,*,#2955,.F.);
#3888=ORIENTED_EDGE('',*,*,#2950,.F.);
#3889=ORIENTED_EDGE('',*,*,#2947,.F.);
#3890=ORIENTED_EDGE('',*,*,#2986,.T.);
#3891=ORIENTED_EDGE('',*,*,#2987,.T.);
#3892=ORIENTED_EDGE('',*,*,#2988,.T.);
#3893=ORIENTED_EDGE('',*,*,#2984,.T.);
#3894=ORIENTED_EDGE('',*,*,#2989,.T.);
#3895=ORIENTED_EDGE('',*,*,#2990,.T.);
#3896=ORIENTED_EDGE('',*,*,#2991,.T.);
#3897=ORIENTED_EDGE('',*,*,#2983,.T.);
#3898=ORIENTED_EDGE('',*,*,#2992,.T.);
#3899=ORIENTED_EDGE('',*,*,#2993,.T.);
#3900=ORIENTED_EDGE('',*,*,#2994,.T.);
#3901=ORIENTED_EDGE('',*,*,#2981,.T.);
#3902=ORIENTED_EDGE('',*,*,#2994,.F.);
#3903=ORIENTED_EDGE('',*,*,#2995,.T.);
#3904=ORIENTED_EDGE('',*,*,#2996,.T.);
#3905=ORIENTED_EDGE('',*,*,#2982,.T.);
#3906=ORIENTED_EDGE('',*,*,#2997,.T.);
#3907=ORIENTED_EDGE('',*,*,#2977,.T.);
#3908=ORIENTED_EDGE('',*,*,#2998,.T.);
#3909=ORIENTED_EDGE('',*,*,#2999,.T.);
#3910=ORIENTED_EDGE('',*,*,#2997,.F.);
#3911=ORIENTED_EDGE('',*,*,#3000,.T.);
#3912=ORIENTED_EDGE('',*,*,#3001,.T.);
#3913=ORIENTED_EDGE('',*,*,#2978,.T.);
#3914=ORIENTED_EDGE('',*,*,#3001,.F.);
#3915=ORIENTED_EDGE('',*,*,#3002,.T.);
#3916=ORIENTED_EDGE('',*,*,#3003,.T.);
#3917=ORIENTED_EDGE('',*,*,#2979,.T.);
#3918=ORIENTED_EDGE('',*,*,#3003,.F.);
#3919=ORIENTED_EDGE('',*,*,#3004,.T.);
#3920=ORIENTED_EDGE('',*,*,#3005,.T.);
#3921=ORIENTED_EDGE('',*,*,#2980,.T.);
#3922=ORIENTED_EDGE('',*,*,#3006,.T.);
#3923=ORIENTED_EDGE('',*,*,#3007,.T.);
#3924=ORIENTED_EDGE('',*,*,#3008,.T.);
#3925=ORIENTED_EDGE('',*,*,#2976,.T.);
#3926=ORIENTED_EDGE('',*,*,#3009,.T.);
#3927=ORIENTED_EDGE('',*,*,#2973,.T.);
#3928=ORIENTED_EDGE('',*,*,#3010,.T.);
#3929=ORIENTED_EDGE('',*,*,#3011,.T.);
#3930=ORIENTED_EDGE('',*,*,#3009,.F.);
#3931=ORIENTED_EDGE('',*,*,#3012,.T.);
#3932=ORIENTED_EDGE('',*,*,#3013,.T.);
#3933=ORIENTED_EDGE('',*,*,#2974,.T.);
#3934=ORIENTED_EDGE('',*,*,#3013,.F.);
#3935=ORIENTED_EDGE('',*,*,#3014,.T.);
#3936=ORIENTED_EDGE('',*,*,#3015,.T.);
#3937=ORIENTED_EDGE('',*,*,#2975,.T.);
#3938=ORIENTED_EDGE('',*,*,#3016,.T.);
#3939=ORIENTED_EDGE('',*,*,#3017,.T.);
#3940=ORIENTED_EDGE('',*,*,#3010,.F.);
#3941=ORIENTED_EDGE('',*,*,#2985,.T.);
#3942=ORIENTED_EDGE('',*,*,#3015,.F.);
#3943=ORIENTED_EDGE('',*,*,#3018,.T.);
#3944=ORIENTED_EDGE('',*,*,#3006,.F.);
#3945=ORIENTED_EDGE('',*,*,#3008,.F.);
#3946=ORIENTED_EDGE('',*,*,#3019,.T.);
#3947=ORIENTED_EDGE('',*,*,#2998,.F.);
#3948=ORIENTED_EDGE('',*,*,#3005,.F.);
#3949=ORIENTED_EDGE('',*,*,#3020,.T.);
#3950=ORIENTED_EDGE('',*,*,#2992,.F.);
#3951=ORIENTED_EDGE('',*,*,#2996,.F.);
#3952=ORIENTED_EDGE('',*,*,#3021,.T.);
#3953=ORIENTED_EDGE('',*,*,#2989,.F.);
#3954=ORIENTED_EDGE('',*,*,#2991,.F.);
#3955=ORIENTED_EDGE('',*,*,#3022,.T.);
#3956=ORIENTED_EDGE('',*,*,#2986,.F.);
#3957=ORIENTED_EDGE('',*,*,#2988,.F.);
#3958=ORIENTED_EDGE('',*,*,#3023,.T.);
#3959=ORIENTED_EDGE('',*,*,#3016,.F.);
#3960=ORIENTED_EDGE('',*,*,#3004,.F.);
#3961=ORIENTED_EDGE('',*,*,#3024,.T.);
#3962=ORIENTED_EDGE('',*,*,#3025,.F.);
#3963=ORIENTED_EDGE('',*,*,#3026,.T.);
#3964=ORIENTED_EDGE('',*,*,#3002,.F.);
#3965=ORIENTED_EDGE('',*,*,#3027,.F.);
#3966=ORIENTED_EDGE('',*,*,#3028,.F.);
#3967=ORIENTED_EDGE('',*,*,#3024,.F.);
#3968=ORIENTED_EDGE('',*,*,#3000,.F.);
#3969=ORIENTED_EDGE('',*,*,#3029,.T.);
#3970=ORIENTED_EDGE('',*,*,#3030,.F.);
#3971=ORIENTED_EDGE('',*,*,#3027,.T.);
#3972=ORIENTED_EDGE('',*,*,#2999,.F.);
#3973=ORIENTED_EDGE('',*,*,#3031,.T.);
#3974=ORIENTED_EDGE('',*,*,#3032,.F.);
#3975=ORIENTED_EDGE('',*,*,#3029,.F.);
#3976=ORIENTED_EDGE('',*,*,#3019,.F.);
#3977=ORIENTED_EDGE('',*,*,#3033,.F.);
#3978=ORIENTED_EDGE('',*,*,#3034,.F.);
#3979=ORIENTED_EDGE('',*,*,#3031,.F.);
#3980=ORIENTED_EDGE('',*,*,#3007,.F.);
#3981=ORIENTED_EDGE('',*,*,#3035,.T.);
#3982=ORIENTED_EDGE('',*,*,#3036,.F.);
#3983=ORIENTED_EDGE('',*,*,#3033,.T.);
#3984=ORIENTED_EDGE('',*,*,#3018,.F.);
#3985=ORIENTED_EDGE('',*,*,#3037,.F.);
#3986=ORIENTED_EDGE('',*,*,#3038,.F.);
#3987=ORIENTED_EDGE('',*,*,#3035,.F.);
#3988=ORIENTED_EDGE('',*,*,#3014,.F.);
#3989=ORIENTED_EDGE('',*,*,#3039,.T.);
#3990=ORIENTED_EDGE('',*,*,#3040,.F.);
#3991=ORIENTED_EDGE('',*,*,#3037,.T.);
#3992=ORIENTED_EDGE('',*,*,#3012,.F.);
#3993=ORIENTED_EDGE('',*,*,#3041,.F.);
#3994=ORIENTED_EDGE('',*,*,#3042,.F.);
#3995=ORIENTED_EDGE('',*,*,#3039,.F.);
#3996=ORIENTED_EDGE('',*,*,#3011,.F.);
#3997=ORIENTED_EDGE('',*,*,#3043,.T.);
#3998=ORIENTED_EDGE('',*,*,#3044,.F.);
#3999=ORIENTED_EDGE('',*,*,#3041,.T.);
#4000=ORIENTED_EDGE('',*,*,#3045,.T.);
#4001=ORIENTED_EDGE('',*,*,#3046,.T.);
#4002=ORIENTED_EDGE('',*,*,#3047,.T.);
#4003=ORIENTED_EDGE('',*,*,#3048,.T.);
#4004=ORIENTED_EDGE('',*,*,#3049,.T.);
#4005=ORIENTED_EDGE('',*,*,#3050,.T.);
#4006=ORIENTED_EDGE('',*,*,#3051,.T.);
#4007=ORIENTED_EDGE('',*,*,#3052,.T.);
#4008=ORIENTED_EDGE('',*,*,#3053,.T.);
#4009=ORIENTED_EDGE('',*,*,#3054,.T.);
#4010=ORIENTED_EDGE('',*,*,#3051,.F.);
#4011=ORIENTED_EDGE('',*,*,#3055,.T.);
#4012=ORIENTED_EDGE('',*,*,#3056,.T.);
#4013=ORIENTED_EDGE('',*,*,#3057,.T.);
#4014=ORIENTED_EDGE('',*,*,#3053,.F.);
#4015=ORIENTED_EDGE('',*,*,#3058,.T.);
#4016=ORIENTED_EDGE('',*,*,#3059,.T.);
#4017=ORIENTED_EDGE('',*,*,#3060,.T.);
#4018=ORIENTED_EDGE('',*,*,#3056,.F.);
#4019=ORIENTED_EDGE('',*,*,#3061,.T.);
#4020=ORIENTED_EDGE('',*,*,#3059,.F.);
#4021=ORIENTED_EDGE('',*,*,#3062,.T.);
#4022=ORIENTED_EDGE('',*,*,#3063,.T.);
#4023=ORIENTED_EDGE('',*,*,#3064,.T.);
#4024=ORIENTED_EDGE('',*,*,#3045,.F.);
#4025=ORIENTED_EDGE('',*,*,#3065,.F.);
#4026=ORIENTED_EDGE('',*,*,#3063,.F.);
#4027=ORIENTED_EDGE('',*,*,#3066,.T.);
#4028=ORIENTED_EDGE('',*,*,#3067,.T.);
#4029=ORIENTED_EDGE('',*,*,#3068,.T.);
#4030=ORIENTED_EDGE('',*,*,#3069,.T.);
#4031=ORIENTED_EDGE('',*,*,#3070,.T.);
#4032=ORIENTED_EDGE('',*,*,#3069,.F.);
#4033=ORIENTED_EDGE('',*,*,#3071,.T.);
#4034=ORIENTED_EDGE('',*,*,#3047,.F.);
#4035=ORIENTED_EDGE('',*,*,#3072,.T.);
#4036=ORIENTED_EDGE('',*,*,#3073,.T.);
#4037=ORIENTED_EDGE('',*,*,#3074,.T.);
#4038=ORIENTED_EDGE('',*,*,#3075,.T.);
#4039=ORIENTED_EDGE('',*,*,#3074,.F.);
#4040=ORIENTED_EDGE('',*,*,#3076,.T.);
#4041=ORIENTED_EDGE('',*,*,#3067,.F.);
#4042=ORIENTED_EDGE('',*,*,#3077,.T.);
#4043=ORIENTED_EDGE('',*,*,#3078,.T.);
#4044=ORIENTED_EDGE('',*,*,#3079,.T.);
#4045=ORIENTED_EDGE('',*,*,#3080,.T.);
#4046=ORIENTED_EDGE('',*,*,#3079,.F.);
#4047=ORIENTED_EDGE('',*,*,#3081,.T.);
#4048=ORIENTED_EDGE('',*,*,#3072,.F.);
#4049=ORIENTED_EDGE('',*,*,#3082,.T.);
#4050=ORIENTED_EDGE('',*,*,#3083,.T.);
#4051=ORIENTED_EDGE('',*,*,#3084,.T.);
#4052=ORIENTED_EDGE('',*,*,#3085,.T.);
#4053=ORIENTED_EDGE('',*,*,#3086,.T.);
#4054=ORIENTED_EDGE('',*,*,#3087,.T.);
#4055=ORIENTED_EDGE('',*,*,#3082,.F.);
#4056=ORIENTED_EDGE('',*,*,#3088,.T.);
#4057=ORIENTED_EDGE('',*,*,#3089,.T.);
#4058=ORIENTED_EDGE('',*,*,#3090,.T.);
#4059=ORIENTED_EDGE('',*,*,#3086,.F.);
#4060=ORIENTED_EDGE('',*,*,#3091,.T.);
#4061=ORIENTED_EDGE('',*,*,#3092,.T.);
#4062=ORIENTED_EDGE('',*,*,#3093,.T.);
#4063=ORIENTED_EDGE('',*,*,#3089,.F.);
#4064=ORIENTED_EDGE('',*,*,#3094,.T.);
#4065=ORIENTED_EDGE('',*,*,#3095,.T.);
#4066=ORIENTED_EDGE('',*,*,#3096,.T.);
#4067=ORIENTED_EDGE('',*,*,#3092,.F.);
#4068=ORIENTED_EDGE('',*,*,#3097,.T.);
#4069=ORIENTED_EDGE('',*,*,#3098,.T.);
#4070=ORIENTED_EDGE('',*,*,#3099,.T.);
#4071=ORIENTED_EDGE('',*,*,#3095,.F.);
#4072=ORIENTED_EDGE('',*,*,#3100,.T.);
#4073=ORIENTED_EDGE('',*,*,#3101,.T.);
#4074=ORIENTED_EDGE('',*,*,#3102,.T.);
#4075=ORIENTED_EDGE('',*,*,#3098,.F.);
#4076=ORIENTED_EDGE('',*,*,#3103,.T.);
#4077=ORIENTED_EDGE('',*,*,#3104,.T.);
#4078=ORIENTED_EDGE('',*,*,#3105,.T.);
#4079=ORIENTED_EDGE('',*,*,#3101,.F.);
#4080=ORIENTED_EDGE('',*,*,#3106,.T.);
#4081=ORIENTED_EDGE('',*,*,#3084,.F.);
#4082=ORIENTED_EDGE('',*,*,#3107,.T.);
#4083=ORIENTED_EDGE('',*,*,#3077,.F.);
#4084=ORIENTED_EDGE('',*,*,#3108,.T.);
#4085=ORIENTED_EDGE('',*,*,#3109,.T.);
#4086=ORIENTED_EDGE('',*,*,#3110,.T.);
#4087=ORIENTED_EDGE('',*,*,#3111,.T.);
#4088=ORIENTED_EDGE('',*,*,#3110,.F.);
#4089=ORIENTED_EDGE('',*,*,#3112,.T.);
#4090=ORIENTED_EDGE('',*,*,#3104,.F.);
#4091=ORIENTED_EDGE('',*,*,#3113,.T.);
#4092=ORIENTED_EDGE('',*,*,#3114,.T.);
#4093=ORIENTED_EDGE('',*,*,#3115,.T.);
#4094=ORIENTED_EDGE('',*,*,#3116,.T.);
#4095=ORIENTED_EDGE('',*,*,#3115,.F.);
#4096=ORIENTED_EDGE('',*,*,#3117,.T.);
#4097=ORIENTED_EDGE('',*,*,#3108,.F.);
#4098=ORIENTED_EDGE('',*,*,#3118,.T.);
#4099=ORIENTED_EDGE('',*,*,#3119,.T.);
#4100=ORIENTED_EDGE('',*,*,#3120,.T.);
#4101=ORIENTED_EDGE('',*,*,#3121,.T.);
#4102=ORIENTED_EDGE('',*,*,#3120,.F.);
#4103=ORIENTED_EDGE('',*,*,#3122,.T.);
#4104=ORIENTED_EDGE('',*,*,#3113,.F.);
#4105=ORIENTED_EDGE('',*,*,#3049,.F.);
#4106=ORIENTED_EDGE('',*,*,#3123,.T.);
#4107=ORIENTED_EDGE('',*,*,#3118,.F.);
#4108=ORIENTED_EDGE('',*,*,#3107,.F.);
#4109=ORIENTED_EDGE('',*,*,#3124,.F.);
#4110=ORIENTED_EDGE('',*,*,#3125,.F.);
#4111=ORIENTED_EDGE('',*,*,#3126,.F.);
#4112=ORIENTED_EDGE('',*,*,#3083,.F.);
#4113=ORIENTED_EDGE('',*,*,#3127,.T.);
#4114=ORIENTED_EDGE('',*,*,#3128,.F.);
#4115=ORIENTED_EDGE('',*,*,#3124,.T.);
#4116=ORIENTED_EDGE('',*,*,#3087,.F.);
#4117=ORIENTED_EDGE('',*,*,#3129,.F.);
#4118=ORIENTED_EDGE('',*,*,#3130,.F.);
#4119=ORIENTED_EDGE('',*,*,#3127,.F.);
#4120=ORIENTED_EDGE('',*,*,#3090,.F.);
#4121=ORIENTED_EDGE('',*,*,#3131,.T.);
#4122=ORIENTED_EDGE('',*,*,#3132,.F.);
#4123=ORIENTED_EDGE('',*,*,#3129,.T.);
#4124=ORIENTED_EDGE('',*,*,#3093,.F.);
#4125=ORIENTED_EDGE('',*,*,#3133,.F.);
#4126=ORIENTED_EDGE('',*,*,#3134,.F.);
#4127=ORIENTED_EDGE('',*,*,#3131,.F.);
#4128=ORIENTED_EDGE('',*,*,#3096,.F.);
#4129=ORIENTED_EDGE('',*,*,#3135,.T.);
#4130=ORIENTED_EDGE('',*,*,#3136,.F.);
#4131=ORIENTED_EDGE('',*,*,#3133,.T.);
#4132=ORIENTED_EDGE('',*,*,#3099,.F.);
#4133=ORIENTED_EDGE('',*,*,#3137,.F.);
#4134=ORIENTED_EDGE('',*,*,#3138,.F.);
#4135=ORIENTED_EDGE('',*,*,#3135,.F.);
#4136=ORIENTED_EDGE('',*,*,#3102,.F.);
#4137=ORIENTED_EDGE('',*,*,#3139,.T.);
#4138=ORIENTED_EDGE('',*,*,#3140,.F.);
#4139=ORIENTED_EDGE('',*,*,#3137,.T.);
#4140=ORIENTED_EDGE('',*,*,#3105,.F.);
#4141=ORIENTED_EDGE('',*,*,#3141,.T.);
#4142=ORIENTED_EDGE('',*,*,#3142,.F.);
#4143=ORIENTED_EDGE('',*,*,#3139,.F.);
#4144=ORIENTED_EDGE('',*,*,#3112,.F.);
#4145=ORIENTED_EDGE('',*,*,#3143,.F.);
#4146=ORIENTED_EDGE('',*,*,#3144,.F.);
#4147=ORIENTED_EDGE('',*,*,#3141,.F.);
#4148=ORIENTED_EDGE('',*,*,#3109,.F.);
#4149=ORIENTED_EDGE('',*,*,#3145,.T.);
#4150=ORIENTED_EDGE('',*,*,#3146,.F.);
#4151=ORIENTED_EDGE('',*,*,#3143,.T.);
#4152=ORIENTED_EDGE('',*,*,#3117,.F.);
#4153=ORIENTED_EDGE('',*,*,#3147,.F.);
#4154=ORIENTED_EDGE('',*,*,#3148,.F.);
#4155=ORIENTED_EDGE('',*,*,#3145,.F.);
#4156=ORIENTED_EDGE('',*,*,#3114,.F.);
#4157=ORIENTED_EDGE('',*,*,#3149,.T.);
#4158=ORIENTED_EDGE('',*,*,#3150,.F.);
#4159=ORIENTED_EDGE('',*,*,#3147,.T.);
#4160=ORIENTED_EDGE('',*,*,#3122,.F.);
#4161=ORIENTED_EDGE('',*,*,#3151,.F.);
#4162=ORIENTED_EDGE('',*,*,#3152,.F.);
#4163=ORIENTED_EDGE('',*,*,#3149,.F.);
#4164=ORIENTED_EDGE('',*,*,#3119,.F.);
#4165=ORIENTED_EDGE('',*,*,#3153,.F.);
#4166=ORIENTED_EDGE('',*,*,#3154,.F.);
#4167=ORIENTED_EDGE('',*,*,#3151,.T.);
#4168=ORIENTED_EDGE('',*,*,#3050,.F.);
#4169=ORIENTED_EDGE('',*,*,#3121,.F.);
#4170=ORIENTED_EDGE('',*,*,#3116,.F.);
#4171=ORIENTED_EDGE('',*,*,#3111,.F.);
#4172=ORIENTED_EDGE('',*,*,#3106,.F.);
#4173=ORIENTED_EDGE('',*,*,#3103,.F.);
#4174=ORIENTED_EDGE('',*,*,#3100,.F.);
#4175=ORIENTED_EDGE('',*,*,#3097,.F.);
#4176=ORIENTED_EDGE('',*,*,#3094,.F.);
#4177=ORIENTED_EDGE('',*,*,#3091,.F.);
#4178=ORIENTED_EDGE('',*,*,#3088,.F.);
#4179=ORIENTED_EDGE('',*,*,#3085,.F.);
#4180=ORIENTED_EDGE('',*,*,#3080,.F.);
#4181=ORIENTED_EDGE('',*,*,#3075,.F.);
#4182=ORIENTED_EDGE('',*,*,#3070,.F.);
#4183=ORIENTED_EDGE('',*,*,#3046,.F.);
#4184=ORIENTED_EDGE('',*,*,#3066,.F.);
#4185=ORIENTED_EDGE('',*,*,#3062,.F.);
#4186=ORIENTED_EDGE('',*,*,#3061,.F.);
#4187=ORIENTED_EDGE('',*,*,#3058,.F.);
#4188=ORIENTED_EDGE('',*,*,#3055,.F.);
#4189=ORIENTED_EDGE('',*,*,#3054,.F.);
#4190=ORIENTED_EDGE('',*,*,#3155,.T.);
#4191=ORIENTED_EDGE('',*,*,#3156,.T.);
#4192=ORIENTED_EDGE('',*,*,#3157,.T.);
#4193=ORIENTED_EDGE('',*,*,#3052,.F.);
#4194=ORIENTED_EDGE('',*,*,#3157,.F.);
#4195=ORIENTED_EDGE('',*,*,#3158,.T.);
#4196=ORIENTED_EDGE('',*,*,#3159,.F.);
#4197=ORIENTED_EDGE('',*,*,#3123,.F.);
#4198=ORIENTED_EDGE('',*,*,#3159,.T.);
#4199=ORIENTED_EDGE('',*,*,#3160,.T.);
#4200=ORIENTED_EDGE('',*,*,#3153,.T.);
#4201=ORIENTED_EDGE('',*,*,#3161,.F.);
#4202=ORIENTED_EDGE('',*,*,#3162,.T.);
#4203=ORIENTED_EDGE('',*,*,#3065,.T.);
#4204=ORIENTED_EDGE('',*,*,#3163,.T.);
#4205=ORIENTED_EDGE('',*,*,#3064,.F.);
#4206=ORIENTED_EDGE('',*,*,#3162,.F.);
#4207=ORIENTED_EDGE('',*,*,#3164,.T.);
#4208=ORIENTED_EDGE('',*,*,#3165,.F.);
#4209=ORIENTED_EDGE('',*,*,#3060,.F.);
#4210=ORIENTED_EDGE('',*,*,#3165,.T.);
#4211=ORIENTED_EDGE('',*,*,#3166,.T.);
#4212=ORIENTED_EDGE('',*,*,#3167,.T.);
#4213=ORIENTED_EDGE('',*,*,#3057,.F.);
#4214=ORIENTED_EDGE('',*,*,#3167,.F.);
#4215=ORIENTED_EDGE('',*,*,#3168,.F.);
#4216=ORIENTED_EDGE('',*,*,#3155,.F.);
#4217=ORIENTED_EDGE('',*,*,#3169,.T.);
#4218=ORIENTED_EDGE('',*,*,#3170,.T.);
#4219=ORIENTED_EDGE('',*,*,#3171,.T.);
#4220=ORIENTED_EDGE('',*,*,#3172,.T.);
#4221=ORIENTED_EDGE('',*,*,#3173,.T.);
#4222=ORIENTED_EDGE('',*,*,#3174,.T.);
#4223=ORIENTED_EDGE('',*,*,#3175,.T.);
#4224=ORIENTED_EDGE('',*,*,#3176,.T.);
#4225=ORIENTED_EDGE('',*,*,#3044,.T.);
#4226=ORIENTED_EDGE('',*,*,#3177,.T.);
#4227=ORIENTED_EDGE('',*,*,#3178,.T.);
#4228=ORIENTED_EDGE('',*,*,#3179,.T.);
#4229=ORIENTED_EDGE('',*,*,#3180,.T.);
#4230=ORIENTED_EDGE('',*,*,#3181,.T.);
#4231=ORIENTED_EDGE('',*,*,#3182,.T.);
#4232=ORIENTED_EDGE('',*,*,#3183,.T.);
#4233=ORIENTED_EDGE('',*,*,#3184,.T.);
#4234=ORIENTED_EDGE('',*,*,#3185,.T.);
#4235=ORIENTED_EDGE('',*,*,#3025,.T.);
#4236=ORIENTED_EDGE('',*,*,#3028,.T.);
#4237=ORIENTED_EDGE('',*,*,#3030,.T.);
#4238=ORIENTED_EDGE('',*,*,#3032,.T.);
#4239=ORIENTED_EDGE('',*,*,#3034,.T.);
#4240=ORIENTED_EDGE('',*,*,#3036,.T.);
#4241=ORIENTED_EDGE('',*,*,#3038,.T.);
#4242=ORIENTED_EDGE('',*,*,#3040,.T.);
#4243=ORIENTED_EDGE('',*,*,#3042,.T.);
#4244=ORIENTED_EDGE('',*,*,#3168,.T.);
#4245=ORIENTED_EDGE('',*,*,#3166,.F.);
#4246=ORIENTED_EDGE('',*,*,#3164,.F.);
#4247=ORIENTED_EDGE('',*,*,#3161,.T.);
#4248=ORIENTED_EDGE('',*,*,#3186,.T.);
#4249=ORIENTED_EDGE('',*,*,#3187,.T.);
#4250=ORIENTED_EDGE('',*,*,#3188,.T.);
#4251=ORIENTED_EDGE('',*,*,#3189,.T.);
#4252=ORIENTED_EDGE('',*,*,#3190,.T.);
#4253=ORIENTED_EDGE('',*,*,#3191,.T.);
#4254=ORIENTED_EDGE('',*,*,#3192,.T.);
#4255=ORIENTED_EDGE('',*,*,#3125,.T.);
#4256=ORIENTED_EDGE('',*,*,#3128,.T.);
#4257=ORIENTED_EDGE('',*,*,#3130,.T.);
#4258=ORIENTED_EDGE('',*,*,#3132,.T.);
#4259=ORIENTED_EDGE('',*,*,#3134,.T.);
#4260=ORIENTED_EDGE('',*,*,#3136,.T.);
#4261=ORIENTED_EDGE('',*,*,#3138,.T.);
#4262=ORIENTED_EDGE('',*,*,#3140,.T.);
#4263=ORIENTED_EDGE('',*,*,#3142,.T.);
#4264=ORIENTED_EDGE('',*,*,#3144,.T.);
#4265=ORIENTED_EDGE('',*,*,#3146,.T.);
#4266=ORIENTED_EDGE('',*,*,#3148,.T.);
#4267=ORIENTED_EDGE('',*,*,#3150,.T.);
#4268=ORIENTED_EDGE('',*,*,#3152,.T.);
#4269=ORIENTED_EDGE('',*,*,#3154,.T.);
#4270=ORIENTED_EDGE('',*,*,#3160,.F.);
#4271=ORIENTED_EDGE('',*,*,#3158,.F.);
#4272=ORIENTED_EDGE('',*,*,#3156,.F.);
#4273=ORIENTED_EDGE('',*,*,#3193,.T.);
#4274=ORIENTED_EDGE('',*,*,#3194,.T.);
#4275=ORIENTED_EDGE('',*,*,#3195,.T.);
#4276=ORIENTED_EDGE('',*,*,#3196,.T.);
#4277=ORIENTED_EDGE('',*,*,#3197,.T.);
#4278=ORIENTED_EDGE('',*,*,#3198,.T.);
#4279=ORIENTED_EDGE('',*,*,#3199,.T.);
#4280=ORIENTED_EDGE('',*,*,#3200,.T.);
#4281=ORIENTED_EDGE('',*,*,#3201,.T.);
#4282=ORIENTED_EDGE('',*,*,#3202,.T.);
#4283=ORIENTED_EDGE('',*,*,#3203,.T.);
#4284=ORIENTED_EDGE('',*,*,#3204,.T.);
#4285=ORIENTED_EDGE('',*,*,#3205,.T.);
#4286=ORIENTED_EDGE('',*,*,#3206,.T.);
#4287=ORIENTED_EDGE('',*,*,#3207,.T.);
#4288=ORIENTED_EDGE('',*,*,#3208,.T.);
#4289=ORIENTED_EDGE('',*,*,#3209,.T.);
#4290=ORIENTED_EDGE('',*,*,#3210,.T.);
#4291=ORIENTED_EDGE('',*,*,#3211,.T.);
#4292=ORIENTED_EDGE('',*,*,#3212,.T.);
#4293=ORIENTED_EDGE('',*,*,#3213,.T.);
#4294=ORIENTED_EDGE('',*,*,#3214,.T.);
#4295=ORIENTED_EDGE('',*,*,#3215,.T.);
#4296=ORIENTED_EDGE('',*,*,#3216,.T.);
#4297=ORIENTED_EDGE('',*,*,#3217,.T.);
#4298=ORIENTED_EDGE('',*,*,#3218,.T.);
#4299=ORIENTED_EDGE('',*,*,#3219,.T.);
#4300=ORIENTED_EDGE('',*,*,#3220,.T.);
#4301=ORIENTED_EDGE('',*,*,#3221,.T.);
#4302=ORIENTED_EDGE('',*,*,#3222,.T.);
#4303=ORIENTED_EDGE('',*,*,#3223,.T.);
#4304=ORIENTED_EDGE('',*,*,#3224,.T.);
#4305=ORIENTED_EDGE('',*,*,#3225,.T.);
#4306=ORIENTED_EDGE('',*,*,#3226,.T.);
#4307=ORIENTED_EDGE('',*,*,#3227,.T.);
#4308=ORIENTED_EDGE('',*,*,#3228,.T.);
#4309=ORIENTED_EDGE('',*,*,#3229,.T.);
#4310=ORIENTED_EDGE('',*,*,#3230,.T.);
#4311=ORIENTED_EDGE('',*,*,#3231,.T.);
#4312=ORIENTED_EDGE('',*,*,#3232,.T.);
#4313=ORIENTED_EDGE('',*,*,#3233,.T.);
#4314=ORIENTED_EDGE('',*,*,#3234,.T.);
#4315=ORIENTED_EDGE('',*,*,#3235,.T.);
#4316=ORIENTED_EDGE('',*,*,#3236,.T.);
#4317=ORIENTED_EDGE('',*,*,#3237,.T.);
#4318=ORIENTED_EDGE('',*,*,#3238,.T.);
#4319=ORIENTED_EDGE('',*,*,#3239,.T.);
#4320=ORIENTED_EDGE('',*,*,#3240,.T.);
#4321=ORIENTED_EDGE('',*,*,#3241,.T.);
#4322=ORIENTED_EDGE('',*,*,#3242,.T.);
#4323=ORIENTED_EDGE('',*,*,#3243,.T.);
#4324=ORIENTED_EDGE('',*,*,#3244,.T.);
#4325=ORIENTED_EDGE('',*,*,#3245,.T.);
#4326=ORIENTED_EDGE('',*,*,#3246,.T.);
#4327=ORIENTED_EDGE('',*,*,#3247,.T.);
#4328=ORIENTED_EDGE('',*,*,#3248,.T.);
#4329=ORIENTED_EDGE('',*,*,#3249,.T.);
#4330=ORIENTED_EDGE('',*,*,#3250,.T.);
#4331=ORIENTED_EDGE('',*,*,#3251,.T.);
#4332=ORIENTED_EDGE('',*,*,#3252,.T.);
#4333=ORIENTED_EDGE('',*,*,#3253,.T.);
#4334=ORIENTED_EDGE('',*,*,#3254,.T.);
#4335=ORIENTED_EDGE('',*,*,#3255,.T.);
#4336=ORIENTED_EDGE('',*,*,#3256,.T.);
#4337=ORIENTED_EDGE('',*,*,#3257,.T.);
#4338=ORIENTED_EDGE('',*,*,#3258,.T.);
#4339=ORIENTED_EDGE('',*,*,#3259,.T.);
#4340=ORIENTED_EDGE('',*,*,#3260,.T.);
#4341=ORIENTED_EDGE('',*,*,#3261,.T.);
#4342=ORIENTED_EDGE('',*,*,#3262,.T.);
#4343=ORIENTED_EDGE('',*,*,#3263,.T.);
#4344=ORIENTED_EDGE('',*,*,#3264,.T.);
#4345=ORIENTED_EDGE('',*,*,#3265,.T.);
#4346=ORIENTED_EDGE('',*,*,#3266,.T.);
#4347=ORIENTED_EDGE('',*,*,#3267,.T.);
#4348=ORIENTED_EDGE('',*,*,#3268,.T.);
#4349=ORIENTED_EDGE('',*,*,#3269,.T.);
#4350=ORIENTED_EDGE('',*,*,#3270,.T.);
#4351=ORIENTED_EDGE('',*,*,#3271,.T.);
#4352=ORIENTED_EDGE('',*,*,#3272,.T.);
#4353=ORIENTED_EDGE('',*,*,#3273,.T.);
#4354=ORIENTED_EDGE('',*,*,#3274,.T.);
#4355=ORIENTED_EDGE('',*,*,#3275,.T.);
#4356=ORIENTED_EDGE('',*,*,#3276,.T.);
#4357=ORIENTED_EDGE('',*,*,#3277,.T.);
#4358=ORIENTED_EDGE('',*,*,#3278,.T.);
#4359=ORIENTED_EDGE('',*,*,#3279,.T.);
#4360=ORIENTED_EDGE('',*,*,#3280,.T.);
#4361=ORIENTED_EDGE('',*,*,#3281,.T.);
#4362=ORIENTED_EDGE('',*,*,#3282,.T.);
#4363=ORIENTED_EDGE('',*,*,#3283,.T.);
#4364=ORIENTED_EDGE('',*,*,#3284,.T.);
#4365=ORIENTED_EDGE('',*,*,#3285,.T.);
#4366=ORIENTED_EDGE('',*,*,#3286,.T.);
#4367=ORIENTED_EDGE('',*,*,#3287,.T.);
#4368=ORIENTED_EDGE('',*,*,#3288,.T.);
#4369=ORIENTED_EDGE('',*,*,#3289,.T.);
#4370=ORIENTED_EDGE('',*,*,#3290,.T.);
#4371=ORIENTED_EDGE('',*,*,#3291,.T.);
#4372=ORIENTED_EDGE('',*,*,#3292,.T.);
#4373=ORIENTED_EDGE('',*,*,#3293,.T.);
#4374=ORIENTED_EDGE('',*,*,#3294,.T.);
#4375=ORIENTED_EDGE('',*,*,#3295,.T.);
#4376=ORIENTED_EDGE('',*,*,#3221,.F.);
#4377=ORIENTED_EDGE('',*,*,#3296,.T.);
#4378=ORIENTED_EDGE('',*,*,#3297,.T.);
#4379=ORIENTED_EDGE('',*,*,#3298,.T.);
#4380=ORIENTED_EDGE('',*,*,#3219,.F.);
#4381=ORIENTED_EDGE('',*,*,#3299,.T.);
#4382=ORIENTED_EDGE('',*,*,#3300,.T.);
#4383=ORIENTED_EDGE('',*,*,#3301,.T.);
#4384=ORIENTED_EDGE('',*,*,#3217,.F.);
#4385=ORIENTED_EDGE('',*,*,#3302,.T.);
#4386=ORIENTED_EDGE('',*,*,#3303,.T.);
#4387=ORIENTED_EDGE('',*,*,#3304,.T.);
#4388=ORIENTED_EDGE('',*,*,#3215,.F.);
#4389=ORIENTED_EDGE('',*,*,#3305,.T.);
#4390=ORIENTED_EDGE('',*,*,#3306,.T.);
#4391=ORIENTED_EDGE('',*,*,#3307,.T.);
#4392=ORIENTED_EDGE('',*,*,#3213,.F.);
#4393=ORIENTED_EDGE('',*,*,#3308,.T.);
#4394=ORIENTED_EDGE('',*,*,#3309,.T.);
#4395=ORIENTED_EDGE('',*,*,#3310,.T.);
#4396=ORIENTED_EDGE('',*,*,#3223,.F.);
#4397=ORIENTED_EDGE('',*,*,#3311,.T.);
#4398=ORIENTED_EDGE('',*,*,#3312,.T.);
#4399=ORIENTED_EDGE('',*,*,#3313,.T.);
#4400=ORIENTED_EDGE('',*,*,#3314,.T.);
#4401=ORIENTED_EDGE('',*,*,#3315,.T.);
#4402=ORIENTED_EDGE('',*,*,#3316,.T.);
#4403=ORIENTED_EDGE('',*,*,#3317,.T.);
#4404=ORIENTED_EDGE('',*,*,#3318,.T.);
#4405=ORIENTED_EDGE('',*,*,#3319,.T.);
#4406=ORIENTED_EDGE('',*,*,#3320,.T.);
#4407=ORIENTED_EDGE('',*,*,#3321,.T.);
#4408=ORIENTED_EDGE('',*,*,#3322,.T.);
#4409=ORIENTED_EDGE('',*,*,#3323,.T.);
#4410=ORIENTED_EDGE('',*,*,#3324,.T.);
#4411=ORIENTED_EDGE('',*,*,#3325,.T.);
#4412=ORIENTED_EDGE('',*,*,#3326,.T.);
#4413=ORIENTED_EDGE('',*,*,#3327,.T.);
#4414=ORIENTED_EDGE('',*,*,#3328,.T.);
#4415=ORIENTED_EDGE('',*,*,#3329,.T.);
#4416=ORIENTED_EDGE('',*,*,#3330,.T.);
#4417=ORIENTED_EDGE('',*,*,#3331,.T.);
#4418=ORIENTED_EDGE('',*,*,#3332,.T.);
#4419=ORIENTED_EDGE('',*,*,#3333,.T.);
#4420=ORIENTED_EDGE('',*,*,#3334,.T.);
#4421=ORIENTED_EDGE('',*,*,#3335,.T.);
#4422=ORIENTED_EDGE('',*,*,#3336,.T.);
#4423=ORIENTED_EDGE('',*,*,#3337,.T.);
#4424=ORIENTED_EDGE('',*,*,#3338,.T.);
#4425=ORIENTED_EDGE('',*,*,#3339,.T.);
#4426=ORIENTED_EDGE('',*,*,#3340,.T.);
#4427=ORIENTED_EDGE('',*,*,#3235,.F.);
#4428=ORIENTED_EDGE('',*,*,#3341,.T.);
#4429=ORIENTED_EDGE('',*,*,#3342,.T.);
#4430=ORIENTED_EDGE('',*,*,#3343,.T.);
#4431=ORIENTED_EDGE('',*,*,#3233,.F.);
#4432=ORIENTED_EDGE('',*,*,#3344,.T.);
#4433=ORIENTED_EDGE('',*,*,#3345,.T.);
#4434=ORIENTED_EDGE('',*,*,#3346,.T.);
#4435=ORIENTED_EDGE('',*,*,#3231,.F.);
#4436=ORIENTED_EDGE('',*,*,#3347,.T.);
#4437=ORIENTED_EDGE('',*,*,#3348,.T.);
#4438=ORIENTED_EDGE('',*,*,#3349,.T.);
#4439=ORIENTED_EDGE('',*,*,#3227,.F.);
#4440=ORIENTED_EDGE('',*,*,#3350,.T.);
#4441=ORIENTED_EDGE('',*,*,#3351,.T.);
#4442=ORIENTED_EDGE('',*,*,#3352,.T.);
#4443=ORIENTED_EDGE('',*,*,#3225,.F.);
#4444=ORIENTED_EDGE('',*,*,#3353,.T.);
#4445=ORIENTED_EDGE('',*,*,#3354,.T.);
#4446=ORIENTED_EDGE('',*,*,#3355,.T.);
#4447=ORIENTED_EDGE('',*,*,#3243,.F.);
#4448=ORIENTED_EDGE('',*,*,#3356,.T.);
#4449=ORIENTED_EDGE('',*,*,#3357,.T.);
#4450=ORIENTED_EDGE('',*,*,#3358,.T.);
#4451=ORIENTED_EDGE('',*,*,#3241,.F.);
#4452=ORIENTED_EDGE('',*,*,#3359,.T.);
#4453=ORIENTED_EDGE('',*,*,#3360,.T.);
#4454=ORIENTED_EDGE('',*,*,#3361,.T.);
#4455=ORIENTED_EDGE('',*,*,#3239,.F.);
#4456=ORIENTED_EDGE('',*,*,#3073,.F.);
#4457=ORIENTED_EDGE('',*,*,#3362,.T.);
#4458=ORIENTED_EDGE('',*,*,#3190,.F.);
#4459=ORIENTED_EDGE('',*,*,#3363,.T.);
#4460=ORIENTED_EDGE('',*,*,#3068,.F.);
#4461=ORIENTED_EDGE('',*,*,#3364,.T.);
#4462=ORIENTED_EDGE('',*,*,#3188,.F.);
#4463=ORIENTED_EDGE('',*,*,#3365,.T.);
#4464=ORIENTED_EDGE('',*,*,#3048,.F.);
#4465=ORIENTED_EDGE('',*,*,#3366,.T.);
#4466=ORIENTED_EDGE('',*,*,#3186,.F.);
#4467=ORIENTED_EDGE('',*,*,#3163,.F.);
#4468=ORIENTED_EDGE('',*,*,#3367,.T.);
#4469=ORIENTED_EDGE('',*,*,#3368,.T.);
#4470=ORIENTED_EDGE('',*,*,#3369,.T.);
#4471=ORIENTED_EDGE('',*,*,#3255,.F.);
#4472=ORIENTED_EDGE('',*,*,#3370,.T.);
#4473=ORIENTED_EDGE('',*,*,#3371,.T.);
#4474=ORIENTED_EDGE('',*,*,#3372,.T.);
#4475=ORIENTED_EDGE('',*,*,#3253,.F.);
#4476=ORIENTED_EDGE('',*,*,#3373,.T.);
#4477=ORIENTED_EDGE('',*,*,#3374,.T.);
#4478=ORIENTED_EDGE('',*,*,#3375,.T.);
#4479=ORIENTED_EDGE('',*,*,#3251,.F.);
#4480=ORIENTED_EDGE('',*,*,#3376,.T.);
#4481=ORIENTED_EDGE('',*,*,#3377,.T.);
#4482=ORIENTED_EDGE('',*,*,#3378,.T.);
#4483=ORIENTED_EDGE('',*,*,#3249,.F.);
#4484=ORIENTED_EDGE('',*,*,#3379,.T.);
#4485=ORIENTED_EDGE('',*,*,#3380,.T.);
#4486=ORIENTED_EDGE('',*,*,#3381,.T.);
#4487=ORIENTED_EDGE('',*,*,#3247,.F.);
#4488=ORIENTED_EDGE('',*,*,#3382,.T.);
#4489=ORIENTED_EDGE('',*,*,#3383,.T.);
#4490=ORIENTED_EDGE('',*,*,#3384,.T.);
#4491=ORIENTED_EDGE('',*,*,#3245,.F.);
#4492=ORIENTED_EDGE('',*,*,#3385,.T.);
#4493=ORIENTED_EDGE('',*,*,#3386,.T.);
#4494=ORIENTED_EDGE('',*,*,#3387,.T.);
#4495=ORIENTED_EDGE('',*,*,#3267,.F.);
#4496=ORIENTED_EDGE('',*,*,#3388,.T.);
#4497=ORIENTED_EDGE('',*,*,#3389,.T.);
#4498=ORIENTED_EDGE('',*,*,#3390,.T.);
#4499=ORIENTED_EDGE('',*,*,#3265,.F.);
#4500=ORIENTED_EDGE('',*,*,#3391,.T.);
#4501=ORIENTED_EDGE('',*,*,#3392,.T.);
#4502=ORIENTED_EDGE('',*,*,#3393,.T.);
#4503=ORIENTED_EDGE('',*,*,#3263,.F.);
#4504=ORIENTED_EDGE('',*,*,#3394,.T.);
#4505=ORIENTED_EDGE('',*,*,#3395,.T.);
#4506=ORIENTED_EDGE('',*,*,#3396,.T.);
#4507=ORIENTED_EDGE('',*,*,#3261,.F.);
#4508=ORIENTED_EDGE('',*,*,#3397,.T.);
#4509=ORIENTED_EDGE('',*,*,#3398,.T.);
#4510=ORIENTED_EDGE('',*,*,#3399,.T.);
#4511=ORIENTED_EDGE('',*,*,#3259,.F.);
#4512=ORIENTED_EDGE('',*,*,#3400,.T.);
#4513=ORIENTED_EDGE('',*,*,#3401,.T.);
#4514=ORIENTED_EDGE('',*,*,#3402,.T.);
#4515=ORIENTED_EDGE('',*,*,#3257,.F.);
#4516=ORIENTED_EDGE('',*,*,#3403,.T.);
#4517=ORIENTED_EDGE('',*,*,#3404,.T.);
#4518=ORIENTED_EDGE('',*,*,#3405,.T.);
#4519=ORIENTED_EDGE('',*,*,#3406,.T.);
#4520=ORIENTED_EDGE('',*,*,#3407,.T.);
#4521=ORIENTED_EDGE('',*,*,#3408,.T.);
#4522=ORIENTED_EDGE('',*,*,#3409,.T.);
#4523=ORIENTED_EDGE('',*,*,#3410,.T.);
#4524=ORIENTED_EDGE('',*,*,#3411,.T.);
#4525=ORIENTED_EDGE('',*,*,#3412,.T.);
#4526=ORIENTED_EDGE('',*,*,#3413,.T.);
#4527=ORIENTED_EDGE('',*,*,#3414,.T.);
#4528=ORIENTED_EDGE('',*,*,#3415,.T.);
#4529=ORIENTED_EDGE('',*,*,#3416,.T.);
#4530=ORIENTED_EDGE('',*,*,#3417,.T.);
#4531=ORIENTED_EDGE('',*,*,#3418,.T.);
#4532=ORIENTED_EDGE('',*,*,#2987,.F.);
#4533=ORIENTED_EDGE('',*,*,#3419,.T.);
#4534=ORIENTED_EDGE('',*,*,#3179,.F.);
#4535=ORIENTED_EDGE('',*,*,#3420,.T.);
#4536=ORIENTED_EDGE('',*,*,#3017,.F.);
#4537=ORIENTED_EDGE('',*,*,#3421,.T.);
#4538=ORIENTED_EDGE('',*,*,#3177,.F.);
#4539=ORIENTED_EDGE('',*,*,#3043,.F.);
#4540=ORIENTED_EDGE('',*,*,#2993,.F.);
#4541=ORIENTED_EDGE('',*,*,#3422,.T.);
#4542=ORIENTED_EDGE('',*,*,#3184,.F.);
#4543=ORIENTED_EDGE('',*,*,#3423,.F.);
#4544=ORIENTED_EDGE('',*,*,#2995,.F.);
#4545=ORIENTED_EDGE('',*,*,#3423,.T.);
#4546=ORIENTED_EDGE('',*,*,#3183,.F.);
#4547=ORIENTED_EDGE('',*,*,#3424,.T.);
#4548=ORIENTED_EDGE('',*,*,#2990,.F.);
#4549=ORIENTED_EDGE('',*,*,#3425,.T.);
#4550=ORIENTED_EDGE('',*,*,#3181,.F.);
#4551=ORIENTED_EDGE('',*,*,#3426,.T.);
#4552=ORIENTED_EDGE('',*,*,#2957,.F.);
#4553=ORIENTED_EDGE('',*,*,#2966,.T.);
#4554=ORIENTED_EDGE('',*,*,#3427,.F.);
#4555=ORIENTED_EDGE('',*,*,#3428,.T.);
#4556=ORIENTED_EDGE('',*,*,#2949,.F.);
#4557=ORIENTED_EDGE('',*,*,#3429,.T.);
#4558=ORIENTED_EDGE('',*,*,#3430,.F.);
#4559=ORIENTED_EDGE('',*,*,#2971,.F.);
#4560=ORIENTED_EDGE('',*,*,#2952,.F.);
#4561=ORIENTED_EDGE('',*,*,#3431,.T.);
#4562=ORIENTED_EDGE('',*,*,#3432,.F.);
#4563=ORIENTED_EDGE('',*,*,#3429,.F.);
#4564=ORIENTED_EDGE('',*,*,#3432,.T.);
#4565=ORIENTED_EDGE('',*,*,#3433,.T.);
#4566=ORIENTED_EDGE('',*,*,#3427,.T.);
#4567=ORIENTED_EDGE('',*,*,#2965,.T.);
#4568=ORIENTED_EDGE('',*,*,#2968,.T.);
#4569=ORIENTED_EDGE('',*,*,#2970,.T.);
#4570=ORIENTED_EDGE('',*,*,#2972,.T.);
#4571=ORIENTED_EDGE('',*,*,#3430,.T.);
#4572=ORIENTED_EDGE('',*,*,#3434,.T.);
#4573=ORIENTED_EDGE('',*,*,#3435,.T.);
#4574=ORIENTED_EDGE('',*,*,#3436,.T.);
#4575=ORIENTED_EDGE('',*,*,#3437,.T.);
#4576=ORIENTED_EDGE('',*,*,#3438,.T.);
#4577=ORIENTED_EDGE('',*,*,#3439,.T.);
#4578=ORIENTED_EDGE('',*,*,#3440,.T.);
#4579=ORIENTED_EDGE('',*,*,#3441,.T.);
#4580=ORIENTED_EDGE('',*,*,#3442,.T.);
#4581=ORIENTED_EDGE('',*,*,#3443,.T.);
#4582=ORIENTED_EDGE('',*,*,#3444,.T.);
#4583=ORIENTED_EDGE('',*,*,#3445,.T.);
#4584=ORIENTED_EDGE('',*,*,#3446,.T.);
#4585=ORIENTED_EDGE('',*,*,#3447,.T.);
#4586=ORIENTED_EDGE('',*,*,#3448,.T.);
#4587=ORIENTED_EDGE('',*,*,#3449,.T.);
#4588=ORIENTED_EDGE('',*,*,#3450,.T.);
#4589=ORIENTED_EDGE('',*,*,#3451,.T.);
#4590=ORIENTED_EDGE('',*,*,#3452,.T.);
#4591=ORIENTED_EDGE('',*,*,#3453,.T.);
#4592=ORIENTED_EDGE('',*,*,#3454,.T.);
#4593=ORIENTED_EDGE('',*,*,#3455,.T.);
#4594=ORIENTED_EDGE('',*,*,#3456,.T.);
#4595=ORIENTED_EDGE('',*,*,#3201,.F.);
#4596=ORIENTED_EDGE('',*,*,#3457,.T.);
#4597=ORIENTED_EDGE('',*,*,#3458,.T.);
#4598=ORIENTED_EDGE('',*,*,#3459,.T.);
#4599=ORIENTED_EDGE('',*,*,#3199,.F.);
#4600=ORIENTED_EDGE('',*,*,#3460,.T.);
#4601=ORIENTED_EDGE('',*,*,#3461,.T.);
#4602=ORIENTED_EDGE('',*,*,#3462,.T.);
#4603=ORIENTED_EDGE('',*,*,#3197,.F.);
#4604=ORIENTED_EDGE('',*,*,#3463,.T.);
#4605=ORIENTED_EDGE('',*,*,#3464,.T.);
#4606=ORIENTED_EDGE('',*,*,#3465,.T.);
#4607=ORIENTED_EDGE('',*,*,#3193,.F.);
#4608=ORIENTED_EDGE('',*,*,#3466,.T.);
#4609=ORIENTED_EDGE('',*,*,#3467,.T.);
#4610=ORIENTED_EDGE('',*,*,#3468,.T.);
#4611=ORIENTED_EDGE('',*,*,#3211,.F.);
#4612=ORIENTED_EDGE('',*,*,#3469,.T.);
#4613=ORIENTED_EDGE('',*,*,#3470,.T.);
#4614=ORIENTED_EDGE('',*,*,#3471,.T.);
#4615=ORIENTED_EDGE('',*,*,#3209,.F.);
#4616=ORIENTED_EDGE('',*,*,#3472,.T.);
#4617=ORIENTED_EDGE('',*,*,#3473,.T.);
#4618=ORIENTED_EDGE('',*,*,#3474,.T.);
#4619=ORIENTED_EDGE('',*,*,#3207,.F.);
#4620=ORIENTED_EDGE('',*,*,#3475,.T.);
#4621=ORIENTED_EDGE('',*,*,#3476,.T.);
#4622=ORIENTED_EDGE('',*,*,#3477,.T.);
#4623=ORIENTED_EDGE('',*,*,#3205,.F.);
#4624=ORIENTED_EDGE('',*,*,#3478,.T.);
#4625=ORIENTED_EDGE('',*,*,#3479,.T.);
#4626=ORIENTED_EDGE('',*,*,#3480,.T.);
#4627=ORIENTED_EDGE('',*,*,#3287,.F.);
#4628=ORIENTED_EDGE('',*,*,#3481,.T.);
#4629=ORIENTED_EDGE('',*,*,#3482,.T.);
#4630=ORIENTED_EDGE('',*,*,#3483,.T.);
#4631=ORIENTED_EDGE('',*,*,#3285,.F.);
#4632=ORIENTED_EDGE('',*,*,#3484,.T.);
#4633=ORIENTED_EDGE('',*,*,#3485,.T.);
#4634=ORIENTED_EDGE('',*,*,#3486,.T.);
#4635=ORIENTED_EDGE('',*,*,#3283,.F.);
#4636=ORIENTED_EDGE('',*,*,#3487,.T.);
#4637=ORIENTED_EDGE('',*,*,#3488,.T.);
#4638=ORIENTED_EDGE('',*,*,#3489,.T.);
#4639=ORIENTED_EDGE('',*,*,#3281,.F.);
#4640=ORIENTED_EDGE('',*,*,#3490,.T.);
#4641=ORIENTED_EDGE('',*,*,#3491,.T.);
#4642=ORIENTED_EDGE('',*,*,#3492,.T.);
#4643=ORIENTED_EDGE('',*,*,#3279,.F.);
#4644=ORIENTED_EDGE('',*,*,#3493,.T.);
#4645=ORIENTED_EDGE('',*,*,#3494,.T.);
#4646=ORIENTED_EDGE('',*,*,#3495,.T.);
#4647=ORIENTED_EDGE('',*,*,#3277,.F.);
#4648=ORIENTED_EDGE('',*,*,#3496,.T.);
#4649=ORIENTED_EDGE('',*,*,#3497,.T.);
#4650=ORIENTED_EDGE('',*,*,#3498,.T.);
#4651=ORIENTED_EDGE('',*,*,#3275,.F.);
#4652=ORIENTED_EDGE('',*,*,#3499,.T.);
#4653=ORIENTED_EDGE('',*,*,#3500,.T.);
#4654=ORIENTED_EDGE('',*,*,#3501,.T.);
#4655=ORIENTED_EDGE('',*,*,#3273,.F.);
#4656=ORIENTED_EDGE('',*,*,#3502,.T.);
#4657=ORIENTED_EDGE('',*,*,#3503,.T.);
#4658=ORIENTED_EDGE('',*,*,#3504,.T.);
#4659=ORIENTED_EDGE('',*,*,#3271,.F.);
#4660=ORIENTED_EDGE('',*,*,#3505,.T.);
#4661=ORIENTED_EDGE('',*,*,#3506,.T.);
#4662=ORIENTED_EDGE('',*,*,#3507,.T.);
#4663=ORIENTED_EDGE('',*,*,#3269,.F.);
#4664=ORIENTED_EDGE('',*,*,#3508,.T.);
#4665=ORIENTED_EDGE('',*,*,#3509,.T.);
#4666=ORIENTED_EDGE('',*,*,#3510,.T.);
#4667=ORIENTED_EDGE('',*,*,#3291,.F.);
#4668=ORIENTED_EDGE('',*,*,#3511,.T.);
#4669=ORIENTED_EDGE('',*,*,#3512,.T.);
#4670=ORIENTED_EDGE('',*,*,#3513,.T.);
#4671=ORIENTED_EDGE('',*,*,#3289,.F.);
#4672=ORIENTED_EDGE('',*,*,#3514,.T.);
#4673=ORIENTED_EDGE('',*,*,#3515,.T.);
#4674=ORIENTED_EDGE('',*,*,#3516,.T.);
#4675=ORIENTED_EDGE('',*,*,#3517,.T.);
#4676=ORIENTED_EDGE('',*,*,#3518,.T.);
#4677=ORIENTED_EDGE('',*,*,#3519,.T.);
#4678=ORIENTED_EDGE('',*,*,#3520,.T.);
#4679=ORIENTED_EDGE('',*,*,#3521,.T.);
#4680=ORIENTED_EDGE('',*,*,#3522,.T.);
#4681=ORIENTED_EDGE('',*,*,#3523,.T.);
#4682=ORIENTED_EDGE('',*,*,#3524,.T.);
#4683=ORIENTED_EDGE('',*,*,#3525,.T.);
#4684=ORIENTED_EDGE('',*,*,#3526,.T.);
#4685=ORIENTED_EDGE('',*,*,#3527,.T.);
#4686=ORIENTED_EDGE('',*,*,#3528,.T.);
#4687=ORIENTED_EDGE('',*,*,#3529,.T.);
#4688=ORIENTED_EDGE('',*,*,#3530,.T.);
#4689=ORIENTED_EDGE('',*,*,#3531,.T.);
#4690=ORIENTED_EDGE('',*,*,#3532,.T.);
#4691=ORIENTED_EDGE('',*,*,#3533,.F.);
#4692=ORIENTED_EDGE('',*,*,#3534,.T.);
#4693=ORIENTED_EDGE('',*,*,#3535,.T.);
#4694=ORIENTED_EDGE('',*,*,#3536,.T.);
#4695=ORIENTED_EDGE('',*,*,#3537,.F.);
#4696=ORIENTED_EDGE('',*,*,#3538,.T.);
#4697=ORIENTED_EDGE('',*,*,#3539,.T.);
#4698=ORIENTED_EDGE('',*,*,#3540,.T.);
#4699=ORIENTED_EDGE('',*,*,#3541,.F.);
#4700=ORIENTED_EDGE('',*,*,#3542,.T.);
#4701=ORIENTED_EDGE('',*,*,#3543,.T.);
#4702=ORIENTED_EDGE('',*,*,#3544,.T.);
#4703=ORIENTED_EDGE('',*,*,#3545,.F.);
#4704=ORIENTED_EDGE('',*,*,#3546,.T.);
#4705=ORIENTED_EDGE('',*,*,#3547,.T.);
#4706=ORIENTED_EDGE('',*,*,#3548,.T.);
#4707=ORIENTED_EDGE('',*,*,#3549,.F.);
#4708=ORIENTED_EDGE('',*,*,#3550,.T.);
#4709=ORIENTED_EDGE('',*,*,#3551,.T.);
#4710=ORIENTED_EDGE('',*,*,#3552,.T.);
#4711=ORIENTED_EDGE('',*,*,#3553,.F.);
#4712=ORIENTED_EDGE('',*,*,#3537,.T.);
#4713=ORIENTED_EDGE('',*,*,#3554,.T.);
#4714=ORIENTED_EDGE('',*,*,#3541,.T.);
#4715=ORIENTED_EDGE('',*,*,#3555,.T.);
#4716=ORIENTED_EDGE('',*,*,#3533,.T.);
#4717=ORIENTED_EDGE('',*,*,#3556,.T.);
#4718=ORIENTED_EDGE('',*,*,#3545,.T.);
#4719=ORIENTED_EDGE('',*,*,#3557,.T.);
#4720=ORIENTED_EDGE('',*,*,#3549,.T.);
#4721=ORIENTED_EDGE('',*,*,#3558,.T.);
#4722=ORIENTED_EDGE('',*,*,#3553,.T.);
#4723=ORIENTED_EDGE('',*,*,#3559,.T.);
#4724=ORIENTED_EDGE('',*,*,#3381,.F.);
#4725=ORIENTED_EDGE('',*,*,#3560,.T.);
#4726=ORIENTED_EDGE('',*,*,#3376,.F.);
#4727=ORIENTED_EDGE('',*,*,#3248,.F.);
#4728=ORIENTED_EDGE('',*,*,#3358,.F.);
#4729=ORIENTED_EDGE('',*,*,#3561,.T.);
#4730=ORIENTED_EDGE('',*,*,#3353,.F.);
#4731=ORIENTED_EDGE('',*,*,#3242,.F.);
#4732=ORIENTED_EDGE('',*,*,#3355,.F.);
#4733=ORIENTED_EDGE('',*,*,#3562,.T.);
#4734=ORIENTED_EDGE('',*,*,#3350,.F.);
#4735=ORIENTED_EDGE('',*,*,#3244,.F.);
#4736=ORIENTED_EDGE('',*,*,#3304,.F.);
#4737=ORIENTED_EDGE('',*,*,#3563,.T.);
#4738=ORIENTED_EDGE('',*,*,#3299,.F.);
#4739=ORIENTED_EDGE('',*,*,#3216,.F.);
#4740=ORIENTED_EDGE('',*,*,#3504,.F.);
#4741=ORIENTED_EDGE('',*,*,#3564,.T.);
#4742=ORIENTED_EDGE('',*,*,#3499,.F.);
#4743=ORIENTED_EDGE('',*,*,#3272,.F.);
#4744=ORIENTED_EDGE('',*,*,#3495,.F.);
#4745=ORIENTED_EDGE('',*,*,#3565,.T.);
#4746=ORIENTED_EDGE('',*,*,#3490,.F.);
#4747=ORIENTED_EDGE('',*,*,#3278,.F.);
#4748=ORIENTED_EDGE('',*,*,#3513,.F.);
#4749=ORIENTED_EDGE('',*,*,#3566,.T.);
#4750=ORIENTED_EDGE('',*,*,#3508,.F.);
#4751=ORIENTED_EDGE('',*,*,#3290,.F.);
#4752=ORIENTED_EDGE('',*,*,#3486,.F.);
#4753=ORIENTED_EDGE('',*,*,#3567,.T.);
#4754=ORIENTED_EDGE('',*,*,#3481,.F.);
#4755=ORIENTED_EDGE('',*,*,#3284,.F.);
#4756=ORIENTED_EDGE('',*,*,#3474,.F.);
#4757=ORIENTED_EDGE('',*,*,#3568,.T.);
#4758=ORIENTED_EDGE('',*,*,#3469,.F.);
#4759=ORIENTED_EDGE('',*,*,#3208,.F.);
#4760=ORIENTED_EDGE('',*,*,#3471,.F.);
#4761=ORIENTED_EDGE('',*,*,#3569,.T.);
#4762=ORIENTED_EDGE('',*,*,#3466,.F.);
#4763=ORIENTED_EDGE('',*,*,#3210,.F.);
#4764=ORIENTED_EDGE('',*,*,#3378,.F.);
#4765=ORIENTED_EDGE('',*,*,#3570,.T.);
#4766=ORIENTED_EDGE('',*,*,#3373,.F.);
#4767=ORIENTED_EDGE('',*,*,#3250,.F.);
#4768=ORIENTED_EDGE('',*,*,#3390,.F.);
#4769=ORIENTED_EDGE('',*,*,#3571,.T.);
#4770=ORIENTED_EDGE('',*,*,#3385,.F.);
#4771=ORIENTED_EDGE('',*,*,#3266,.F.);
#4772=ORIENTED_EDGE('',*,*,#3393,.F.);
#4773=ORIENTED_EDGE('',*,*,#3572,.T.);
#4774=ORIENTED_EDGE('',*,*,#3388,.F.);
#4775=ORIENTED_EDGE('',*,*,#3264,.F.);
#4776=ORIENTED_EDGE('',*,*,#2954,.F.);
#4777=ORIENTED_EDGE('',*,*,#3428,.F.);
#4778=ORIENTED_EDGE('',*,*,#3433,.F.);
#4779=ORIENTED_EDGE('',*,*,#3431,.F.);
#4780=ORIENTED_EDGE('',*,*,#3536,.F.);
#4781=ORIENTED_EDGE('',*,*,#3573,.T.);
#4782=ORIENTED_EDGE('',*,*,#3538,.F.);
#4783=ORIENTED_EDGE('',*,*,#3554,.F.);
#4784=ORIENTED_EDGE('',*,*,#3532,.F.);
#4785=ORIENTED_EDGE('',*,*,#3574,.T.);
#4786=ORIENTED_EDGE('',*,*,#3534,.F.);
#4787=ORIENTED_EDGE('',*,*,#3556,.F.);
#4788=ORIENTED_EDGE('',*,*,#3540,.F.);
#4789=ORIENTED_EDGE('',*,*,#3575,.T.);
#4790=ORIENTED_EDGE('',*,*,#3530,.F.);
#4791=ORIENTED_EDGE('',*,*,#3555,.F.);
#4792=ORIENTED_EDGE('',*,*,#3544,.F.);
#4793=ORIENTED_EDGE('',*,*,#3576,.T.);
#4794=ORIENTED_EDGE('',*,*,#3546,.F.);
#4795=ORIENTED_EDGE('',*,*,#3557,.F.);
#4796=ORIENTED_EDGE('',*,*,#3552,.F.);
#4797=ORIENTED_EDGE('',*,*,#3577,.T.);
#4798=ORIENTED_EDGE('',*,*,#3542,.F.);
#4799=ORIENTED_EDGE('',*,*,#3559,.F.);
#4800=ORIENTED_EDGE('',*,*,#3548,.F.);
#4801=ORIENTED_EDGE('',*,*,#3578,.T.);
#4802=ORIENTED_EDGE('',*,*,#3550,.F.);
#4803=ORIENTED_EDGE('',*,*,#3558,.F.);
#4804=ORIENTED_EDGE('',*,*,#3078,.F.);
#4805=ORIENTED_EDGE('',*,*,#3126,.T.);
#4806=ORIENTED_EDGE('',*,*,#3192,.F.);
#4807=ORIENTED_EDGE('',*,*,#3579,.T.);
#4808=ORIENTED_EDGE('',*,*,#3580,.T.);
#4809=ORIENTED_EDGE('',*,*,#3581,.T.);
#4810=ORIENTED_EDGE('',*,*,#3582,.T.);
#4811=ORIENTED_EDGE('',*,*,#3203,.F.);
#4812=ORIENTED_EDGE('',*,*,#3583,.T.);
#4813=ORIENTED_EDGE('',*,*,#3584,.T.);
#4814=ORIENTED_EDGE('',*,*,#3585,.T.);
#4815=ORIENTED_EDGE('',*,*,#3195,.F.);
#4816=ORIENTED_EDGE('',*,*,#3586,.T.);
#4817=ORIENTED_EDGE('',*,*,#3587,.T.);
#4818=ORIENTED_EDGE('',*,*,#3588,.T.);
#4819=ORIENTED_EDGE('',*,*,#3237,.F.);
#4820=ORIENTED_EDGE('',*,*,#3589,.T.);
#4821=ORIENTED_EDGE('',*,*,#3590,.T.);
#4822=ORIENTED_EDGE('',*,*,#3591,.T.);
#4823=ORIENTED_EDGE('',*,*,#3229,.F.);
#4824=ORIENTED_EDGE('',*,*,#3591,.F.);
#4825=ORIENTED_EDGE('',*,*,#3592,.T.);
#4826=ORIENTED_EDGE('',*,*,#3344,.F.);
#4827=ORIENTED_EDGE('',*,*,#3230,.F.);
#4828=ORIENTED_EDGE('',*,*,#3340,.F.);
#4829=ORIENTED_EDGE('',*,*,#3593,.T.);
#4830=ORIENTED_EDGE('',*,*,#3586,.F.);
#4831=ORIENTED_EDGE('',*,*,#3236,.F.);
#4832=ORIENTED_EDGE('',*,*,#3585,.F.);
#4833=ORIENTED_EDGE('',*,*,#3594,.T.);
#4834=ORIENTED_EDGE('',*,*,#3460,.F.);
#4835=ORIENTED_EDGE('',*,*,#3196,.F.);
#4836=ORIENTED_EDGE('',*,*,#3456,.F.);
#4837=ORIENTED_EDGE('',*,*,#3595,.T.);
#4838=ORIENTED_EDGE('',*,*,#3580,.F.);
#4839=ORIENTED_EDGE('',*,*,#3202,.F.);
#4840=ORIENTED_EDGE('',*,*,#3507,.F.);
#4841=ORIENTED_EDGE('',*,*,#3596,.T.);
#4842=ORIENTED_EDGE('',*,*,#3502,.F.);
#4843=ORIENTED_EDGE('',*,*,#3270,.F.);
#4844=ORIENTED_EDGE('',*,*,#3510,.F.);
#4845=ORIENTED_EDGE('',*,*,#3597,.T.);
#4846=ORIENTED_EDGE('',*,*,#3505,.F.);
#4847=ORIENTED_EDGE('',*,*,#3292,.F.);
#4848=ORIENTED_EDGE('',*,*,#3480,.F.);
#4849=ORIENTED_EDGE('',*,*,#3598,.T.);
#4850=ORIENTED_EDGE('',*,*,#3511,.F.);
#4851=ORIENTED_EDGE('',*,*,#3288,.F.);
#4852=ORIENTED_EDGE('',*,*,#3483,.F.);
#4853=ORIENTED_EDGE('',*,*,#3599,.T.);
#4854=ORIENTED_EDGE('',*,*,#3478,.F.);
#4855=ORIENTED_EDGE('',*,*,#3286,.F.);
#4856=ORIENTED_EDGE('',*,*,#3489,.F.);
#4857=ORIENTED_EDGE('',*,*,#3600,.T.);
#4858=ORIENTED_EDGE('',*,*,#3484,.F.);
#4859=ORIENTED_EDGE('',*,*,#3282,.F.);
#4860=ORIENTED_EDGE('',*,*,#3492,.F.);
#4861=ORIENTED_EDGE('',*,*,#3601,.T.);
#4862=ORIENTED_EDGE('',*,*,#3487,.F.);
#4863=ORIENTED_EDGE('',*,*,#3280,.F.);
#4864=ORIENTED_EDGE('',*,*,#3498,.F.);
#4865=ORIENTED_EDGE('',*,*,#3602,.T.);
#4866=ORIENTED_EDGE('',*,*,#3493,.F.);
#4867=ORIENTED_EDGE('',*,*,#3276,.F.);
#4868=ORIENTED_EDGE('',*,*,#3501,.F.);
#4869=ORIENTED_EDGE('',*,*,#3603,.T.);
#4870=ORIENTED_EDGE('',*,*,#3496,.F.);
#4871=ORIENTED_EDGE('',*,*,#3274,.F.);
#4872=ORIENTED_EDGE('',*,*,#3384,.F.);
#4873=ORIENTED_EDGE('',*,*,#3604,.T.);
#4874=ORIENTED_EDGE('',*,*,#3379,.F.);
#4875=ORIENTED_EDGE('',*,*,#3246,.F.);
#4876=ORIENTED_EDGE('',*,*,#3387,.F.);
#4877=ORIENTED_EDGE('',*,*,#3605,.T.);
#4878=ORIENTED_EDGE('',*,*,#3382,.F.);
#4879=ORIENTED_EDGE('',*,*,#3268,.F.);
#4880=ORIENTED_EDGE('',*,*,#3396,.F.);
#4881=ORIENTED_EDGE('',*,*,#3606,.T.);
#4882=ORIENTED_EDGE('',*,*,#3391,.F.);
#4883=ORIENTED_EDGE('',*,*,#3262,.F.);
#4884=ORIENTED_EDGE('',*,*,#3399,.F.);
#4885=ORIENTED_EDGE('',*,*,#3607,.T.);
#4886=ORIENTED_EDGE('',*,*,#3394,.F.);
#4887=ORIENTED_EDGE('',*,*,#3260,.F.);
#4888=ORIENTED_EDGE('',*,*,#3402,.F.);
#4889=ORIENTED_EDGE('',*,*,#3608,.T.);
#4890=ORIENTED_EDGE('',*,*,#3397,.F.);
#4891=ORIENTED_EDGE('',*,*,#3258,.F.);
#4892=ORIENTED_EDGE('',*,*,#3369,.F.);
#4893=ORIENTED_EDGE('',*,*,#3609,.T.);
#4894=ORIENTED_EDGE('',*,*,#3400,.F.);
#4895=ORIENTED_EDGE('',*,*,#3256,.F.);
#4896=ORIENTED_EDGE('',*,*,#3372,.F.);
#4897=ORIENTED_EDGE('',*,*,#3610,.T.);
#4898=ORIENTED_EDGE('',*,*,#3367,.F.);
#4899=ORIENTED_EDGE('',*,*,#3254,.F.);
#4900=ORIENTED_EDGE('',*,*,#3375,.F.);
#4901=ORIENTED_EDGE('',*,*,#3611,.T.);
#4902=ORIENTED_EDGE('',*,*,#3370,.F.);
#4903=ORIENTED_EDGE('',*,*,#3252,.F.);
#4904=ORIENTED_EDGE('',*,*,#3352,.F.);
#4905=ORIENTED_EDGE('',*,*,#3612,.T.);
#4906=ORIENTED_EDGE('',*,*,#3347,.F.);
#4907=ORIENTED_EDGE('',*,*,#3226,.F.);
#4908=ORIENTED_EDGE('',*,*,#3361,.F.);
#4909=ORIENTED_EDGE('',*,*,#3613,.T.);
#4910=ORIENTED_EDGE('',*,*,#3356,.F.);
#4911=ORIENTED_EDGE('',*,*,#3240,.F.);
#4912=ORIENTED_EDGE('',*,*,#3343,.F.);
#4913=ORIENTED_EDGE('',*,*,#3614,.T.);
#4914=ORIENTED_EDGE('',*,*,#3338,.F.);
#4915=ORIENTED_EDGE('',*,*,#3234,.F.);
#4916=ORIENTED_EDGE('',*,*,#3346,.F.);
#4917=ORIENTED_EDGE('',*,*,#3615,.T.);
#4918=ORIENTED_EDGE('',*,*,#3341,.F.);
#4919=ORIENTED_EDGE('',*,*,#3232,.F.);
#4920=ORIENTED_EDGE('',*,*,#3349,.F.);
#4921=ORIENTED_EDGE('',*,*,#3616,.T.);
#4922=ORIENTED_EDGE('',*,*,#3589,.F.);
#4923=ORIENTED_EDGE('',*,*,#3228,.F.);
#4924=ORIENTED_EDGE('',*,*,#3307,.F.);
#4925=ORIENTED_EDGE('',*,*,#3617,.T.);
#4926=ORIENTED_EDGE('',*,*,#3302,.F.);
#4927=ORIENTED_EDGE('',*,*,#3214,.F.);
#4928=ORIENTED_EDGE('',*,*,#3310,.F.);
#4929=ORIENTED_EDGE('',*,*,#3618,.T.);
#4930=ORIENTED_EDGE('',*,*,#3305,.F.);
#4931=ORIENTED_EDGE('',*,*,#3224,.F.);
#4932=ORIENTED_EDGE('',*,*,#3295,.F.);
#4933=ORIENTED_EDGE('',*,*,#3619,.T.);
#4934=ORIENTED_EDGE('',*,*,#3308,.F.);
#4935=ORIENTED_EDGE('',*,*,#3222,.F.);
#4936=ORIENTED_EDGE('',*,*,#3298,.F.);
#4937=ORIENTED_EDGE('',*,*,#3620,.T.);
#4938=ORIENTED_EDGE('',*,*,#3293,.F.);
#4939=ORIENTED_EDGE('',*,*,#3220,.F.);
#4940=ORIENTED_EDGE('',*,*,#3301,.F.);
#4941=ORIENTED_EDGE('',*,*,#3621,.T.);
#4942=ORIENTED_EDGE('',*,*,#3296,.F.);
#4943=ORIENTED_EDGE('',*,*,#3218,.F.);
#4944=ORIENTED_EDGE('',*,*,#3020,.F.);
#4945=ORIENTED_EDGE('',*,*,#3026,.F.);
#4946=ORIENTED_EDGE('',*,*,#3185,.F.);
#4947=ORIENTED_EDGE('',*,*,#3422,.F.);
#4948=ORIENTED_EDGE('',*,*,#3021,.F.);
#4949=ORIENTED_EDGE('',*,*,#3424,.F.);
#4950=ORIENTED_EDGE('',*,*,#3182,.F.);
#4951=ORIENTED_EDGE('',*,*,#3425,.F.);
#4952=ORIENTED_EDGE('',*,*,#3022,.F.);
#4953=ORIENTED_EDGE('',*,*,#3426,.F.);
#4954=ORIENTED_EDGE('',*,*,#3180,.F.);
#4955=ORIENTED_EDGE('',*,*,#3419,.F.);
#4956=ORIENTED_EDGE('',*,*,#3023,.F.);
#4957=ORIENTED_EDGE('',*,*,#3420,.F.);
#4958=ORIENTED_EDGE('',*,*,#3178,.F.);
#4959=ORIENTED_EDGE('',*,*,#3421,.F.);
#4960=ORIENTED_EDGE('',*,*,#3076,.F.);
#4961=ORIENTED_EDGE('',*,*,#3363,.F.);
#4962=ORIENTED_EDGE('',*,*,#3189,.F.);
#4963=ORIENTED_EDGE('',*,*,#3364,.F.);
#4964=ORIENTED_EDGE('',*,*,#3071,.F.);
#4965=ORIENTED_EDGE('',*,*,#3365,.F.);
#4966=ORIENTED_EDGE('',*,*,#3187,.F.);
#4967=ORIENTED_EDGE('',*,*,#3366,.F.);
#4968=ORIENTED_EDGE('',*,*,#3081,.F.);
#4969=ORIENTED_EDGE('',*,*,#3579,.F.);
#4970=ORIENTED_EDGE('',*,*,#3191,.F.);
#4971=ORIENTED_EDGE('',*,*,#3362,.F.);
#4972=ORIENTED_EDGE('',*,*,#3465,.F.);
#4973=ORIENTED_EDGE('',*,*,#3622,.T.);
#4974=ORIENTED_EDGE('',*,*,#3583,.F.);
#4975=ORIENTED_EDGE('',*,*,#3194,.F.);
#4976=ORIENTED_EDGE('',*,*,#3468,.F.);
#4977=ORIENTED_EDGE('',*,*,#3623,.T.);
#4978=ORIENTED_EDGE('',*,*,#3463,.F.);
#4979=ORIENTED_EDGE('',*,*,#3212,.F.);
#4980=ORIENTED_EDGE('',*,*,#3477,.F.);
#4981=ORIENTED_EDGE('',*,*,#3624,.T.);
#4982=ORIENTED_EDGE('',*,*,#3472,.F.);
#4983=ORIENTED_EDGE('',*,*,#3206,.F.);
#4984=ORIENTED_EDGE('',*,*,#3582,.F.);
#4985=ORIENTED_EDGE('',*,*,#3625,.T.);
#4986=ORIENTED_EDGE('',*,*,#3475,.F.);
#4987=ORIENTED_EDGE('',*,*,#3204,.F.);
#4988=ORIENTED_EDGE('',*,*,#3459,.F.);
#4989=ORIENTED_EDGE('',*,*,#3626,.T.);
#4990=ORIENTED_EDGE('',*,*,#3454,.F.);
#4991=ORIENTED_EDGE('',*,*,#3200,.F.);
#4992=ORIENTED_EDGE('',*,*,#3462,.F.);
#4993=ORIENTED_EDGE('',*,*,#3627,.T.);
#4994=ORIENTED_EDGE('',*,*,#3457,.F.);
#4995=ORIENTED_EDGE('',*,*,#3198,.F.);
#4996=ORIENTED_EDGE('',*,*,#3588,.F.);
#4997=ORIENTED_EDGE('',*,*,#3628,.T.);
#4998=ORIENTED_EDGE('',*,*,#3359,.F.);
#4999=ORIENTED_EDGE('',*,*,#3238,.F.);
#5000=ORIENTED_EDGE('',*,*,#3629,.F.);
#5001=ORIENTED_EDGE('',*,*,#3619,.F.);
#5002=ORIENTED_EDGE('',*,*,#3630,.F.);
#5003=ORIENTED_EDGE('',*,*,#3630,.T.);
#5004=ORIENTED_EDGE('',*,*,#3294,.F.);
#5005=ORIENTED_EDGE('',*,*,#3631,.F.);
#5006=ORIENTED_EDGE('',*,*,#3316,.F.);
#5007=ORIENTED_EDGE('',*,*,#3629,.T.);
#5008=ORIENTED_EDGE('',*,*,#3315,.F.);
#5009=ORIENTED_EDGE('',*,*,#3632,.F.);
#5010=ORIENTED_EDGE('',*,*,#3309,.F.);
#5011=ORIENTED_EDGE('',*,*,#3631,.T.);
#5012=ORIENTED_EDGE('',*,*,#3620,.F.);
#5013=ORIENTED_EDGE('',*,*,#3633,.F.);
#5014=ORIENTED_EDGE('',*,*,#3618,.F.);
#5015=ORIENTED_EDGE('',*,*,#3632,.T.);
#5016=ORIENTED_EDGE('',*,*,#3634,.F.);
#5017=ORIENTED_EDGE('',*,*,#3633,.T.);
#5018=ORIENTED_EDGE('',*,*,#3297,.F.);
#5019=ORIENTED_EDGE('',*,*,#3635,.F.);
#5020=ORIENTED_EDGE('',*,*,#3317,.F.);
#5021=ORIENTED_EDGE('',*,*,#3634,.T.);
#5022=ORIENTED_EDGE('',*,*,#3314,.F.);
#5023=ORIENTED_EDGE('',*,*,#3636,.F.);
#5024=ORIENTED_EDGE('',*,*,#3306,.F.);
#5025=ORIENTED_EDGE('',*,*,#3635,.T.);
#5026=ORIENTED_EDGE('',*,*,#3621,.F.);
#5027=ORIENTED_EDGE('',*,*,#3637,.F.);
#5028=ORIENTED_EDGE('',*,*,#3617,.F.);
#5029=ORIENTED_EDGE('',*,*,#3636,.T.);
#5030=ORIENTED_EDGE('',*,*,#3638,.F.);
#5031=ORIENTED_EDGE('',*,*,#3637,.T.);
#5032=ORIENTED_EDGE('',*,*,#3300,.F.);
#5033=ORIENTED_EDGE('',*,*,#3639,.F.);
#5034=ORIENTED_EDGE('',*,*,#3311,.F.);
#5035=ORIENTED_EDGE('',*,*,#3638,.T.);
#5036=ORIENTED_EDGE('',*,*,#3313,.F.);
#5037=ORIENTED_EDGE('',*,*,#3640,.F.);
#5038=ORIENTED_EDGE('',*,*,#3303,.F.);
#5039=ORIENTED_EDGE('',*,*,#3639,.T.);
#5040=ORIENTED_EDGE('',*,*,#3563,.F.);
#5041=ORIENTED_EDGE('',*,*,#3640,.T.);
#5042=ORIENTED_EDGE('',*,*,#3312,.F.);
#5043=ORIENTED_EDGE('',*,*,#3641,.F.);
#5044=ORIENTED_EDGE('',*,*,#3628,.F.);
#5045=ORIENTED_EDGE('',*,*,#3642,.F.);
#5046=ORIENTED_EDGE('',*,*,#3642,.T.);
#5047=ORIENTED_EDGE('',*,*,#3587,.F.);
#5048=ORIENTED_EDGE('',*,*,#3643,.F.);
#5049=ORIENTED_EDGE('',*,*,#3327,.F.);
#5050=ORIENTED_EDGE('',*,*,#3641,.T.);
#5051=ORIENTED_EDGE('',*,*,#3326,.F.);
#5052=ORIENTED_EDGE('',*,*,#3644,.F.);
#5053=ORIENTED_EDGE('',*,*,#3360,.F.);
#5054=ORIENTED_EDGE('',*,*,#3643,.T.);
#5055=ORIENTED_EDGE('',*,*,#3593,.F.);
#5056=ORIENTED_EDGE('',*,*,#3645,.F.);
#5057=ORIENTED_EDGE('',*,*,#3328,.F.);
#5058=ORIENTED_EDGE('',*,*,#3613,.F.);
#5059=ORIENTED_EDGE('',*,*,#3644,.T.);
#5060=ORIENTED_EDGE('',*,*,#3646,.F.);
#5061=ORIENTED_EDGE('',*,*,#3645,.T.);
#5062=ORIENTED_EDGE('',*,*,#3339,.F.);
#5063=ORIENTED_EDGE('',*,*,#3647,.F.);
#5064=ORIENTED_EDGE('',*,*,#3329,.F.);
#5065=ORIENTED_EDGE('',*,*,#3646,.T.);
#5066=ORIENTED_EDGE('',*,*,#3325,.F.);
#5067=ORIENTED_EDGE('',*,*,#3648,.F.);
#5068=ORIENTED_EDGE('',*,*,#3357,.F.);
#5069=ORIENTED_EDGE('',*,*,#3647,.T.);
#5070=ORIENTED_EDGE('',*,*,#3614,.F.);
#5071=ORIENTED_EDGE('',*,*,#3649,.F.);
#5072=ORIENTED_EDGE('',*,*,#3648,.T.);
#5073=ORIENTED_EDGE('',*,*,#3324,.F.);
#5074=ORIENTED_EDGE('',*,*,#3650,.F.);
#5075=ORIENTED_EDGE('',*,*,#3561,.F.);
#5076=ORIENTED_EDGE('',*,*,#3649,.T.);
#5077=ORIENTED_EDGE('',*,*,#3342,.F.);
#5078=ORIENTED_EDGE('',*,*,#3651,.F.);
#5079=ORIENTED_EDGE('',*,*,#3330,.F.);
#5080=ORIENTED_EDGE('',*,*,#3650,.T.);
#5081=ORIENTED_EDGE('',*,*,#3323,.F.);
#5082=ORIENTED_EDGE('',*,*,#3652,.F.);
#5083=ORIENTED_EDGE('',*,*,#3354,.F.);
#5084=ORIENTED_EDGE('',*,*,#3651,.T.);
#5085=ORIENTED_EDGE('',*,*,#3615,.F.);
#5086=ORIENTED_EDGE('',*,*,#3653,.F.);
#5087=ORIENTED_EDGE('',*,*,#3652,.T.);
#5088=ORIENTED_EDGE('',*,*,#3322,.F.);
#5089=ORIENTED_EDGE('',*,*,#3654,.F.);
#5090=ORIENTED_EDGE('',*,*,#3562,.F.);
#5091=ORIENTED_EDGE('',*,*,#3653,.T.);
#5092=ORIENTED_EDGE('',*,*,#3345,.F.);
#5093=ORIENTED_EDGE('',*,*,#3655,.F.);
#5094=ORIENTED_EDGE('',*,*,#3331,.F.);
#5095=ORIENTED_EDGE('',*,*,#3654,.T.);
#5096=ORIENTED_EDGE('',*,*,#3321,.F.);
#5097=ORIENTED_EDGE('',*,*,#3656,.F.);
#5098=ORIENTED_EDGE('',*,*,#3351,.F.);
#5099=ORIENTED_EDGE('',*,*,#3655,.T.);
#5100=ORIENTED_EDGE('',*,*,#3592,.F.);
#5101=ORIENTED_EDGE('',*,*,#3657,.F.);
#5102=ORIENTED_EDGE('',*,*,#3318,.F.);
#5103=ORIENTED_EDGE('',*,*,#3612,.F.);
#5104=ORIENTED_EDGE('',*,*,#3656,.T.);
#5105=ORIENTED_EDGE('',*,*,#3658,.F.);
#5106=ORIENTED_EDGE('',*,*,#3657,.T.);
#5107=ORIENTED_EDGE('',*,*,#3590,.F.);
#5108=ORIENTED_EDGE('',*,*,#3659,.F.);
#5109=ORIENTED_EDGE('',*,*,#3319,.F.);
#5110=ORIENTED_EDGE('',*,*,#3658,.T.);
#5111=ORIENTED_EDGE('',*,*,#3320,.F.);
#5112=ORIENTED_EDGE('',*,*,#3660,.F.);
#5113=ORIENTED_EDGE('',*,*,#3348,.F.);
#5114=ORIENTED_EDGE('',*,*,#3659,.T.);
#5115=ORIENTED_EDGE('',*,*,#3616,.F.);
#5116=ORIENTED_EDGE('',*,*,#3660,.T.);
#5117=ORIENTED_EDGE('',*,*,#3661,.F.);
#5118=ORIENTED_EDGE('',*,*,#3543,.F.);
#5119=ORIENTED_EDGE('',*,*,#3662,.F.);
#5120=ORIENTED_EDGE('',*,*,#3336,.F.);
#5121=ORIENTED_EDGE('',*,*,#3662,.T.);
#5122=ORIENTED_EDGE('',*,*,#3577,.F.);
#5123=ORIENTED_EDGE('',*,*,#3663,.F.);
#5124=ORIENTED_EDGE('',*,*,#3337,.F.);
#5125=ORIENTED_EDGE('',*,*,#3661,.T.);
#5126=ORIENTED_EDGE('',*,*,#3335,.F.);
#5127=ORIENTED_EDGE('',*,*,#3664,.F.);
#5128=ORIENTED_EDGE('',*,*,#3576,.F.);
#5129=ORIENTED_EDGE('',*,*,#3663,.T.);
#5130=ORIENTED_EDGE('',*,*,#3551,.F.);
#5131=ORIENTED_EDGE('',*,*,#3665,.F.);
#5132=ORIENTED_EDGE('',*,*,#3332,.F.);
#5133=ORIENTED_EDGE('',*,*,#3664,.T.);
#5134=ORIENTED_EDGE('',*,*,#3334,.F.);
#5135=ORIENTED_EDGE('',*,*,#3666,.F.);
#5136=ORIENTED_EDGE('',*,*,#3547,.F.);
#5137=ORIENTED_EDGE('',*,*,#3665,.T.);
#5138=ORIENTED_EDGE('',*,*,#3578,.F.);
#5139=ORIENTED_EDGE('',*,*,#3666,.T.);
#5140=ORIENTED_EDGE('',*,*,#3333,.F.);
#5141=ORIENTED_EDGE('',*,*,#3667,.F.);
#5142=ORIENTED_EDGE('',*,*,#3567,.F.);
#5143=ORIENTED_EDGE('',*,*,#3668,.F.);
#5144=ORIENTED_EDGE('',*,*,#3523,.F.);
#5145=ORIENTED_EDGE('',*,*,#3668,.T.);
#5146=ORIENTED_EDGE('',*,*,#3485,.F.);
#5147=ORIENTED_EDGE('',*,*,#3669,.F.);
#5148=ORIENTED_EDGE('',*,*,#3524,.F.);
#5149=ORIENTED_EDGE('',*,*,#3667,.T.);
#5150=ORIENTED_EDGE('',*,*,#3522,.F.);
#5151=ORIENTED_EDGE('',*,*,#3670,.F.);
#5152=ORIENTED_EDGE('',*,*,#3482,.F.);
#5153=ORIENTED_EDGE('',*,*,#3669,.T.);
#5154=ORIENTED_EDGE('',*,*,#3600,.F.);
#5155=ORIENTED_EDGE('',*,*,#3671,.F.);
#5156=ORIENTED_EDGE('',*,*,#3599,.F.);
#5157=ORIENTED_EDGE('',*,*,#3670,.T.);
#5158=ORIENTED_EDGE('',*,*,#3672,.F.);
#5159=ORIENTED_EDGE('',*,*,#3671,.T.);
#5160=ORIENTED_EDGE('',*,*,#3488,.F.);
#5161=ORIENTED_EDGE('',*,*,#3673,.F.);
#5162=ORIENTED_EDGE('',*,*,#3525,.F.);
#5163=ORIENTED_EDGE('',*,*,#3672,.T.);
#5164=ORIENTED_EDGE('',*,*,#3521,.F.);
#5165=ORIENTED_EDGE('',*,*,#3674,.F.);
#5166=ORIENTED_EDGE('',*,*,#3479,.F.);
#5167=ORIENTED_EDGE('',*,*,#3673,.T.);
#5168=ORIENTED_EDGE('',*,*,#3601,.F.);
#5169=ORIENTED_EDGE('',*,*,#3675,.F.);
#5170=ORIENTED_EDGE('',*,*,#3598,.F.);
#5171=ORIENTED_EDGE('',*,*,#3674,.T.);
#5172=ORIENTED_EDGE('',*,*,#3676,.F.);
#5173=ORIENTED_EDGE('',*,*,#3675,.T.);
#5174=ORIENTED_EDGE('',*,*,#3491,.F.);
#5175=ORIENTED_EDGE('',*,*,#3677,.F.);
#5176=ORIENTED_EDGE('',*,*,#3526,.F.);
#5177=ORIENTED_EDGE('',*,*,#3676,.T.);
#5178=ORIENTED_EDGE('',*,*,#3520,.F.);
#5179=ORIENTED_EDGE('',*,*,#3678,.F.);
#5180=ORIENTED_EDGE('',*,*,#3512,.F.);
#5181=ORIENTED_EDGE('',*,*,#3677,.T.);
#5182=ORIENTED_EDGE('',*,*,#3565,.F.);
#5183=ORIENTED_EDGE('',*,*,#3679,.F.);
#5184=ORIENTED_EDGE('',*,*,#3527,.F.);
#5185=ORIENTED_EDGE('',*,*,#3678,.T.);
#5186=ORIENTED_EDGE('',*,*,#3519,.F.);
#5187=ORIENTED_EDGE('',*,*,#3680,.F.);
#5188=ORIENTED_EDGE('',*,*,#3566,.F.);
#5189=ORIENTED_EDGE('',*,*,#3679,.T.);
#5190=ORIENTED_EDGE('',*,*,#3494,.F.);
#5191=ORIENTED_EDGE('',*,*,#3681,.F.);
#5192=ORIENTED_EDGE('',*,*,#3528,.F.);
#5193=ORIENTED_EDGE('',*,*,#3680,.T.);
#5194=ORIENTED_EDGE('',*,*,#3518,.F.);
#5195=ORIENTED_EDGE('',*,*,#3682,.F.);
#5196=ORIENTED_EDGE('',*,*,#3509,.F.);
#5197=ORIENTED_EDGE('',*,*,#3681,.T.);
#5198=ORIENTED_EDGE('',*,*,#3602,.F.);
#5199=ORIENTED_EDGE('',*,*,#3683,.F.);
#5200=ORIENTED_EDGE('',*,*,#3597,.F.);
#5201=ORIENTED_EDGE('',*,*,#3682,.T.);
#5202=ORIENTED_EDGE('',*,*,#3684,.F.);
#5203=ORIENTED_EDGE('',*,*,#3683,.T.);
#5204=ORIENTED_EDGE('',*,*,#3497,.F.);
#5205=ORIENTED_EDGE('',*,*,#3685,.F.);
#5206=ORIENTED_EDGE('',*,*,#3529,.F.);
#5207=ORIENTED_EDGE('',*,*,#3684,.T.);
#5208=ORIENTED_EDGE('',*,*,#3517,.F.);
#5209=ORIENTED_EDGE('',*,*,#3686,.F.);
#5210=ORIENTED_EDGE('',*,*,#3506,.F.);
#5211=ORIENTED_EDGE('',*,*,#3685,.T.);
#5212=ORIENTED_EDGE('',*,*,#3603,.F.);
#5213=ORIENTED_EDGE('',*,*,#3687,.F.);
#5214=ORIENTED_EDGE('',*,*,#3596,.F.);
#5215=ORIENTED_EDGE('',*,*,#3686,.T.);
#5216=ORIENTED_EDGE('',*,*,#3688,.F.);
#5217=ORIENTED_EDGE('',*,*,#3687,.T.);
#5218=ORIENTED_EDGE('',*,*,#3500,.F.);
#5219=ORIENTED_EDGE('',*,*,#3689,.F.);
#5220=ORIENTED_EDGE('',*,*,#3514,.F.);
#5221=ORIENTED_EDGE('',*,*,#3688,.T.);
#5222=ORIENTED_EDGE('',*,*,#3516,.F.);
#5223=ORIENTED_EDGE('',*,*,#3690,.F.);
#5224=ORIENTED_EDGE('',*,*,#3503,.F.);
#5225=ORIENTED_EDGE('',*,*,#3689,.T.);
#5226=ORIENTED_EDGE('',*,*,#3564,.F.);
#5227=ORIENTED_EDGE('',*,*,#3690,.T.);
#5228=ORIENTED_EDGE('',*,*,#3515,.F.);
#5229=ORIENTED_EDGE('',*,*,#3691,.F.);
#5230=ORIENTED_EDGE('',*,*,#3624,.F.);
#5231=ORIENTED_EDGE('',*,*,#3692,.F.);
#5232=ORIENTED_EDGE('',*,*,#3692,.T.);
#5233=ORIENTED_EDGE('',*,*,#3476,.F.);
#5234=ORIENTED_EDGE('',*,*,#3693,.F.);
#5235=ORIENTED_EDGE('',*,*,#3443,.F.);
#5236=ORIENTED_EDGE('',*,*,#3691,.T.);
#5237=ORIENTED_EDGE('',*,*,#3442,.F.);
#5238=ORIENTED_EDGE('',*,*,#3694,.F.);
#5239=ORIENTED_EDGE('',*,*,#3473,.F.);
#5240=ORIENTED_EDGE('',*,*,#3693,.T.);
#5241=ORIENTED_EDGE('',*,*,#3625,.F.);
#5242=ORIENTED_EDGE('',*,*,#3695,.F.);
#5243=ORIENTED_EDGE('',*,*,#3694,.T.);
#5244=ORIENTED_EDGE('',*,*,#3441,.F.);
#5245=ORIENTED_EDGE('',*,*,#3696,.F.);
#5246=ORIENTED_EDGE('',*,*,#3568,.F.);
#5247=ORIENTED_EDGE('',*,*,#3695,.T.);
#5248=ORIENTED_EDGE('',*,*,#3581,.F.);
#5249=ORIENTED_EDGE('',*,*,#3697,.F.);
#5250=ORIENTED_EDGE('',*,*,#3444,.F.);
#5251=ORIENTED_EDGE('',*,*,#3696,.T.);
#5252=ORIENTED_EDGE('',*,*,#3440,.F.);
#5253=ORIENTED_EDGE('',*,*,#3698,.F.);
#5254=ORIENTED_EDGE('',*,*,#3470,.F.);
#5255=ORIENTED_EDGE('',*,*,#3697,.T.);
#5256=ORIENTED_EDGE('',*,*,#3595,.F.);
#5257=ORIENTED_EDGE('',*,*,#3699,.F.);
#5258=ORIENTED_EDGE('',*,*,#3445,.F.);
#5259=ORIENTED_EDGE('',*,*,#3698,.T.);
#5260=ORIENTED_EDGE('',*,*,#3439,.F.);
#5261=ORIENTED_EDGE('',*,*,#3700,.F.);
#5262=ORIENTED_EDGE('',*,*,#3569,.F.);
#5263=ORIENTED_EDGE('',*,*,#3699,.T.);
#5264=ORIENTED_EDGE('',*,*,#3455,.F.);
#5265=ORIENTED_EDGE('',*,*,#3701,.F.);
#5266=ORIENTED_EDGE('',*,*,#3446,.F.);
#5267=ORIENTED_EDGE('',*,*,#3700,.T.);
#5268=ORIENTED_EDGE('',*,*,#3438,.F.);
#5269=ORIENTED_EDGE('',*,*,#3702,.F.);
#5270=ORIENTED_EDGE('',*,*,#3467,.F.);
#5271=ORIENTED_EDGE('',*,*,#3701,.T.);
#5272=ORIENTED_EDGE('',*,*,#3626,.F.);
#5273=ORIENTED_EDGE('',*,*,#3703,.F.);
#5274=ORIENTED_EDGE('',*,*,#3623,.F.);
#5275=ORIENTED_EDGE('',*,*,#3702,.T.);
#5276=ORIENTED_EDGE('',*,*,#3704,.F.);
#5277=ORIENTED_EDGE('',*,*,#3703,.T.);
#5278=ORIENTED_EDGE('',*,*,#3458,.F.);
#5279=ORIENTED_EDGE('',*,*,#3705,.F.);
#5280=ORIENTED_EDGE('',*,*,#3447,.F.);
#5281=ORIENTED_EDGE('',*,*,#3704,.T.);
#5282=ORIENTED_EDGE('',*,*,#3437,.F.);
#5283=ORIENTED_EDGE('',*,*,#3706,.F.);
#5284=ORIENTED_EDGE('',*,*,#3464,.F.);
#5285=ORIENTED_EDGE('',*,*,#3705,.T.);
#5286=ORIENTED_EDGE('',*,*,#3627,.F.);
#5287=ORIENTED_EDGE('',*,*,#3707,.F.);
#5288=ORIENTED_EDGE('',*,*,#3622,.F.);
#5289=ORIENTED_EDGE('',*,*,#3706,.T.);
#5290=ORIENTED_EDGE('',*,*,#3708,.F.);
#5291=ORIENTED_EDGE('',*,*,#3707,.T.);
#5292=ORIENTED_EDGE('',*,*,#3461,.F.);
#5293=ORIENTED_EDGE('',*,*,#3709,.F.);
#5294=ORIENTED_EDGE('',*,*,#3434,.F.);
#5295=ORIENTED_EDGE('',*,*,#3708,.T.);
#5296=ORIENTED_EDGE('',*,*,#3436,.F.);
#5297=ORIENTED_EDGE('',*,*,#3710,.F.);
#5298=ORIENTED_EDGE('',*,*,#3584,.F.);
#5299=ORIENTED_EDGE('',*,*,#3709,.T.);
#5300=ORIENTED_EDGE('',*,*,#3594,.F.);
#5301=ORIENTED_EDGE('',*,*,#3710,.T.);
#5302=ORIENTED_EDGE('',*,*,#3435,.F.);
#5303=ORIENTED_EDGE('',*,*,#3711,.F.);
#5304=ORIENTED_EDGE('',*,*,#3531,.F.);
#5305=ORIENTED_EDGE('',*,*,#3712,.F.);
#5306=ORIENTED_EDGE('',*,*,#3452,.F.);
#5307=ORIENTED_EDGE('',*,*,#3712,.T.);
#5308=ORIENTED_EDGE('',*,*,#3575,.F.);
#5309=ORIENTED_EDGE('',*,*,#3713,.F.);
#5310=ORIENTED_EDGE('',*,*,#3453,.F.);
#5311=ORIENTED_EDGE('',*,*,#3711,.T.);
#5312=ORIENTED_EDGE('',*,*,#3451,.F.);
#5313=ORIENTED_EDGE('',*,*,#3714,.F.);
#5314=ORIENTED_EDGE('',*,*,#3574,.F.);
#5315=ORIENTED_EDGE('',*,*,#3713,.T.);
#5316=ORIENTED_EDGE('',*,*,#3539,.F.);
#5317=ORIENTED_EDGE('',*,*,#3715,.F.);
#5318=ORIENTED_EDGE('',*,*,#3448,.F.);
#5319=ORIENTED_EDGE('',*,*,#3714,.T.);
#5320=ORIENTED_EDGE('',*,*,#3450,.F.);
#5321=ORIENTED_EDGE('',*,*,#3716,.F.);
#5322=ORIENTED_EDGE('',*,*,#3535,.F.);
#5323=ORIENTED_EDGE('',*,*,#3715,.T.);
#5324=ORIENTED_EDGE('',*,*,#3573,.F.);
#5325=ORIENTED_EDGE('',*,*,#3716,.T.);
#5326=ORIENTED_EDGE('',*,*,#3449,.F.);
#5327=ORIENTED_EDGE('',*,*,#3717,.F.);
#5328=ORIENTED_EDGE('',*,*,#3607,.F.);
#5329=ORIENTED_EDGE('',*,*,#3718,.F.);
#5330=ORIENTED_EDGE('',*,*,#3718,.T.);
#5331=ORIENTED_EDGE('',*,*,#3398,.F.);
#5332=ORIENTED_EDGE('',*,*,#3719,.F.);
#5333=ORIENTED_EDGE('',*,*,#3413,.F.);
#5334=ORIENTED_EDGE('',*,*,#3717,.T.);
#5335=ORIENTED_EDGE('',*,*,#3412,.F.);
#5336=ORIENTED_EDGE('',*,*,#3720,.F.);
#5337=ORIENTED_EDGE('',*,*,#3395,.F.);
#5338=ORIENTED_EDGE('',*,*,#3719,.T.);
#5339=ORIENTED_EDGE('',*,*,#3608,.F.);
#5340=ORIENTED_EDGE('',*,*,#3721,.F.);
#5341=ORIENTED_EDGE('',*,*,#3606,.F.);
#5342=ORIENTED_EDGE('',*,*,#3720,.T.);
#5343=ORIENTED_EDGE('',*,*,#3722,.F.);
#5344=ORIENTED_EDGE('',*,*,#3721,.T.);
#5345=ORIENTED_EDGE('',*,*,#3401,.F.);
#5346=ORIENTED_EDGE('',*,*,#3723,.F.);
#5347=ORIENTED_EDGE('',*,*,#3414,.F.);
#5348=ORIENTED_EDGE('',*,*,#3722,.T.);
#5349=ORIENTED_EDGE('',*,*,#3411,.F.);
#5350=ORIENTED_EDGE('',*,*,#3724,.F.);
#5351=ORIENTED_EDGE('',*,*,#3392,.F.);
#5352=ORIENTED_EDGE('',*,*,#3723,.T.);
#5353=ORIENTED_EDGE('',*,*,#3609,.F.);
#5354=ORIENTED_EDGE('',*,*,#3725,.F.);
#5355=ORIENTED_EDGE('',*,*,#3724,.T.);
#5356=ORIENTED_EDGE('',*,*,#3410,.F.);
#5357=ORIENTED_EDGE('',*,*,#3726,.F.);
#5358=ORIENTED_EDGE('',*,*,#3572,.F.);
#5359=ORIENTED_EDGE('',*,*,#3725,.T.);
#5360=ORIENTED_EDGE('',*,*,#3368,.F.);
#5361=ORIENTED_EDGE('',*,*,#3727,.F.);
#5362=ORIENTED_EDGE('',*,*,#3415,.F.);
#5363=ORIENTED_EDGE('',*,*,#3726,.T.);
#5364=ORIENTED_EDGE('',*,*,#3409,.F.);
#5365=ORIENTED_EDGE('',*,*,#3728,.F.);
#5366=ORIENTED_EDGE('',*,*,#3389,.F.);
#5367=ORIENTED_EDGE('',*,*,#3727,.T.);
#5368=ORIENTED_EDGE('',*,*,#3610,.F.);
#5369=ORIENTED_EDGE('',*,*,#3729,.F.);
#5370=ORIENTED_EDGE('',*,*,#3728,.T.);
#5371=ORIENTED_EDGE('',*,*,#3408,.F.);
#5372=ORIENTED_EDGE('',*,*,#3730,.F.);
#5373=ORIENTED_EDGE('',*,*,#3571,.F.);
#5374=ORIENTED_EDGE('',*,*,#3729,.T.);
#5375=ORIENTED_EDGE('',*,*,#3371,.F.);
#5376=ORIENTED_EDGE('',*,*,#3731,.F.);
#5377=ORIENTED_EDGE('',*,*,#3416,.F.);
#5378=ORIENTED_EDGE('',*,*,#3730,.T.);
#5379=ORIENTED_EDGE('',*,*,#3407,.F.);
#5380=ORIENTED_EDGE('',*,*,#3732,.F.);
#5381=ORIENTED_EDGE('',*,*,#3386,.F.);
#5382=ORIENTED_EDGE('',*,*,#3731,.T.);
#5383=ORIENTED_EDGE('',*,*,#3611,.F.);
#5384=ORIENTED_EDGE('',*,*,#3733,.F.);
#5385=ORIENTED_EDGE('',*,*,#3605,.F.);
#5386=ORIENTED_EDGE('',*,*,#3732,.T.);
#5387=ORIENTED_EDGE('',*,*,#3734,.F.);
#5388=ORIENTED_EDGE('',*,*,#3733,.T.);
#5389=ORIENTED_EDGE('',*,*,#3374,.F.);
#5390=ORIENTED_EDGE('',*,*,#3735,.F.);
#5391=ORIENTED_EDGE('',*,*,#3417,.F.);
#5392=ORIENTED_EDGE('',*,*,#3734,.T.);
#5393=ORIENTED_EDGE('',*,*,#3406,.F.);
#5394=ORIENTED_EDGE('',*,*,#3736,.F.);
#5395=ORIENTED_EDGE('',*,*,#3383,.F.);
#5396=ORIENTED_EDGE('',*,*,#3735,.T.);
#5397=ORIENTED_EDGE('',*,*,#3570,.F.);
#5398=ORIENTED_EDGE('',*,*,#3737,.F.);
#5399=ORIENTED_EDGE('',*,*,#3418,.F.);
#5400=ORIENTED_EDGE('',*,*,#3604,.F.);
#5401=ORIENTED_EDGE('',*,*,#3736,.T.);
#5402=ORIENTED_EDGE('',*,*,#3738,.F.);
#5403=ORIENTED_EDGE('',*,*,#3737,.T.);
#5404=ORIENTED_EDGE('',*,*,#3377,.F.);
#5405=ORIENTED_EDGE('',*,*,#3739,.F.);
#5406=ORIENTED_EDGE('',*,*,#3403,.F.);
#5407=ORIENTED_EDGE('',*,*,#3738,.T.);
#5408=ORIENTED_EDGE('',*,*,#3405,.F.);
#5409=ORIENTED_EDGE('',*,*,#3740,.F.);
#5410=ORIENTED_EDGE('',*,*,#3380,.F.);
#5411=ORIENTED_EDGE('',*,*,#3739,.T.);
#5412=ORIENTED_EDGE('',*,*,#3560,.F.);
#5413=ORIENTED_EDGE('',*,*,#3740,.T.);
#5414=ORIENTED_EDGE('',*,*,#3404,.F.);
#5415=ORIENTED_EDGE('',*,*,#3741,.F.);
#5416=ORIENTED_EDGE('',*,*,#2939,.F.);
#5417=ORIENTED_EDGE('',*,*,#3742,.F.);
#5418=ORIENTED_EDGE('',*,*,#3174,.F.);
#5419=ORIENTED_EDGE('',*,*,#3742,.T.);
#5420=ORIENTED_EDGE('',*,*,#2925,.F.);
#5421=ORIENTED_EDGE('',*,*,#3743,.F.);
#5422=ORIENTED_EDGE('',*,*,#3175,.F.);
#5423=ORIENTED_EDGE('',*,*,#3741,.T.);
#5424=ORIENTED_EDGE('',*,*,#3173,.F.);
#5425=ORIENTED_EDGE('',*,*,#3744,.F.);
#5426=ORIENTED_EDGE('',*,*,#2938,.F.);
#5427=ORIENTED_EDGE('',*,*,#3743,.T.);
#5428=ORIENTED_EDGE('',*,*,#2928,.F.);
#5429=ORIENTED_EDGE('',*,*,#3745,.F.);
#5430=ORIENTED_EDGE('',*,*,#3176,.F.);
#5431=ORIENTED_EDGE('',*,*,#3744,.T.);
#5432=ORIENTED_EDGE('',*,*,#3172,.F.);
#5433=ORIENTED_EDGE('',*,*,#3746,.F.);
#5434=ORIENTED_EDGE('',*,*,#2936,.F.);
#5435=ORIENTED_EDGE('',*,*,#3745,.T.);
#5436=ORIENTED_EDGE('',*,*,#2930,.F.);
#5437=ORIENTED_EDGE('',*,*,#3747,.F.);
#5438=ORIENTED_EDGE('',*,*,#3169,.F.);
#5439=ORIENTED_EDGE('',*,*,#3746,.T.);
#5440=ORIENTED_EDGE('',*,*,#3171,.F.);
#5441=ORIENTED_EDGE('',*,*,#3748,.F.);
#5442=ORIENTED_EDGE('',*,*,#2934,.F.);
#5443=ORIENTED_EDGE('',*,*,#3747,.T.);
#5444=ORIENTED_EDGE('',*,*,#2932,.F.);
#5445=ORIENTED_EDGE('',*,*,#3748,.T.);
#5446=ORIENTED_EDGE('',*,*,#3170,.F.);
#5447=PLANE('',#5997);
#5448=PLANE('',#6001);
#5449=PLANE('',#6005);
#5450=PLANE('',#6009);
#5451=PLANE('',#6015);
#5452=PLANE('',#6018);
#5453=PLANE('',#6019);
#5454=PLANE('',#6022);
#5455=PLANE('',#6025);
#5456=PLANE('',#6026);
#5457=PLANE('',#6030);
#5458=PLANE('',#6034);
#5459=PLANE('',#6037);
#5460=PLANE('',#6038);
#5461=PLANE('',#6040);
#5462=PLANE('',#6041);
#5463=PLANE('',#6042);
#5464=PLANE('',#6043);
#5465=PLANE('',#6046);
#5466=PLANE('',#6047);
#5467=PLANE('',#6048);
#5468=PLANE('',#6063);
#5469=PLANE('',#6066);
#5470=PLANE('',#6069);
#5471=PLANE('',#6070);
#5472=PLANE('',#6081);
#5473=PLANE('',#6084);
#5474=PLANE('',#6100);
#5475=PLANE('',#6107);
#5476=PLANE('',#6120);
#5477=PLANE('',#6121);
#5478=PLANE('',#6122);
#5479=PLANE('',#6129);
#5480=PLANE('',#6191);
#5481=PLANE('',#6192);
#5482=PLANE('',#6193);
#5483=PLANE('',#6194);
#5484=PLANE('',#6195);
#5485=PLANE('',#6196);
#5486=PLANE('',#6197);
#5487=PLANE('',#6199);
#5488=PLANE('',#6207);
#5489=PLANE('',#6208);
#5490=PLANE('',#6209);
#5491=PLANE('',#6210);
#5492=PLANE('',#6211);
#5493=PLANE('',#6212);
#5494=PLANE('',#6213);
#5495=PLANE('',#6214);
#5496=PLANE('',#6215);
#5497=PLANE('',#6216);
#5498=PLANE('',#6217);
#5499=PLANE('',#6218);
#5500=PLANE('',#6219);
#5501=PLANE('',#6220);
#5502=PLANE('',#6221);
#5503=PLANE('',#6222);
#5504=PLANE('',#6223);
#5505=PLANE('',#6224);
#5506=PLANE('',#6225);
#5507=PLANE('',#6226);
#5508=PLANE('',#6227);
#5509=PLANE('',#6232);
#5510=PLANE('',#6233);
#5511=PLANE('',#6234);
#5512=PLANE('',#6235);
#5513=PLANE('',#6236);
#5514=PLANE('',#6237);
#5515=PLANE('',#6238);
#5516=PLANE('',#6240);
#5517=PLANE('',#6248);
#5518=PLANE('',#6249);
#5519=PLANE('',#6250);
#5520=PLANE('',#6251);
#5521=PLANE('',#6252);
#5522=PLANE('',#6253);
#5523=PLANE('',#6254);
#5524=PLANE('',#6255);
#5525=PLANE('',#6256);
#5526=PLANE('',#6257);
#5527=PLANE('',#6258);
#5528=PLANE('',#6259);
#5529=PLANE('',#6260);
#5530=PLANE('',#6261);
#5531=PLANE('',#6262);
#5532=PLANE('',#6263);
#5533=PLANE('',#6264);
#5534=PLANE('',#6265);
#5535=PLANE('',#6266);
#5536=PLANE('',#6267);
#5537=PLANE('',#6268);
#5538=PLANE('',#6273);
#5539=PLANE('',#6274);
#5540=PLANE('',#6275);
#5541=PLANE('',#6276);
#5542=PLANE('',#6277);
#5543=PLANE('',#6278);
#5544=PLANE('',#6279);
#5545=PLANE('',#6283);
#5546=PLANE('',#6326);
#5547=PLANE('',#6327);
#5548=PLANE('',#6328);
#5549=PLANE('',#6329);
#5550=PLANE('',#6330);
#5551=PLANE('',#6413);
#5552=PLANE('',#6414);
#5553=PLANE('',#6417);
#5554=PLANE('',#6418);
#5555=PLANE('',#6421);
#5556=PLANE('',#6422);
#5557=PLANE('',#6425);
#5558=PLANE('',#6426);
#5559=PLANE('',#6429);
#5560=PLANE('',#6430);
#5561=PLANE('',#6433);
#5562=PLANE('',#6434);
#5563=PLANE('',#6437);
#5564=PLANE('',#6438);
#5565=PLANE('',#6441);
#5566=PLANE('',#6442);
#5567=PLANE('',#6444);
#5568=PLANE('',#6447);
#5569=PLANE('',#6448);
#5570=PLANE('',#6451);
#5571=PLANE('',#6452);
#5572=PLANE('',#6455);
#5573=PLANE('',#6456);
#5574=PLANE('',#6459);
#5575=PLANE('',#6460);
#5576=PLANE('',#6463);
#5577=PLANE('',#6464);
#5578=PLANE('',#6467);
#5579=PLANE('',#6468);
#5580=PLANE('',#6471);
#5581=PLANE('',#6472);
#5582=PLANE('',#6475);
#5583=PLANE('',#6476);
#5584=PLANE('',#6479);
#5585=PLANE('',#6480);
#5586=PLANE('',#6483);
#5587=PLANE('',#6484);
#5588=PLANE('',#6487);
#5589=PLANE('',#6488);
#5590=PLANE('',#6491);
#5591=PLANE('',#6492);
#5592=PLANE('',#6494);
#5593=PLANE('',#6497);
#5594=PLANE('',#6498);
#5595=PLANE('',#6501);
#5596=PLANE('',#6502);
#5597=PLANE('',#6505);
#5598=PLANE('',#6506);
#5599=PLANE('',#6509);
#5600=PLANE('',#6510);
#5601=PLANE('',#6513);
#5602=PLANE('',#6514);
#5603=PLANE('',#6517);
#5604=PLANE('',#6518);
#5605=PLANE('',#6521);
#5606=PLANE('',#6522);
#5607=PLANE('',#6524);
#5608=PLANE('',#6527);
#5609=PLANE('',#6528);
#5610=PLANE('',#6531);
#5611=ADVANCED_FACE('',(#507),#5447,.T.);
#5612=ADVANCED_FACE('',(#508),#421,.T.);
#5613=ADVANCED_FACE('',(#509),#5448,.T.);
#5614=ADVANCED_FACE('',(#510),#422,.T.);
#5615=ADVANCED_FACE('',(#511),#5449,.T.);
#5616=ADVANCED_FACE('',(#512),#423,.T.);
#5617=ADVANCED_FACE('',(#513),#5450,.T.);
#5618=ADVANCED_FACE('',(#514),#424,.T.);
#5619=ADVANCED_FACE('',(#515),#136,.T.);
#5620=ADVANCED_FACE('',(#516),#5451,.F.);
#5621=ADVANCED_FACE('',(#517),#137,.T.);
#5622=ADVANCED_FACE('',(#518),#5452,.F.);
#5623=ADVANCED_FACE('',(#519),#5453,.F.);
#5624=ADVANCED_FACE('',(#520),#138,.T.);
#5625=ADVANCED_FACE('',(#521),#5454,.F.);
#5626=ADVANCED_FACE('',(#522),#139,.T.);
#5627=ADVANCED_FACE('',(#523),#5455,.F.);
#5628=ADVANCED_FACE('',(#524),#96,.T.);
#5629=ADVANCED_FACE('',(#525),#97,.T.);
#5630=ADVANCED_FACE('',(#526),#98,.T.);
#5631=ADVANCED_FACE('',(#527),#5456,.T.);
#5632=ADVANCED_FACE('',(#528),#425,.F.);
#5633=ADVANCED_FACE('',(#529),#5457,.T.);
#5634=ADVANCED_FACE('',(#530),#426,.F.);
#5635=ADVANCED_FACE('',(#531),#5458,.T.);
#5636=ADVANCED_FACE('',(#532),#140,.F.);
#5637=ADVANCED_FACE('',(#533),#5459,.T.);
#5638=ADVANCED_FACE('',(#534),#99,.T.);
#5639=ADVANCED_FACE('',(#535),#100,.T.);
#5640=ADVANCED_FACE('',(#536,#15),#5460,.T.);
#5641=ADVANCED_FACE('',(#537),#5461,.T.);
#5642=ADVANCED_FACE('',(#538),#5462,.T.);
#5643=ADVANCED_FACE('',(#539),#101,.T.);
#5644=ADVANCED_FACE('',(#540),#5463,.T.);
#5645=ADVANCED_FACE('',(#541),#5464,.T.);
#5646=ADVANCED_FACE('',(#542),#102,.T.);
#5647=ADVANCED_FACE('',(#543),#427,.F.);
#5648=ADVANCED_FACE('',(#544),#103,.T.);
#5649=ADVANCED_FACE('',(#545),#5465,.T.);
#5650=ADVANCED_FACE('',(#546),#104,.T.);
#5651=ADVANCED_FACE('',(#547),#105,.T.);
#5652=ADVANCED_FACE('',(#548),#5466,.T.);
#5653=ADVANCED_FACE('',(#549),#5467,.T.);
#5654=ADVANCED_FACE('',(#550),#428,.T.);
#5655=ADVANCED_FACE('',(#551),#429,.T.);
#5656=ADVANCED_FACE('',(#552),#430,.T.);
#5657=ADVANCED_FACE('',(#553),#431,.T.);
#5658=ADVANCED_FACE('',(#554),#432,.T.);
#5659=ADVANCED_FACE('',(#555),#433,.T.);
#5660=ADVANCED_FACE('',(#556),#106,.T.);
#5661=ADVANCED_FACE('',(#557),#141,.F.);
#5662=ADVANCED_FACE('',(#558),#107,.T.);
#5663=ADVANCED_FACE('',(#559),#5468,.T.);
#5664=ADVANCED_FACE('',(#560),#142,.T.);
#5665=ADVANCED_FACE('',(#561),#5469,.T.);
#5666=ADVANCED_FACE('',(#562),#143,.T.);
#5667=ADVANCED_FACE('',(#563),#5470,.T.);
#5668=ADVANCED_FACE('',(#564),#108,.T.);
#5669=ADVANCED_FACE('',(#565),#109,.T.);
#5670=ADVANCED_FACE('',(#566),#110,.T.);
#5671=ADVANCED_FACE('',(#567),#5471,.T.);
#5672=ADVANCED_FACE('',(#568),#111,.T.);
#5673=ADVANCED_FACE('',(#569),#112,.T.);
#5674=ADVANCED_FACE('',(#570),#113,.T.);
#5675=ADVANCED_FACE('',(#571),#434,.F.);
#5676=ADVANCED_FACE('',(#572),#435,.T.);
#5677=ADVANCED_FACE('',(#573),#114,.T.);
#5678=ADVANCED_FACE('',(#574),#436,.T.);
#5679=ADVANCED_FACE('',(#575),#115,.T.);
#5680=ADVANCED_FACE('',(#576),#437,.T.);
#5681=ADVANCED_FACE('',(#577),#5472,.T.);
#5682=ADVANCED_FACE('',(#578),#438,.T.);
#5683=ADVANCED_FACE('',(#579),#5473,.T.);
#5684=ADVANCED_FACE('',(#580),#439,.T.);
#5685=ADVANCED_FACE('',(#581),#116,.T.);
#5686=ADVANCED_FACE('',(#582),#440,.F.);
#5687=ADVANCED_FACE('',(#583),#117,.T.);
#5688=ADVANCED_FACE('',(#584),#441,.F.);
#5689=ADVANCED_FACE('',(#585),#118,.T.);
#5690=ADVANCED_FACE('',(#586),#119,.T.);
#5691=ADVANCED_FACE('',(#587),#442,.T.);
#5692=ADVANCED_FACE('',(#588),#120,.T.);
#5693=ADVANCED_FACE('',(#589),#443,.T.);
#5694=ADVANCED_FACE('',(#590),#121,.T.);
#5695=ADVANCED_FACE('',(#591),#444,.T.);
#5696=ADVANCED_FACE('',(#592),#5474,.T.);
#5697=ADVANCED_FACE('',(#593),#445,.T.);
#5698=ADVANCED_FACE('',(#594),#446,.T.);
#5699=ADVANCED_FACE('',(#595),#144,.T.);
#5700=ADVANCED_FACE('',(#596),#5475,.T.);
#5701=ADVANCED_FACE('',(#597),#145,.T.);
#5702=ADVANCED_FACE('',(#598),#122,.T.);
#5703=ADVANCED_FACE('',(#599),#146,.F.);
#5704=ADVANCED_FACE('',(#600),#123,.T.);
#5705=ADVANCED_FACE('',(#601),#147,.F.);
#5706=ADVANCED_FACE('',(#602),#124,.T.);
#5707=ADVANCED_FACE('',(#603),#125,.T.);
#5708=ADVANCED_FACE('',(#604),#148,.T.);
#5709=ADVANCED_FACE('',(#605),#126,.T.);
#5710=ADVANCED_FACE('',(#606),#149,.T.);
#5711=ADVANCED_FACE('',(#607),#127,.T.);
#5712=ADVANCED_FACE('',(#608),#150,.T.);
#5713=ADVANCED_FACE('',(#609),#5476,.T.);
#5714=ADVANCED_FACE('',(#610),#5477,.T.);
#5715=ADVANCED_FACE('',(#611),#128,.F.);
#5716=ADVANCED_FACE('',(#612),#5478,.F.);
#5717=ADVANCED_FACE('',(#613),#151,.T.);
#5718=ADVANCED_FACE('',(#614),#152,.T.);
#5719=ADVANCED_FACE('',(#615),#153,.F.);
#5720=ADVANCED_FACE('',(#616),#129,.F.);
#5721=ADVANCED_FACE('',(#617),#130,.T.);
#5722=ADVANCED_FACE('',(#618,#16,#17,#18,#19,#20,#21,#22),#5479,.F.);
#5723=ADVANCED_FACE('',(#619),#5480,.T.);
#5724=ADVANCED_FACE('',(#620),#5481,.T.);
#5725=ADVANCED_FACE('',(#621),#5482,.T.);
#5726=ADVANCED_FACE('',(#622),#5483,.T.);
#5727=ADVANCED_FACE('',(#623),#5484,.T.);
#5728=ADVANCED_FACE('',(#624),#5485,.T.);
#5729=ADVANCED_FACE('',(#625),#5486,.F.);
#5730=ADVANCED_FACE('',(#626,#23),#5487,.F.);
#5731=ADVANCED_FACE('',(#627),#5488,.T.);
#5732=ADVANCED_FACE('',(#628),#5489,.T.);
#5733=ADVANCED_FACE('',(#629),#5490,.T.);
#5734=ADVANCED_FACE('',(#630),#5491,.T.);
#5735=ADVANCED_FACE('',(#631),#5492,.T.);
#5736=ADVANCED_FACE('',(#632),#5493,.T.);
#5737=ADVANCED_FACE('',(#633),#5494,.T.);
#5738=ADVANCED_FACE('',(#634),#5495,.T.);
#5739=ADVANCED_FACE('',(#635),#131,.T.);
#5740=ADVANCED_FACE('',(#636),#132,.T.);
#5741=ADVANCED_FACE('',(#637),#133,.T.);
#5742=ADVANCED_FACE('',(#638),#5496,.T.);
#5743=ADVANCED_FACE('',(#639),#5497,.T.);
#5744=ADVANCED_FACE('',(#640),#5498,.T.);
#5745=ADVANCED_FACE('',(#641),#5499,.T.);
#5746=ADVANCED_FACE('',(#642),#5500,.T.);
#5747=ADVANCED_FACE('',(#643),#5501,.T.);
#5748=ADVANCED_FACE('',(#644),#5502,.T.);
#5749=ADVANCED_FACE('',(#645),#5503,.T.);
#5750=ADVANCED_FACE('',(#646),#5504,.T.);
#5751=ADVANCED_FACE('',(#647),#5505,.T.);
#5752=ADVANCED_FACE('',(#648),#5506,.T.);
#5753=ADVANCED_FACE('',(#649),#5507,.T.);
#5754=ADVANCED_FACE('',(#650),#5508,.F.);
#5755=ADVANCED_FACE('',(#651),#5509,.T.);
#5756=ADVANCED_FACE('',(#652),#5510,.T.);
#5757=ADVANCED_FACE('',(#653),#134,.T.);
#5758=ADVANCED_FACE('',(#654),#5511,.T.);
#5759=ADVANCED_FACE('',(#655),#5512,.T.);
#5760=ADVANCED_FACE('',(#656),#5513,.T.);
#5761=ADVANCED_FACE('',(#657),#135,.T.);
#5762=ADVANCED_FACE('',(#658),#5514,.T.);
#5763=ADVANCED_FACE('',(#659),#5515,.F.);
#5764=ADVANCED_FACE('',(#660,#24),#5516,.F.);
#5765=ADVANCED_FACE('',(#661),#5517,.T.);
#5766=ADVANCED_FACE('',(#662),#5518,.T.);
#5767=ADVANCED_FACE('',(#663),#5519,.T.);
#5768=ADVANCED_FACE('',(#664),#5520,.T.);
#5769=ADVANCED_FACE('',(#665),#5521,.T.);
#5770=ADVANCED_FACE('',(#666),#5522,.T.);
#5771=ADVANCED_FACE('',(#667),#5523,.T.);
#5772=ADVANCED_FACE('',(#668),#5524,.T.);
#5773=ADVANCED_FACE('',(#669),#5525,.T.);
#5774=ADVANCED_FACE('',(#670),#5526,.T.);
#5775=ADVANCED_FACE('',(#671),#5527,.T.);
#5776=ADVANCED_FACE('',(#672),#5528,.T.);
#5777=ADVANCED_FACE('',(#673),#5529,.T.);
#5778=ADVANCED_FACE('',(#674),#5530,.T.);
#5779=ADVANCED_FACE('',(#675),#5531,.T.);
#5780=ADVANCED_FACE('',(#676),#5532,.T.);
#5781=ADVANCED_FACE('',(#677),#5533,.T.);
#5782=ADVANCED_FACE('',(#678),#5534,.T.);
#5783=ADVANCED_FACE('',(#679),#5535,.T.);
#5784=ADVANCED_FACE('',(#680),#5536,.T.);
#5785=ADVANCED_FACE('',(#681),#5537,.T.);
#5786=ADVANCED_FACE('',(#682),#5538,.F.);
#5787=ADVANCED_FACE('',(#683),#5539,.F.);
#5788=ADVANCED_FACE('',(#684),#5540,.F.);
#5789=ADVANCED_FACE('',(#685),#5541,.F.);
#5790=ADVANCED_FACE('',(#686),#5542,.F.);
#5791=ADVANCED_FACE('',(#687),#5543,.F.);
#5792=ADVANCED_FACE('',(#688),#5544,.F.);
#5793=ADVANCED_FACE('',(#689),#5545,.F.);
#5794=ADVANCED_FACE('',(#690),#154,.F.);
#5795=ADVANCED_FACE('',(#691),#155,.F.);
#5796=ADVANCED_FACE('',(#692),#156,.F.);
#5797=ADVANCED_FACE('',(#693),#157,.F.);
#5798=ADVANCED_FACE('',(#694),#158,.F.);
#5799=ADVANCED_FACE('',(#695),#159,.F.);
#5800=ADVANCED_FACE('',(#696),#160,.F.);
#5801=ADVANCED_FACE('',(#697),#161,.F.);
#5802=ADVANCED_FACE('',(#698),#162,.F.);
#5803=ADVANCED_FACE('',(#699),#163,.F.);
#5804=ADVANCED_FACE('',(#700),#164,.F.);
#5805=ADVANCED_FACE('',(#701),#165,.F.);
#5806=ADVANCED_FACE('',(#702),#166,.F.);
#5807=ADVANCED_FACE('',(#703),#167,.F.);
#5808=ADVANCED_FACE('',(#704),#168,.F.);
#5809=ADVANCED_FACE('',(#705),#169,.F.);
#5810=ADVANCED_FACE('',(#706),#170,.F.);
#5811=ADVANCED_FACE('',(#707),#171,.F.);
#5812=ADVANCED_FACE('',(#708),#172,.F.);
#5813=ADVANCED_FACE('',(#709),#173,.F.);
#5814=ADVANCED_FACE('',(#710),#5546,.T.);
#5815=ADVANCED_FACE('',(#711),#5547,.F.);
#5816=ADVANCED_FACE('',(#712),#5548,.F.);
#5817=ADVANCED_FACE('',(#713),#5549,.F.);
#5818=ADVANCED_FACE('',(#714),#5550,.F.);
#5819=ADVANCED_FACE('',(#715),#174,.T.);
#5820=ADVANCED_FACE('',(#716),#175,.T.);
#5821=ADVANCED_FACE('',(#717),#176,.T.);
#5822=ADVANCED_FACE('',(#718),#177,.T.);
#5823=ADVANCED_FACE('',(#719),#178,.T.);
#5824=ADVANCED_FACE('',(#720),#179,.T.);
#5825=ADVANCED_FACE('',(#721),#180,.T.);
#5826=ADVANCED_FACE('',(#722),#181,.T.);
#5827=ADVANCED_FACE('',(#723),#182,.T.);
#5828=ADVANCED_FACE('',(#724),#183,.T.);
#5829=ADVANCED_FACE('',(#725),#184,.T.);
#5830=ADVANCED_FACE('',(#726),#185,.T.);
#5831=ADVANCED_FACE('',(#727),#186,.T.);
#5832=ADVANCED_FACE('',(#728),#187,.T.);
#5833=ADVANCED_FACE('',(#729),#188,.T.);
#5834=ADVANCED_FACE('',(#730),#189,.T.);
#5835=ADVANCED_FACE('',(#731),#190,.T.);
#5836=ADVANCED_FACE('',(#732),#191,.T.);
#5837=ADVANCED_FACE('',(#733),#192,.T.);
#5838=ADVANCED_FACE('',(#734),#193,.T.);
#5839=ADVANCED_FACE('',(#735),#194,.T.);
#5840=ADVANCED_FACE('',(#736),#195,.T.);
#5841=ADVANCED_FACE('',(#737),#196,.T.);
#5842=ADVANCED_FACE('',(#738),#197,.T.);
#5843=ADVANCED_FACE('',(#739),#198,.T.);
#5844=ADVANCED_FACE('',(#740),#199,.T.);
#5845=ADVANCED_FACE('',(#741),#200,.T.);
#5846=ADVANCED_FACE('',(#742),#201,.T.);
#5847=ADVANCED_FACE('',(#743),#202,.T.);
#5848=ADVANCED_FACE('',(#744),#203,.T.);
#5849=ADVANCED_FACE('',(#745),#204,.T.);
#5850=ADVANCED_FACE('',(#746),#205,.T.);
#5851=ADVANCED_FACE('',(#747),#206,.T.);
#5852=ADVANCED_FACE('',(#748),#207,.T.);
#5853=ADVANCED_FACE('',(#749),#208,.T.);
#5854=ADVANCED_FACE('',(#750),#209,.T.);
#5855=ADVANCED_FACE('',(#751),#210,.T.);
#5856=ADVANCED_FACE('',(#752),#211,.T.);
#5857=ADVANCED_FACE('',(#753),#212,.T.);
#5858=ADVANCED_FACE('',(#754),#213,.T.);
#5859=ADVANCED_FACE('',(#755),#214,.T.);
#5860=ADVANCED_FACE('',(#756),#215,.T.);
#5861=ADVANCED_FACE('',(#757),#216,.T.);
#5862=ADVANCED_FACE('',(#758),#217,.T.);
#5863=ADVANCED_FACE('',(#759),#447,.T.);
#5864=ADVANCED_FACE('',(#760),#5551,.T.);
#5865=ADVANCED_FACE('',(#761),#5552,.T.);
#5866=ADVANCED_FACE('',(#762),#448,.T.);
#5867=ADVANCED_FACE('',(#763),#449,.T.);
#5868=ADVANCED_FACE('',(#764),#5553,.T.);
#5869=ADVANCED_FACE('',(#765),#5554,.T.);
#5870=ADVANCED_FACE('',(#766),#450,.T.);
#5871=ADVANCED_FACE('',(#767),#451,.T.);
#5872=ADVANCED_FACE('',(#768),#5555,.T.);
#5873=ADVANCED_FACE('',(#769),#5556,.T.);
#5874=ADVANCED_FACE('',(#770),#452,.F.);
#5875=ADVANCED_FACE('',(#771),#453,.T.);
#5876=ADVANCED_FACE('',(#772),#5557,.F.);
#5877=ADVANCED_FACE('',(#773),#5558,.T.);
#5878=ADVANCED_FACE('',(#774),#454,.T.);
#5879=ADVANCED_FACE('',(#775),#455,.T.);
#5880=ADVANCED_FACE('',(#776),#5559,.T.);
#5881=ADVANCED_FACE('',(#777),#5560,.T.);
#5882=ADVANCED_FACE('',(#778),#456,.T.);
#5883=ADVANCED_FACE('',(#779),#457,.F.);
#5884=ADVANCED_FACE('',(#780),#5561,.T.);
#5885=ADVANCED_FACE('',(#781),#5562,.T.);
#5886=ADVANCED_FACE('',(#782),#458,.T.);
#5887=ADVANCED_FACE('',(#783),#459,.F.);
#5888=ADVANCED_FACE('',(#784),#5563,.T.);
#5889=ADVANCED_FACE('',(#785),#5564,.T.);
#5890=ADVANCED_FACE('',(#786),#460,.T.);
#5891=ADVANCED_FACE('',(#787),#461,.T.);
#5892=ADVANCED_FACE('',(#788),#5565,.F.);
#5893=ADVANCED_FACE('',(#789),#5566,.T.);
#5894=ADVANCED_FACE('',(#790),#462,.T.);
#5895=ADVANCED_FACE('',(#791),#5567,.F.);
#5896=ADVANCED_FACE('',(#792),#463,.F.);
#5897=ADVANCED_FACE('',(#793),#464,.F.);
#5898=ADVANCED_FACE('',(#794),#5568,.F.);
#5899=ADVANCED_FACE('',(#795),#5569,.F.);
#5900=ADVANCED_FACE('',(#796),#465,.F.);
#5901=ADVANCED_FACE('',(#797),#466,.F.);
#5902=ADVANCED_FACE('',(#798),#5570,.F.);
#5903=ADVANCED_FACE('',(#799),#5571,.F.);
#5904=ADVANCED_FACE('',(#800),#467,.T.);
#5905=ADVANCED_FACE('',(#801),#468,.T.);
#5906=ADVANCED_FACE('',(#802),#5572,.F.);
#5907=ADVANCED_FACE('',(#803),#5573,.F.);
#5908=ADVANCED_FACE('',(#804),#469,.T.);
#5909=ADVANCED_FACE('',(#805),#470,.T.);
#5910=ADVANCED_FACE('',(#806),#5574,.F.);
#5911=ADVANCED_FACE('',(#807),#5575,.F.);
#5912=ADVANCED_FACE('',(#808),#471,.F.);
#5913=ADVANCED_FACE('',(#809),#472,.F.);
#5914=ADVANCED_FACE('',(#810),#5576,.F.);
#5915=ADVANCED_FACE('',(#811),#5577,.F.);
#5916=ADVANCED_FACE('',(#812),#473,.T.);
#5917=ADVANCED_FACE('',(#813),#474,.T.);
#5918=ADVANCED_FACE('',(#814),#5578,.F.);
#5919=ADVANCED_FACE('',(#815),#5579,.F.);
#5920=ADVANCED_FACE('',(#816),#475,.T.);
#5921=ADVANCED_FACE('',(#817),#476,.T.);
#5922=ADVANCED_FACE('',(#818),#5580,.F.);
#5923=ADVANCED_FACE('',(#819),#5581,.F.);
#5924=ADVANCED_FACE('',(#820),#477,.F.);
#5925=ADVANCED_FACE('',(#821),#478,.T.);
#5926=ADVANCED_FACE('',(#822),#5582,.T.);
#5927=ADVANCED_FACE('',(#823),#5583,.T.);
#5928=ADVANCED_FACE('',(#824),#479,.T.);
#5929=ADVANCED_FACE('',(#825),#480,.F.);
#5930=ADVANCED_FACE('',(#826),#5584,.F.);
#5931=ADVANCED_FACE('',(#827),#5585,.T.);
#5932=ADVANCED_FACE('',(#828),#481,.T.);
#5933=ADVANCED_FACE('',(#829),#482,.F.);
#5934=ADVANCED_FACE('',(#830),#5586,.T.);
#5935=ADVANCED_FACE('',(#831),#5587,.T.);
#5936=ADVANCED_FACE('',(#832),#483,.T.);
#5937=ADVANCED_FACE('',(#833),#484,.T.);
#5938=ADVANCED_FACE('',(#834),#5588,.T.);
#5939=ADVANCED_FACE('',(#835),#5589,.T.);
#5940=ADVANCED_FACE('',(#836),#485,.T.);
#5941=ADVANCED_FACE('',(#837),#486,.T.);
#5942=ADVANCED_FACE('',(#838),#5590,.T.);
#5943=ADVANCED_FACE('',(#839),#5591,.F.);
#5944=ADVANCED_FACE('',(#840),#487,.T.);
#5945=ADVANCED_FACE('',(#841),#5592,.F.);
#5946=ADVANCED_FACE('',(#842),#488,.F.);
#5947=ADVANCED_FACE('',(#843),#489,.F.);
#5948=ADVANCED_FACE('',(#844),#5593,.F.);
#5949=ADVANCED_FACE('',(#845),#5594,.F.);
#5950=ADVANCED_FACE('',(#846),#490,.F.);
#5951=ADVANCED_FACE('',(#847),#491,.T.);
#5952=ADVANCED_FACE('',(#848),#5595,.T.);
#5953=ADVANCED_FACE('',(#849),#5596,.T.);
#5954=ADVANCED_FACE('',(#850),#492,.T.);
#5955=ADVANCED_FACE('',(#851),#493,.T.);
#5956=ADVANCED_FACE('',(#852),#5597,.T.);
#5957=ADVANCED_FACE('',(#853),#5598,.T.);
#5958=ADVANCED_FACE('',(#854),#494,.T.);
#5959=ADVANCED_FACE('',(#855),#495,.F.);
#5960=ADVANCED_FACE('',(#856),#5599,.T.);
#5961=ADVANCED_FACE('',(#857),#5600,.T.);
#5962=ADVANCED_FACE('',(#858),#496,.T.);
#5963=ADVANCED_FACE('',(#859),#497,.F.);
#5964=ADVANCED_FACE('',(#860),#5601,.T.);
#5965=ADVANCED_FACE('',(#861),#5602,.T.);
#5966=ADVANCED_FACE('',(#862),#498,.T.);
#5967=ADVANCED_FACE('',(#863),#499,.T.);
#5968=ADVANCED_FACE('',(#864),#5603,.T.);
#5969=ADVANCED_FACE('',(#865),#5604,.T.);
#5970=ADVANCED_FACE('',(#866),#500,.F.);
#5971=ADVANCED_FACE('',(#867),#501,.T.);
#5972=ADVANCED_FACE('',(#868),#5605,.T.);
#5973=ADVANCED_FACE('',(#869),#5606,.T.);
#5974=ADVANCED_FACE('',(#870),#502,.F.);
#5975=ADVANCED_FACE('',(#871),#5607,.F.);
#5976=ADVANCED_FACE('',(#872),#503,.T.);
#5977=ADVANCED_FACE('',(#873),#504,.T.);
#5978=ADVANCED_FACE('',(#874),#5608,.F.);
#5979=ADVANCED_FACE('',(#875),#5609,.F.);
#5980=ADVANCED_FACE('',(#876),#505,.T.);
#5981=ADVANCED_FACE('',(#877),#506,.T.);
#5982=ADVANCED_FACE('',(#878),#5610,.F.);
#5983=CLOSED_SHELL('',(#5611,#5612,#5613,#5614,#5615,#5616,#5617,#5618,
#5619,#5620,#5621,#5622,#5623,#5624,#5625,#5626,#5627,#5628,#5629,#5630,
#5631,#5632,#5633,#5634,#5635,#5636,#5637,#5638,#5639,#5640,#5641,#5642,
#5643,#5644,#5645,#5646,#5647,#5648,#5649,#5650,#5651,#5652,#5653,#5654,
#5655,#5656,#5657,#5658,#5659,#5660,#5661,#5662,#5663,#5664,#5665,#5666,
#5667,#5668,#5669,#5670,#5671,#5672,#5673,#5674,#5675,#5676,#5677,#5678,
#5679,#5680,#5681,#5682,#5683,#5684,#5685,#5686,#5687,#5688,#5689,#5690,
#5691,#5692,#5693,#5694,#5695,#5696,#5697,#5698,#5699,#5700,#5701,#5702,
#5703,#5704,#5705,#5706,#5707,#5708,#5709,#5710,#5711,#5712,#5713,#5714,
#5715,#5716,#5717,#5718,#5719,#5720,#5721,#5722,#5723,#5724,#5725,#5726,
#5727,#5728,#5729,#5730,#5731,#5732,#5733,#5734,#5735,#5736,#5737,#5738,
#5739,#5740,#5741,#5742,#5743,#5744,#5745,#5746,#5747,#5748,#5749,#5750,
#5751,#5752,#5753,#5754,#5755,#5756,#5757,#5758,#5759,#5760,#5761,#5762,
#5763,#5764,#5765,#5766,#5767,#5768,#5769,#5770,#5771,#5772,#5773,#5774,
#5775,#5776,#5777,#5778,#5779,#5780,#5781,#5782,#5783,#5784,#5785,#5786,
#5787,#5788,#5789,#5790,#5791,#5792,#5793,#5794,#5795,#5796,#5797,#5798,
#5799,#5800,#5801,#5802,#5803,#5804,#5805,#5806,#5807,#5808,#5809,#5810,
#5811,#5812,#5813,#5814,#5815,#5816,#5817,#5818,#5819,#5820,#5821,#5822,
#5823,#5824,#5825,#5826,#5827,#5828,#5829,#5830,#5831,#5832,#5833,#5834,
#5835,#5836,#5837,#5838,#5839,#5840,#5841,#5842,#5843,#5844,#5845,#5846,
#5847,#5848,#5849,#5850,#5851,#5852,#5853,#5854,#5855,#5856,#5857,#5858,
#5859,#5860,#5861,#5862,#5863,#5864,#5865,#5866,#5867,#5868,#5869,#5870,
#5871,#5872,#5873,#5874,#5875,#5876,#5877,#5878,#5879,#5880,#5881,#5882,
#5883,#5884,#5885,#5886,#5887,#5888,#5889,#5890,#5891,#5892,#5893,#5894,
#5895,#5896,#5897,#5898,#5899,#5900,#5901,#5902,#5903,#5904,#5905,#5906,
#5907,#5908,#5909,#5910,#5911,#5912,#5913,#5914,#5915,#5916,#5917,#5918,
#5919,#5920,#5921,#5922,#5923,#5924,#5925,#5926,#5927,#5928,#5929,#5930,
#5931,#5932,#5933,#5934,#5935,#5936,#5937,#5938,#5939,#5940,#5941,#5942,
#5943,#5944,#5945,#5946,#5947,#5948,#5949,#5950,#5951,#5952,#5953,#5954,
#5955,#5956,#5957,#5958,#5959,#5960,#5961,#5962,#5963,#5964,#5965,#5966,
#5967,#5968,#5969,#5970,#5971,#5972,#5973,#5974,#5975,#5976,#5977,#5978,
#5979,#5980,#5981,#5982));
#5984=DERIVED_UNIT_ELEMENT(#5986,1.);
#5985=DERIVED_UNIT_ELEMENT(#12643,-3.);
#5986=(
MASS_UNIT()
NAMED_UNIT(*)
SI_UNIT(.KILO.,.GRAM.)
);
#5987=DERIVED_UNIT((#5984,#5985));
#5988=MEASURE_REPRESENTATION_ITEM('density measure',
POSITIVE_RATIO_MEASURE(7850.),#5987);
#5989=PROPERTY_DEFINITION_REPRESENTATION(#5994,#5991);
#5990=PROPERTY_DEFINITION_REPRESENTATION(#5995,#5992);
#5991=REPRESENTATION('material name',(#5993),#12640);
#5992=REPRESENTATION('density',(#5988),#12640);
#5993=DESCRIPTIVE_REPRESENTATION_ITEM('Steel','Steel');
#5994=PROPERTY_DEFINITION('material property','material name',#12650);
#5995=PROPERTY_DEFINITION('material property','density of part',#12650);
#5996=AXIS2_PLACEMENT_3D('',#8179,#6532,#6533);
#5997=AXIS2_PLACEMENT_3D('',#8180,#6534,#6535);
#5998=AXIS2_PLACEMENT_3D('',#8189,#6540,#6541);
#5999=AXIS2_PLACEMENT_3D('',#8193,#6543,#6544);
#6000=AXIS2_PLACEMENT_3D('',#8194,#6545,#6546);
#6001=AXIS2_PLACEMENT_3D('',#8195,#6547,#6548);
#6002=AXIS2_PLACEMENT_3D('',#8201,#6552,#6553);
#6003=AXIS2_PLACEMENT_3D('',#8205,#6555,#6556);
#6004=AXIS2_PLACEMENT_3D('',#8206,#6557,#6558);
#6005=AXIS2_PLACEMENT_3D('',#8207,#6559,#6560);
#6006=AXIS2_PLACEMENT_3D('',#8213,#6564,#6565);
#6007=AXIS2_PLACEMENT_3D('',#8217,#6567,#6568);
#6008=AXIS2_PLACEMENT_3D('',#8218,#6569,#6570);
#6009=AXIS2_PLACEMENT_3D('',#8219,#6571,#6572);
#6010=AXIS2_PLACEMENT_3D('',#8225,#6576,#6577);
#6011=AXIS2_PLACEMENT_3D('',#8226,#6578,#6579);
#6012=AXIS2_PLACEMENT_3D('',#8227,#6580,#6581);
#6013=AXIS2_PLACEMENT_3D('',#8228,#6582,#6583);
#6014=AXIS2_PLACEMENT_3D('',#8232,#6585,#6586);
#6015=AXIS2_PLACEMENT_3D('',#8234,#6588,#6589);
#6016=AXIS2_PLACEMENT_3D('',#8238,#6592,#6593);
#6017=AXIS2_PLACEMENT_3D('',#8241,#6595,#6596);
#6018=AXIS2_PLACEMENT_3D('',#8242,#6597,#6598);
#6019=AXIS2_PLACEMENT_3D('',#8246,#6601,#6602);
#6020=AXIS2_PLACEMENT_3D('',#8247,#6603,#6604);
#6021=AXIS2_PLACEMENT_3D('',#8250,#6606,#6607);
#6022=AXIS2_PLACEMENT_3D('',#8251,#6608,#6609);
#6023=AXIS2_PLACEMENT_3D('',#8255,#6612,#6613);
#6024=AXIS2_PLACEMENT_3D('',#8258,#6615,#6616);
#6025=AXIS2_PLACEMENT_3D('',#8259,#6617,#6618);
#6026=AXIS2_PLACEMENT_3D('',#8795,#6620,#6621);
#6027=AXIS2_PLACEMENT_3D('',#8801,#6625,#6626);
#6028=AXIS2_PLACEMENT_3D('',#8805,#6628,#6629);
#6029=AXIS2_PLACEMENT_3D('',#8806,#6630,#6631);
#6030=AXIS2_PLACEMENT_3D('',#8807,#6632,#6633);
#6031=AXIS2_PLACEMENT_3D('',#8813,#6637,#6638);
#6032=AXIS2_PLACEMENT_3D('',#8817,#6640,#6641);
#6033=AXIS2_PLACEMENT_3D('',#8818,#6642,#6643);
#6034=AXIS2_PLACEMENT_3D('',#8819,#6644,#6645);
#6035=AXIS2_PLACEMENT_3D('',#8822,#6648,#6649);
#6036=AXIS2_PLACEMENT_3D('',#8826,#6651,#6652);
#6037=AXIS2_PLACEMENT_3D('',#8828,#6654,#6655);
#6038=AXIS2_PLACEMENT_3D('',#8926,#6660,#6661);
#6039=AXIS2_PLACEMENT_3D('',#8965,#6665,#6666);
#6040=AXIS2_PLACEMENT_3D('',#9009,#6671,#6672);
#6041=AXIS2_PLACEMENT_3D('',#9015,#6676,#6677);
#6042=AXIS2_PLACEMENT_3D('',#9150,#6683,#6684);
#6043=AXIS2_PLACEMENT_3D('',#9154,#6687,#6688);
#6044=AXIS2_PLACEMENT_3D('',#9217,#6693,#6694);
#6045=AXIS2_PLACEMENT_3D('',#9219,#6695,#6696);
#6046=AXIS2_PLACEMENT_3D('',#9278,#6699,#6700);
#6047=AXIS2_PLACEMENT_3D('',#9370,#6707,#6708);
#6048=AXIS2_PLACEMENT_3D('',#9374,#6711,#6712);
#6049=AXIS2_PLACEMENT_3D('',#9378,#6715,#6716);
#6050=AXIS2_PLACEMENT_3D('',#9379,#6717,#6718);
#6051=AXIS2_PLACEMENT_3D('',#9380,#6719,#6720);
#6052=AXIS2_PLACEMENT_3D('',#9381,#6721,#6722);
#6053=AXIS2_PLACEMENT_3D('',#9382,#6723,#6724);
#6054=AXIS2_PLACEMENT_3D('',#9383,#6725,#6726);
#6055=AXIS2_PLACEMENT_3D('',#9384,#6727,#6728);
#6056=AXIS2_PLACEMENT_3D('',#9385,#6729,#6730);
#6057=AXIS2_PLACEMENT_3D('',#9386,#6731,#6732);
#6058=AXIS2_PLACEMENT_3D('',#9387,#6733,#6734);
#6059=AXIS2_PLACEMENT_3D('',#9388,#6735,#6736);
#6060=AXIS2_PLACEMENT_3D('',#9389,#6737,#6738);
#6061=AXIS2_PLACEMENT_3D('',#9420,#6741,#6742);
#6062=AXIS2_PLACEMENT_3D('',#9423,#6744,#6745);
#6063=AXIS2_PLACEMENT_3D('',#9451,#6747,#6748);
#6064=AXIS2_PLACEMENT_3D('',#9455,#6751,#6752);
#6065=AXIS2_PLACEMENT_3D('',#9458,#6754,#6755);
#6066=AXIS2_PLACEMENT_3D('',#9459,#6756,#6757);
#6067=AXIS2_PLACEMENT_3D('',#9463,#6760,#6761);
#6068=AXIS2_PLACEMENT_3D('',#9466,#6763,#6764);
#6069=AXIS2_PLACEMENT_3D('',#9467,#6765,#6766);
#6070=AXIS2_PLACEMENT_3D('',#9692,#6770,#6771);
#6071=AXIS2_PLACEMENT_3D('',#9782,#6779,#6780);
#6072=AXIS2_PLACEMENT_3D('',#9784,#6781,#6782);
#6073=AXIS2_PLACEMENT_3D('',#9787,#6784,#6785);
#6074=AXIS2_PLACEMENT_3D('',#9788,#6786,#6787);
#6075=AXIS2_PLACEMENT_3D('',#9789,#6788,#6789);
#6076=AXIS2_PLACEMENT_3D('',#9790,#6790,#6791);
#6077=AXIS2_PLACEMENT_3D('',#9940,#6794,#6795);
#6078=AXIS2_PLACEMENT_3D('',#9941,#6796,#6797);
#6079=AXIS2_PLACEMENT_3D('',#10049,#6800,#6801);
#6080=AXIS2_PLACEMENT_3D('',#10050,#6802,#6803);
#6081=AXIS2_PLACEMENT_3D('',#10051,#6804,#6805);
#6082=AXIS2_PLACEMENT_3D('',#10059,#6810,#6811);
#6083=AXIS2_PLACEMENT_3D('',#10060,#6812,#6813);
#6084=AXIS2_PLACEMENT_3D('',#10061,#6814,#6815);
#6085=AXIS2_PLACEMENT_3D('',#10069,#6820,#6821);
#6086=AXIS2_PLACEMENT_3D('',#10073,#6823,#6824);
#6087=AXIS2_PLACEMENT_3D('',#10074,#6825,#6826);
#6088=AXIS2_PLACEMENT_3D('',#10132,#6828,#6829);
#6089=AXIS2_PLACEMENT_3D('',#10136,#6831,#6832);
#6090=AXIS2_PLACEMENT_3D('',#10137,#6833,#6834);
#6091=AXIS2_PLACEMENT_3D('',#10255,#6836,#6837);
#6092=AXIS2_PLACEMENT_3D('',#10259,#6839,#6840);
#6093=AXIS2_PLACEMENT_3D('',#10260,#6841,#6842);
#6094=AXIS2_PLACEMENT_3D('',#10501,#6845,#6846);
#6095=AXIS2_PLACEMENT_3D('',#10502,#6847,#6848);
#6096=AXIS2_PLACEMENT_3D('',#10610,#6851,#6852);
#6097=AXIS2_PLACEMENT_3D('',#10611,#6853,#6854);
#6098=AXIS2_PLACEMENT_3D('',#10713,#6857,#6858);
#6099=AXIS2_PLACEMENT_3D('',#10714,#6859,#6860);
#6100=AXIS2_PLACEMENT_3D('',#10715,#6861,#6862);
#6101=AXIS2_PLACEMENT_3D('',#10722,#6867,#6868);
#6102=AXIS2_PLACEMENT_3D('',#10723,#6869,#6870);
#6103=AXIS2_PLACEMENT_3D('',#10724,#6871,#6872);
#6104=AXIS2_PLACEMENT_3D('',#10725,#6873,#6874);
#6105=AXIS2_PLACEMENT_3D('',#10726,#6875,#6876);
#6106=AXIS2_PLACEMENT_3D('',#10730,#6878,#6879);
#6107=AXIS2_PLACEMENT_3D('',#10732,#6881,#6882);
#6108=AXIS2_PLACEMENT_3D('',#10736,#6885,#6886);
#6109=AXIS2_PLACEMENT_3D('',#10739,#6888,#6889);
#6110=AXIS2_PLACEMENT_3D('',#10768,#6891,#6892);
#6111=AXIS2_PLACEMENT_3D('',#10771,#6894,#6895);
#6112=AXIS2_PLACEMENT_3D('',#10825,#6897,#6898);
#6113=AXIS2_PLACEMENT_3D('',#10828,#6900,#6901);
#6114=AXIS2_PLACEMENT_3D('',#10953,#6904,#6905);
#6115=AXIS2_PLACEMENT_3D('',#10956,#6907,#6908);
#6116=AXIS2_PLACEMENT_3D('',#11010,#6910,#6911);
#6117=AXIS2_PLACEMENT_3D('',#11013,#6913,#6914);
#6118=AXIS2_PLACEMENT_3D('',#11127,#6916,#6917);
#6119=AXIS2_PLACEMENT_3D('',#11130,#6919,#6920);
#6120=AXIS2_PLACEMENT_3D('',#11131,#6921,#6922);
#6121=AXIS2_PLACEMENT_3D('',#11135,#6925,#6926);
#6122=AXIS2_PLACEMENT_3D('',#11168,#6927,#6928);
#6123=AXIS2_PLACEMENT_3D('',#11172,#6931,#6932);
#6124=AXIS2_PLACEMENT_3D('',#11173,#6933,#6934);
#6125=AXIS2_PLACEMENT_3D('',#11174,#6935,#6936);
#6126=AXIS2_PLACEMENT_3D('',#11177,#6937,#6938);
#6127=AXIS2_PLACEMENT_3D('',#11180,#6941,#6942);
#6128=AXIS2_PLACEMENT_3D('',#11182,#6943,#6944);
#6129=AXIS2_PLACEMENT_3D('',#11230,#6945,#6946);
#6130=AXIS2_PLACEMENT_3D('',#11233,#6947,#6948);
#6131=AXIS2_PLACEMENT_3D('',#11237,#6950,#6951);
#6132=AXIS2_PLACEMENT_3D('',#11241,#6953,#6954);
#6133=AXIS2_PLACEMENT_3D('',#11245,#6956,#6957);
#6134=AXIS2_PLACEMENT_3D('',#11250,#6960,#6961);
#6135=AXIS2_PLACEMENT_3D('',#11254,#6963,#6964);
#6136=AXIS2_PLACEMENT_3D('',#11258,#6966,#6967);
#6137=AXIS2_PLACEMENT_3D('',#11281,#6969,#6970);
#6138=AXIS2_PLACEMENT_3D('',#11301,#6971,#6972);
#6139=AXIS2_PLACEMENT_3D('',#11325,#6973,#6974);
#6140=AXIS2_PLACEMENT_3D('',#11341,#6975,#6976);
#6141=AXIS2_PLACEMENT_3D('',#11347,#6979,#6980);
#6142=AXIS2_PLACEMENT_3D('',#11351,#6982,#6983);
#6143=AXIS2_PLACEMENT_3D('',#11355,#6985,#6986);
#6144=AXIS2_PLACEMENT_3D('',#11359,#6988,#6989);
#6145=AXIS2_PLACEMENT_3D('',#11363,#6991,#6992);
#6146=AXIS2_PLACEMENT_3D('',#11367,#6994,#6995);
#6147=AXIS2_PLACEMENT_3D('',#11371,#6997,#6998);
#6148=AXIS2_PLACEMENT_3D('',#11375,#7000,#7001);
#6149=AXIS2_PLACEMENT_3D('',#11379,#7003,#7004);
#6150=AXIS2_PLACEMENT_3D('',#11382,#7006,#7007);
#6151=AXIS2_PLACEMENT_3D('',#11387,#7009,#7010);
#6152=AXIS2_PLACEMENT_3D('',#11391,#7012,#7013);
#6153=AXIS2_PLACEMENT_3D('',#11395,#7015,#7016);
#6154=AXIS2_PLACEMENT_3D('',#11399,#7018,#7019);
#6155=AXIS2_PLACEMENT_3D('',#11403,#7021,#7022);
#6156=AXIS2_PLACEMENT_3D('',#11406,#7024,#7025);
#6157=AXIS2_PLACEMENT_3D('',#11411,#7027,#7028);
#6158=AXIS2_PLACEMENT_3D('',#11415,#7030,#7031);
#6159=AXIS2_PLACEMENT_3D('',#11419,#7033,#7034);
#6160=AXIS2_PLACEMENT_3D('',#11423,#7036,#7037);
#6161=AXIS2_PLACEMENT_3D('',#11427,#7039,#7040);
#6162=AXIS2_PLACEMENT_3D('',#11431,#7042,#7043);
#6163=AXIS2_PLACEMENT_3D('',#11435,#7045,#7046);
#6164=AXIS2_PLACEMENT_3D('',#11439,#7048,#7049);
#6165=AXIS2_PLACEMENT_3D('',#11443,#7051,#7052);
#6166=AXIS2_PLACEMENT_3D('',#11446,#7054,#7055);
#6167=AXIS2_PLACEMENT_3D('',#11451,#7057,#7058);
#6168=AXIS2_PLACEMENT_3D('',#11455,#7060,#7061);
#6169=AXIS2_PLACEMENT_3D('',#11459,#7063,#7064);
#6170=AXIS2_PLACEMENT_3D('',#11463,#7066,#7067);
#6171=AXIS2_PLACEMENT_3D('',#11467,#7069,#7070);
#6172=AXIS2_PLACEMENT_3D('',#11471,#7072,#7073);
#6173=AXIS2_PLACEMENT_3D('',#11475,#7075,#7076);
#6174=AXIS2_PLACEMENT_3D('',#11479,#7078,#7079);
#6175=AXIS2_PLACEMENT_3D('',#11483,#7081,#7082);
#6176=AXIS2_PLACEMENT_3D('',#11487,#7084,#7085);
#6177=AXIS2_PLACEMENT_3D('',#11491,#7087,#7088);
#6178=AXIS2_PLACEMENT_3D('',#11494,#7090,#7091);
#6179=AXIS2_PLACEMENT_3D('',#11499,#7093,#7094);
#6180=AXIS2_PLACEMENT_3D('',#11503,#7096,#7097);
#6181=AXIS2_PLACEMENT_3D('',#11507,#7099,#7100);
#6182=AXIS2_PLACEMENT_3D('',#11511,#7102,#7103);
#6183=AXIS2_PLACEMENT_3D('',#11515,#7105,#7106);
#6184=AXIS2_PLACEMENT_3D('',#11519,#7108,#7109);
#6185=AXIS2_PLACEMENT_3D('',#11523,#7111,#7112);
#6186=AXIS2_PLACEMENT_3D('',#11527,#7114,#7115);
#6187=AXIS2_PLACEMENT_3D('',#11531,#7117,#7118);
#6188=AXIS2_PLACEMENT_3D('',#11535,#7120,#7121);
#6189=AXIS2_PLACEMENT_3D('',#11539,#7123,#7124);
#6190=AXIS2_PLACEMENT_3D('',#11542,#7126,#7127);
#6191=AXIS2_PLACEMENT_3D('',#11543,#7128,#7129);
#6192=AXIS2_PLACEMENT_3D('',#11549,#7133,#7134);
#6193=AXIS2_PLACEMENT_3D('',#11555,#7138,#7139);
#6194=AXIS2_PLACEMENT_3D('',#11561,#7143,#7144);
#6195=AXIS2_PLACEMENT_3D('',#11567,#7148,#7149);
#6196=AXIS2_PLACEMENT_3D('',#11573,#7153,#7154);
#6197=AXIS2_PLACEMENT_3D('',#11579,#7158,#7159);
#6198=AXIS2_PLACEMENT_3D('',#11584,#7161,#7162);
#6199=AXIS2_PLACEMENT_3D('',#11594,#7168,#7169);
#6200=AXIS2_PLACEMENT_3D('',#11597,#7170,#7171);
#6201=AXIS2_PLACEMENT_3D('',#11605,#7175,#7176);
#6202=AXIS2_PLACEMENT_3D('',#11609,#7178,#7179);
#6203=AXIS2_PLACEMENT_3D('',#11617,#7183,#7184);
#6204=AXIS2_PLACEMENT_3D('',#11627,#7189,#7190);
#6205=AXIS2_PLACEMENT_3D('',#11631,#7192,#7193);
#6206=AXIS2_PLACEMENT_3D('',#11634,#7195,#7196);
#6207=AXIS2_PLACEMENT_3D('',#11635,#7197,#7198);
#6208=AXIS2_PLACEMENT_3D('',#11641,#7202,#7203);
#6209=AXIS2_PLACEMENT_3D('',#11647,#7207,#7208);
#6210=AXIS2_PLACEMENT_3D('',#11653,#7212,#7213);
#6211=AXIS2_PLACEMENT_3D('',#11659,#7217,#7218);
#6212=AXIS2_PLACEMENT_3D('',#11665,#7222,#7223);
#6213=AXIS2_PLACEMENT_3D('',#11671,#7227,#7228);
#6214=AXIS2_PLACEMENT_3D('',#11677,#7232,#7233);
#6215=AXIS2_PLACEMENT_3D('',#11790,#7242,#7243);
#6216=AXIS2_PLACEMENT_3D('',#11796,#7247,#7248);
#6217=AXIS2_PLACEMENT_3D('',#11802,#7252,#7253);
#6218=AXIS2_PLACEMENT_3D('',#11808,#7257,#7258);
#6219=AXIS2_PLACEMENT_3D('',#11814,#7262,#7263);
#6220=AXIS2_PLACEMENT_3D('',#11820,#7267,#7268);
#6221=AXIS2_PLACEMENT_3D('',#11826,#7272,#7273);
#6222=AXIS2_PLACEMENT_3D('',#11832,#7277,#7278);
#6223=AXIS2_PLACEMENT_3D('',#11838,#7282,#7283);
#6224=AXIS2_PLACEMENT_3D('',#11844,#7287,#7288);
#6225=AXIS2_PLACEMENT_3D('',#11850,#7292,#7293);
#6226=AXIS2_PLACEMENT_3D('',#11856,#7297,#7298);
#6227=AXIS2_PLACEMENT_3D('',#11862,#7302,#7303);
#6228=AXIS2_PLACEMENT_3D('',#11867,#7305,#7306);
#6229=AXIS2_PLACEMENT_3D('',#11875,#7310,#7311);
#6230=AXIS2_PLACEMENT_3D('',#11879,#7313,#7314);
#6231=AXIS2_PLACEMENT_3D('',#11894,#7322,#7323);
#6232=AXIS2_PLACEMENT_3D('',#11895,#7324,#7325);
#6233=AXIS2_PLACEMENT_3D('',#11898,#7328,#7329);
#6234=AXIS2_PLACEMENT_3D('',#11946,#7333,#7334);
#6235=AXIS2_PLACEMENT_3D('',#11948,#7336,#7337);
#6236=AXIS2_PLACEMENT_3D('',#11951,#7340,#7341);
#6237=AXIS2_PLACEMENT_3D('',#11990,#7345,#7346);
#6238=AXIS2_PLACEMENT_3D('',#11994,#7349,#7350);
#6239=AXIS2_PLACEMENT_3D('',#11995,#7351,#7352);
#6240=AXIS2_PLACEMENT_3D('',#11996,#7353,#7354);
#6241=AXIS2_PLACEMENT_3D('',#12001,#7356,#7357);
#6242=AXIS2_PLACEMENT_3D('',#12009,#7361,#7362);
#6243=AXIS2_PLACEMENT_3D('',#12013,#7364,#7365);
#6244=AXIS2_PLACEMENT_3D('',#12021,#7369,#7370);
#6245=AXIS2_PLACEMENT_3D('',#12029,#7374,#7375);
#6246=AXIS2_PLACEMENT_3D('',#12033,#7377,#7378);
#6247=AXIS2_PLACEMENT_3D('',#12036,#7380,#7381);
#6248=AXIS2_PLACEMENT_3D('',#12037,#7382,#7383);
#6249=AXIS2_PLACEMENT_3D('',#12043,#7387,#7388);
#6250=AXIS2_PLACEMENT_3D('',#12049,#7392,#7393);
#6251=AXIS2_PLACEMENT_3D('',#12055,#7397,#7398);
#6252=AXIS2_PLACEMENT_3D('',#12061,#7402,#7403);
#6253=AXIS2_PLACEMENT_3D('',#12067,#7407,#7408);
#6254=AXIS2_PLACEMENT_3D('',#12073,#7412,#7413);
#6255=AXIS2_PLACEMENT_3D('',#12079,#7417,#7418);
#6256=AXIS2_PLACEMENT_3D('',#12085,#7422,#7423);
#6257=AXIS2_PLACEMENT_3D('',#12091,#7427,#7428);
#6258=AXIS2_PLACEMENT_3D('',#12097,#7432,#7433);
#6259=AXIS2_PLACEMENT_3D('',#12103,#7437,#7438);
#6260=AXIS2_PLACEMENT_3D('',#12109,#7442,#7443);
#6261=AXIS2_PLACEMENT_3D('',#12115,#7447,#7448);
#6262=AXIS2_PLACEMENT_3D('',#12121,#7452,#7453);
#6263=AXIS2_PLACEMENT_3D('',#12127,#7457,#7458);
#6264=AXIS2_PLACEMENT_3D('',#12133,#7462,#7463);
#6265=AXIS2_PLACEMENT_3D('',#12139,#7467,#7468);
#6266=AXIS2_PLACEMENT_3D('',#12145,#7472,#7473);
#6267=AXIS2_PLACEMENT_3D('',#12151,#7477,#7478);
#6268=AXIS2_PLACEMENT_3D('',#12157,#7482,#7483);
#6269=AXIS2_PLACEMENT_3D('',#12162,#7485,#7486);
#6270=AXIS2_PLACEMENT_3D('',#12170,#7490,#7491);
#6271=AXIS2_PLACEMENT_3D('',#12178,#7495,#7496);
#6272=AXIS2_PLACEMENT_3D('',#12186,#7500,#7501);
#6273=AXIS2_PLACEMENT_3D('',#12190,#7504,#7505);
#6274=AXIS2_PLACEMENT_3D('',#12199,#7510,#7511);
#6275=AXIS2_PLACEMENT_3D('',#12208,#7516,#7517);
#6276=AXIS2_PLACEMENT_3D('',#12217,#7522,#7523);
#6277=AXIS2_PLACEMENT_3D('',#12226,#7528,#7529);
#6278=AXIS2_PLACEMENT_3D('',#12235,#7534,#7535);
#6279=AXIS2_PLACEMENT_3D('',#12244,#7540,#7541);
#6280=AXIS2_PLACEMENT_3D('',#12245,#7542,#7543);
#6281=AXIS2_PLACEMENT_3D('',#12246,#7544,#7545);
#6282=AXIS2_PLACEMENT_3D('',#12247,#7546,#7547);
#6283=AXIS2_PLACEMENT_3D('',#12248,#7548,#7549);
#6284=AXIS2_PLACEMENT_3D('',#12249,#7550,#7551);
#6285=AXIS2_PLACEMENT_3D('',#12250,#7552,#7553);
#6286=AXIS2_PLACEMENT_3D('',#12251,#7554,#7555);
#6287=AXIS2_PLACEMENT_3D('',#12252,#7556,#7557);
#6288=AXIS2_PLACEMENT_3D('',#12253,#7558,#7559);
#6289=AXIS2_PLACEMENT_3D('',#12254,#7560,#7561);
#6290=AXIS2_PLACEMENT_3D('',#12255,#7562,#7563);
#6291=AXIS2_PLACEMENT_3D('',#12256,#7564,#7565);
#6292=AXIS2_PLACEMENT_3D('',#12257,#7566,#7567);
#6293=AXIS2_PLACEMENT_3D('',#12258,#7568,#7569);
#6294=AXIS2_PLACEMENT_3D('',#12259,#7570,#7571);
#6295=AXIS2_PLACEMENT_3D('',#12260,#7572,#7573);
#6296=AXIS2_PLACEMENT_3D('',#12261,#7574,#7575);
#6297=AXIS2_PLACEMENT_3D('',#12262,#7576,#7577);
#6298=AXIS2_PLACEMENT_3D('',#12263,#7578,#7579);
#6299=AXIS2_PLACEMENT_3D('',#12264,#7580,#7581);
#6300=AXIS2_PLACEMENT_3D('',#12265,#7582,#7583);
#6301=AXIS2_PLACEMENT_3D('',#12266,#7584,#7585);
#6302=AXIS2_PLACEMENT_3D('',#12267,#7586,#7587);
#6303=AXIS2_PLACEMENT_3D('',#12268,#7588,#7589);
#6304=AXIS2_PLACEMENT_3D('',#12269,#7590,#7591);
#6305=AXIS2_PLACEMENT_3D('',#12270,#7592,#7593);
#6306=AXIS2_PLACEMENT_3D('',#12271,#7594,#7595);
#6307=AXIS2_PLACEMENT_3D('',#12272,#7596,#7597);
#6308=AXIS2_PLACEMENT_3D('',#12273,#7598,#7599);
#6309=AXIS2_PLACEMENT_3D('',#12274,#7600,#7601);
#6310=AXIS2_PLACEMENT_3D('',#12275,#7602,#7603);
#6311=AXIS2_PLACEMENT_3D('',#12276,#7604,#7605);
#6312=AXIS2_PLACEMENT_3D('',#12277,#7606,#7607);
#6313=AXIS2_PLACEMENT_3D('',#12278,#7608,#7609);
#6314=AXIS2_PLACEMENT_3D('',#12279,#7610,#7611);
#6315=AXIS2_PLACEMENT_3D('',#12280,#7612,#7613);
#6316=AXIS2_PLACEMENT_3D('',#12281,#7614,#7615);
#6317=AXIS2_PLACEMENT_3D('',#12282,#7616,#7617);
#6318=AXIS2_PLACEMENT_3D('',#12283,#7618,#7619);
#6319=AXIS2_PLACEMENT_3D('',#12284,#7620,#7621);
#6320=AXIS2_PLACEMENT_3D('',#12285,#7622,#7623);
#6321=AXIS2_PLACEMENT_3D('',#12286,#7624,#7625);
#6322=AXIS2_PLACEMENT_3D('',#12287,#7626,#7627);
#6323=AXIS2_PLACEMENT_3D('',#12288,#7628,#7629);
#6324=AXIS2_PLACEMENT_3D('',#12289,#7630,#7631);
#6325=AXIS2_PLACEMENT_3D('',#12290,#7632,#7633);
#6326=AXIS2_PLACEMENT_3D('',#12291,#7634,#7635);
#6327=AXIS2_PLACEMENT_3D('',#12293,#7637,#7638);
#6328=AXIS2_PLACEMENT_3D('',#12299,#7642,#7643);
#6329=AXIS2_PLACEMENT_3D('',#12305,#7647,#7648);
#6330=AXIS2_PLACEMENT_3D('',#12311,#7652,#7653);
#6331=AXIS2_PLACEMENT_3D('',#12317,#7657,#7658);
#6332=AXIS2_PLACEMENT_3D('',#12318,#7659,#7660);
#6333=AXIS2_PLACEMENT_3D('',#12319,#7661,#7662);
#6334=AXIS2_PLACEMENT_3D('',#12320,#7663,#7664);
#6335=AXIS2_PLACEMENT_3D('',#12321,#7665,#7666);
#6336=AXIS2_PLACEMENT_3D('',#12322,#7667,#7668);
#6337=AXIS2_PLACEMENT_3D('',#12323,#7669,#7670);
#6338=AXIS2_PLACEMENT_3D('',#12324,#7671,#7672);
#6339=AXIS2_PLACEMENT_3D('',#12325,#7673,#7674);
#6340=AXIS2_PLACEMENT_3D('',#12326,#7675,#7676);
#6341=AXIS2_PLACEMENT_3D('',#12327,#7677,#7678);
#6342=AXIS2_PLACEMENT_3D('',#12328,#7679,#7680);
#6343=AXIS2_PLACEMENT_3D('',#12329,#7681,#7682);
#6344=AXIS2_PLACEMENT_3D('',#12330,#7683,#7684);
#6345=AXIS2_PLACEMENT_3D('',#12331,#7685,#7686);
#6346=AXIS2_PLACEMENT_3D('',#12332,#7687,#7688);
#6347=AXIS2_PLACEMENT_3D('',#12333,#7689,#7690);
#6348=AXIS2_PLACEMENT_3D('',#12334,#7691,#7692);
#6349=AXIS2_PLACEMENT_3D('',#12335,#7693,#7694);
#6350=AXIS2_PLACEMENT_3D('',#12336,#7695,#7696);
#6351=AXIS2_PLACEMENT_3D('',#12337,#7697,#7698);
#6352=AXIS2_PLACEMENT_3D('',#12338,#7699,#7700);
#6353=AXIS2_PLACEMENT_3D('',#12339,#7701,#7702);
#6354=AXIS2_PLACEMENT_3D('',#12340,#7703,#7704);
#6355=AXIS2_PLACEMENT_3D('',#12341,#7705,#7706);
#6356=AXIS2_PLACEMENT_3D('',#12342,#7707,#7708);
#6357=AXIS2_PLACEMENT_3D('',#12343,#7709,#7710);
#6358=AXIS2_PLACEMENT_3D('',#12344,#7711,#7712);
#6359=AXIS2_PLACEMENT_3D('',#12345,#7713,#7714);
#6360=AXIS2_PLACEMENT_3D('',#12346,#7715,#7716);
#6361=AXIS2_PLACEMENT_3D('',#12347,#7717,#7718);
#6362=AXIS2_PLACEMENT_3D('',#12348,#7719,#7720);
#6363=AXIS2_PLACEMENT_3D('',#12349,#7721,#7722);
#6364=AXIS2_PLACEMENT_3D('',#12350,#7723,#7724);
#6365=AXIS2_PLACEMENT_3D('',#12351,#7725,#7726);
#6366=AXIS2_PLACEMENT_3D('',#12352,#7727,#7728);
#6367=AXIS2_PLACEMENT_3D('',#12353,#7729,#7730);
#6368=AXIS2_PLACEMENT_3D('',#12354,#7731,#7732);
#6369=AXIS2_PLACEMENT_3D('',#12355,#7733,#7734);
#6370=AXIS2_PLACEMENT_3D('',#12356,#7735,#7736);
#6371=AXIS2_PLACEMENT_3D('',#12357,#7737,#7738);
#6372=AXIS2_PLACEMENT_3D('',#12358,#7739,#7740);
#6373=AXIS2_PLACEMENT_3D('',#12359,#7741,#7742);
#6374=AXIS2_PLACEMENT_3D('',#12360,#7743,#7744);
#6375=AXIS2_PLACEMENT_3D('',#12361,#7745,#7746);
#6376=AXIS2_PLACEMENT_3D('',#12362,#7747,#7748);
#6377=AXIS2_PLACEMENT_3D('',#12363,#7749,#7750);
#6378=AXIS2_PLACEMENT_3D('',#12364,#7751,#7752);
#6379=AXIS2_PLACEMENT_3D('',#12365,#7753,#7754);
#6380=AXIS2_PLACEMENT_3D('',#12366,#7755,#7756);
#6381=AXIS2_PLACEMENT_3D('',#12367,#7757,#7758);
#6382=AXIS2_PLACEMENT_3D('',#12368,#7759,#7760);
#6383=AXIS2_PLACEMENT_3D('',#12369,#7761,#7762);
#6384=AXIS2_PLACEMENT_3D('',#12370,#7763,#7764);
#6385=AXIS2_PLACEMENT_3D('',#12371,#7765,#7766);
#6386=AXIS2_PLACEMENT_3D('',#12372,#7767,#7768);
#6387=AXIS2_PLACEMENT_3D('',#12373,#7769,#7770);
#6388=AXIS2_PLACEMENT_3D('',#12374,#7771,#7772);
#6389=AXIS2_PLACEMENT_3D('',#12375,#7773,#7774);
#6390=AXIS2_PLACEMENT_3D('',#12376,#7775,#7776);
#6391=AXIS2_PLACEMENT_3D('',#12377,#7777,#7778);
#6392=AXIS2_PLACEMENT_3D('',#12378,#7779,#7780);
#6393=AXIS2_PLACEMENT_3D('',#12379,#7781,#7782);
#6394=AXIS2_PLACEMENT_3D('',#12380,#7783,#7784);
#6395=AXIS2_PLACEMENT_3D('',#12381,#7785,#7786);
#6396=AXIS2_PLACEMENT_3D('',#12382,#7787,#7788);
#6397=AXIS2_PLACEMENT_3D('',#12383,#7789,#7790);
#6398=AXIS2_PLACEMENT_3D('',#12384,#7791,#7792);
#6399=AXIS2_PLACEMENT_3D('',#12385,#7793,#7794);
#6400=AXIS2_PLACEMENT_3D('',#12386,#7795,#7796);
#6401=AXIS2_PLACEMENT_3D('',#12387,#7797,#7798);
#6402=AXIS2_PLACEMENT_3D('',#12388,#7799,#7800);
#6403=AXIS2_PLACEMENT_3D('',#12389,#7801,#7802);
#6404=AXIS2_PLACEMENT_3D('',#12390,#7803,#7804);
#6405=AXIS2_PLACEMENT_3D('',#12391,#7805,#7806);
#6406=AXIS2_PLACEMENT_3D('',#12392,#7807,#7808);
#6407=AXIS2_PLACEMENT_3D('',#12393,#7809,#7810);
#6408=AXIS2_PLACEMENT_3D('',#12394,#7811,#7812);
#6409=AXIS2_PLACEMENT_3D('',#12395,#7813,#7814);
#6410=AXIS2_PLACEMENT_3D('',#12396,#7815,#7816);
#6411=AXIS2_PLACEMENT_3D('',#12397,#7817,#7818);
#6412=AXIS2_PLACEMENT_3D('',#12398,#7819,#7820);
#6413=AXIS2_PLACEMENT_3D('',#12401,#7823,#7824);
#6414=AXIS2_PLACEMENT_3D('',#12403,#7826,#7827);
#6415=AXIS2_PLACEMENT_3D('',#12405,#7829,#7830);
#6416=AXIS2_PLACEMENT_3D('',#12407,#7832,#7833);
#6417=AXIS2_PLACEMENT_3D('',#12409,#7835,#7836);
#6418=AXIS2_PLACEMENT_3D('',#12411,#7838,#7839);
#6419=AXIS2_PLACEMENT_3D('',#12413,#7841,#7842);
#6420=AXIS2_PLACEMENT_3D('',#12415,#7844,#7845);
#6421=AXIS2_PLACEMENT_3D('',#12417,#7847,#7848);
#6422=AXIS2_PLACEMENT_3D('',#12419,#7850,#7851);
#6423=AXIS2_PLACEMENT_3D('',#12421,#7853,#7854);
#6424=AXIS2_PLACEMENT_3D('',#12422,#7855,#7856);
#6425=AXIS2_PLACEMENT_3D('',#12425,#7859,#7860);
#6426=AXIS2_PLACEMENT_3D('',#12427,#7862,#7863);
#6427=AXIS2_PLACEMENT_3D('',#12429,#7865,#7866);
#6428=AXIS2_PLACEMENT_3D('',#12431,#7868,#7869);
#6429=AXIS2_PLACEMENT_3D('',#12433,#7871,#7872);
#6430=AXIS2_PLACEMENT_3D('',#12435,#7874,#7875);
#6431=AXIS2_PLACEMENT_3D('',#12437,#7877,#7878);
#6432=AXIS2_PLACEMENT_3D('',#12439,#7880,#7881);
#6433=AXIS2_PLACEMENT_3D('',#12441,#7883,#7884);
#6434=AXIS2_PLACEMENT_3D('',#12443,#7886,#7887);
#6435=AXIS2_PLACEMENT_3D('',#12445,#7889,#7890);
#6436=AXIS2_PLACEMENT_3D('',#12447,#7892,#7893);
#6437=AXIS2_PLACEMENT_3D('',#12449,#7895,#7896);
#6438=AXIS2_PLACEMENT_3D('',#12451,#7898,#7899);
#6439=AXIS2_PLACEMENT_3D('',#12453,#7901,#7902);
#6440=AXIS2_PLACEMENT_3D('',#12455,#7904,#7905);
#6441=AXIS2_PLACEMENT_3D('',#12457,#7907,#7908);
#6442=AXIS2_PLACEMENT_3D('',#12459,#7910,#7911);
#6443=AXIS2_PLACEMENT_3D('',#12461,#7913,#7914);
#6444=AXIS2_PLACEMENT_3D('',#12462,#7915,#7916);
#6445=AXIS2_PLACEMENT_3D('',#12465,#7919,#7920);
#6446=AXIS2_PLACEMENT_3D('',#12467,#7922,#7923);
#6447=AXIS2_PLACEMENT_3D('',#12469,#7925,#7926);
#6448=AXIS2_PLACEMENT_3D('',#12471,#7928,#7929);
#6449=AXIS2_PLACEMENT_3D('',#12473,#7931,#7932);
#6450=AXIS2_PLACEMENT_3D('',#12474,#7933,#7934);
#6451=AXIS2_PLACEMENT_3D('',#12477,#7937,#7938);
#6452=AXIS2_PLACEMENT_3D('',#12479,#7940,#7941);
#6453=AXIS2_PLACEMENT_3D('',#12481,#7943,#7944);
#6454=AXIS2_PLACEMENT_3D('',#12483,#7946,#7947);
#6455=AXIS2_PLACEMENT_3D('',#12485,#7949,#7950);
#6456=AXIS2_PLACEMENT_3D('',#12487,#7952,#7953);
#6457=AXIS2_PLACEMENT_3D('',#12489,#7955,#7956);
#6458=AXIS2_PLACEMENT_3D('',#12491,#7958,#7959);
#6459=AXIS2_PLACEMENT_3D('',#12493,#7961,#7962);
#6460=AXIS2_PLACEMENT_3D('',#12495,#7964,#7965);
#6461=AXIS2_PLACEMENT_3D('',#12497,#7967,#7968);
#6462=AXIS2_PLACEMENT_3D('',#12499,#7970,#7971);
#6463=AXIS2_PLACEMENT_3D('',#12501,#7973,#7974);
#6464=AXIS2_PLACEMENT_3D('',#12503,#7976,#7977);
#6465=AXIS2_PLACEMENT_3D('',#12505,#7979,#7980);
#6466=AXIS2_PLACEMENT_3D('',#12507,#7982,#7983);
#6467=AXIS2_PLACEMENT_3D('',#12509,#7985,#7986);
#6468=AXIS2_PLACEMENT_3D('',#12511,#7988,#7989);
#6469=AXIS2_PLACEMENT_3D('',#12513,#7991,#7992);
#6470=AXIS2_PLACEMENT_3D('',#12515,#7994,#7995);
#6471=AXIS2_PLACEMENT_3D('',#12517,#7997,#7998);
#6472=AXIS2_PLACEMENT_3D('',#12519,#8000,#8001);
#6473=AXIS2_PLACEMENT_3D('',#12521,#8003,#8004);
#6474=AXIS2_PLACEMENT_3D('',#12522,#8005,#8006);
#6475=AXIS2_PLACEMENT_3D('',#12525,#8009,#8010);
#6476=AXIS2_PLACEMENT_3D('',#12527,#8012,#8013);
#6477=AXIS2_PLACEMENT_3D('',#12529,#8015,#8016);
#6478=AXIS2_PLACEMENT_3D('',#12531,#8018,#8019);
#6479=AXIS2_PLACEMENT_3D('',#12533,#8021,#8022);
#6480=AXIS2_PLACEMENT_3D('',#12535,#8024,#8025);
#6481=AXIS2_PLACEMENT_3D('',#12537,#8027,#8028);
#6482=AXIS2_PLACEMENT_3D('',#12539,#8030,#8031);
#6483=AXIS2_PLACEMENT_3D('',#12541,#8033,#8034);
#6484=AXIS2_PLACEMENT_3D('',#12543,#8036,#8037);
#6485=AXIS2_PLACEMENT_3D('',#12545,#8039,#8040);
#6486=AXIS2_PLACEMENT_3D('',#12547,#8042,#8043);
#6487=AXIS2_PLACEMENT_3D('',#12549,#8045,#8046);
#6488=AXIS2_PLACEMENT_3D('',#12551,#8048,#8049);
#6489=AXIS2_PLACEMENT_3D('',#12553,#8051,#8052);
#6490=AXIS2_PLACEMENT_3D('',#12555,#8054,#8055);
#6491=AXIS2_PLACEMENT_3D('',#12557,#8057,#8058);
#6492=AXIS2_PLACEMENT_3D('',#12559,#8060,#8061);
#6493=AXIS2_PLACEMENT_3D('',#12561,#8063,#8064);
#6494=AXIS2_PLACEMENT_3D('',#12562,#8065,#8066);
#6495=AXIS2_PLACEMENT_3D('',#12565,#8069,#8070);
#6496=AXIS2_PLACEMENT_3D('',#12567,#8072,#8073);
#6497=AXIS2_PLACEMENT_3D('',#12569,#8075,#8076);
#6498=AXIS2_PLACEMENT_3D('',#12571,#8078,#8079);
#6499=AXIS2_PLACEMENT_3D('',#12573,#8081,#8082);
#6500=AXIS2_PLACEMENT_3D('',#12574,#8083,#8084);
#6501=AXIS2_PLACEMENT_3D('',#12577,#8087,#8088);
#6502=AXIS2_PLACEMENT_3D('',#12579,#8090,#8091);
#6503=AXIS2_PLACEMENT_3D('',#12581,#8093,#8094);
#6504=AXIS2_PLACEMENT_3D('',#12583,#8096,#8097);
#6505=AXIS2_PLACEMENT_3D('',#12585,#8099,#8100);
#6506=AXIS2_PLACEMENT_3D('',#12587,#8102,#8103);
#6507=AXIS2_PLACEMENT_3D('',#12589,#8105,#8106);
#6508=AXIS2_PLACEMENT_3D('',#12591,#8108,#8109);
#6509=AXIS2_PLACEMENT_3D('',#12593,#8111,#8112);
#6510=AXIS2_PLACEMENT_3D('',#12595,#8114,#8115);
#6511=AXIS2_PLACEMENT_3D('',#12597,#8117,#8118);
#6512=AXIS2_PLACEMENT_3D('',#12599,#8120,#8121);
#6513=AXIS2_PLACEMENT_3D('',#12601,#8123,#8124);
#6514=AXIS2_PLACEMENT_3D('',#12603,#8126,#8127);
#6515=AXIS2_PLACEMENT_3D('',#12605,#8129,#8130);
#6516=AXIS2_PLACEMENT_3D('',#12607,#8132,#8133);
#6517=AXIS2_PLACEMENT_3D('',#12609,#8135,#8136);
#6518=AXIS2_PLACEMENT_3D('',#12611,#8138,#8139);
#6519=AXIS2_PLACEMENT_3D('',#12613,#8141,#8142);
#6520=AXIS2_PLACEMENT_3D('',#12615,#8144,#8145);
#6521=AXIS2_PLACEMENT_3D('',#12617,#8147,#8148);
#6522=AXIS2_PLACEMENT_3D('',#12619,#8150,#8151);
#6523=AXIS2_PLACEMENT_3D('',#12621,#8153,#8154);
#6524=AXIS2_PLACEMENT_3D('',#12622,#8155,#8156);
#6525=AXIS2_PLACEMENT_3D('',#12625,#8159,#8160);
#6526=AXIS2_PLACEMENT_3D('',#12627,#8162,#8163);
#6527=AXIS2_PLACEMENT_3D('',#12629,#8165,#8166);
#6528=AXIS2_PLACEMENT_3D('',#12631,#8168,#8169);
#6529=AXIS2_PLACEMENT_3D('',#12633,#8171,#8172);
#6530=AXIS2_PLACEMENT_3D('',#12635,#8174,#8175);
#6531=AXIS2_PLACEMENT_3D('',#12637,#8177,#8178);
#6532=DIRECTION('axis',(0.,0.,1.));
#6533=DIRECTION('refdir',(1.,0.,0.));
#6534=DIRECTION('center_axis',(0.,-0.707106781186548,-0.707106781186547));
#6535=DIRECTION('ref_axis',(-1.,0.,0.));
#6536=DIRECTION('',(0.,0.707106781186547,-0.707106781186548));
#6537=DIRECTION('',(1.,0.,0.));
#6538=DIRECTION('',(1.25607396694702E-14,-0.707106781186547,0.707106781186548));
#6539=DIRECTION('',(-1.,0.,0.));
#6540=DIRECTION('center_axis',(0.,1.,0.));
#6541=DIRECTION('ref_axis',(0.,0.,-1.));
#6542=DIRECTION('',(-0.707106781186546,0.707106781186549,0.));
#6543=DIRECTION('center_axis',(0.,-1.,0.));
#6544=DIRECTION('ref_axis',(0.,0.,-1.));
#6545=DIRECTION('center_axis',(0.,1.,0.));
#6546=DIRECTION('ref_axis',(0.,0.,-1.));
#6547=DIRECTION('center_axis',(-0.707106781186548,-0.707106781186547,0.));
#6548=DIRECTION('ref_axis',(0.,0.,1.));
#6549=DIRECTION('',(-0.707106781186547,0.707106781186548,0.));
#6550=DIRECTION('',(0.,0.,-1.));
#6551=DIRECTION('',(0.,0.,1.));
#6552=DIRECTION('center_axis',(0.,1.,0.));
#6553=DIRECTION('ref_axis',(0.,0.,1.));
#6554=DIRECTION('',(0.,0.707106781186549,0.707106781186546));
#6555=DIRECTION('center_axis',(0.,-1.,0.));
#6556=DIRECTION('ref_axis',(0.,0.,1.));
#6557=DIRECTION('center_axis',(0.,1.,0.));
#6558=DIRECTION('ref_axis',(0.,0.,1.));
#6559=DIRECTION('center_axis',(0.,-0.707106781186548,0.707106781186547));
#6560=DIRECTION('ref_axis',(1.,0.,0.));
#6561=DIRECTION('',(-1.25607396694702E-14,0.707106781186547,0.707106781186548));
#6562=DIRECTION('',(-1.,0.,0.));
#6563=DIRECTION('',(1.,0.,0.));
#6564=DIRECTION('center_axis',(0.,1.,0.));
#6565=DIRECTION('ref_axis',(0.,0.,1.));
#6566=DIRECTION('',(0.707106781186546,0.707106781186549,0.));
#6567=DIRECTION('center_axis',(0.,-1.,0.));
#6568=DIRECTION('ref_axis',(0.,0.,1.));
#6569=DIRECTION('center_axis',(0.,1.,0.));
#6570=DIRECTION('ref_axis',(0.,0.,1.));
#6571=DIRECTION('center_axis',(0.707106781186548,-0.707106781186547,0.));
#6572=DIRECTION('ref_axis',(0.,0.,-1.));
#6573=DIRECTION('',(0.707106781186547,0.707106781186548,-1.57009245868378E-15));
#6574=DIRECTION('',(0.,0.,1.));
#6575=DIRECTION('',(0.,0.,-1.));
#6576=DIRECTION('center_axis',(0.,1.,0.));
#6577=DIRECTION('ref_axis',(0.,0.,-1.));
#6578=DIRECTION('center_axis',(0.,-1.,0.));
#6579=DIRECTION('ref_axis',(0.,0.,-1.));
#6580=DIRECTION('center_axis',(0.,1.,0.));
#6581=DIRECTION('ref_axis',(0.,0.,-1.));
#6582=DIRECTION('center_axis',(0.,-1.,0.));
#6583=DIRECTION('ref_axis',(0.,0.,-1.));
#6584=DIRECTION('',(0.,-1.,0.));
#6585=DIRECTION('center_axis',(0.,-1.,0.));
#6586=DIRECTION('ref_axis',(0.,0.,-1.));
#6587=DIRECTION('',(0.,-1.,0.));
#6588=DIRECTION('center_axis',(-1.,0.,0.));
#6589=DIRECTION('ref_axis',(0.,0.,1.));
#6590=DIRECTION('',(0.,-1.,0.));
#6591=DIRECTION('',(0.,0.,1.));
#6592=DIRECTION('center_axis',(0.,-1.,0.));
#6593=DIRECTION('ref_axis',(0.,0.,-1.));
#6594=DIRECTION('',(0.,-1.,0.));
#6595=DIRECTION('center_axis',(0.,-1.,0.));
#6596=DIRECTION('ref_axis',(0.,0.,-1.));
#6597=DIRECTION('center_axis',(0.,0.,1.));
#6598=DIRECTION('ref_axis',(1.,0.,0.));
#6599=DIRECTION('',(0.,-1.,0.));
#6600=DIRECTION('',(1.,0.,0.));
#6601=DIRECTION('center_axis',(0.,1.,0.));
#6602=DIRECTION('ref_axis',(0.,0.,1.));
#6603=DIRECTION('center_axis',(0.,-1.,0.));
#6604=DIRECTION('ref_axis',(0.,0.,-1.));
#6605=DIRECTION('',(0.,-1.,0.));
#6606=DIRECTION('center_axis',(0.,-1.,0.));
#6607=DIRECTION('ref_axis',(0.,0.,-1.));
#6608=DIRECTION('center_axis',(1.,0.,0.));
#6609=DIRECTION('ref_axis',(0.,0.,-1.));
#6610=DIRECTION('',(0.,-1.,0.));
#6611=DIRECTION('',(0.,0.,-1.));
#6612=DIRECTION('center_axis',(0.,-1.,0.));
#6613=DIRECTION('ref_axis',(0.,0.,-1.));
#6614=DIRECTION('',(0.,-1.,0.));
#6615=DIRECTION('center_axis',(0.,-1.,0.));
#6616=DIRECTION('ref_axis',(0.,0.,-1.));
#6617=DIRECTION('center_axis',(0.,0.,-1.));
#6618=DIRECTION('ref_axis',(-1.,0.,0.));
#6619=DIRECTION('',(-1.,0.,0.));
#6620=DIRECTION('center_axis',(1.00485917355761E-15,0.707106781186549,0.707106781186546));
#6621=DIRECTION('ref_axis',(1.,0.,-1.4210854715202E-15));
#6622=DIRECTION('',(-1.,0.,1.4210854715202E-15));
#6623=DIRECTION('',(0.,-0.707106781186546,0.707106781186549));
#6624=DIRECTION('',(1.,0.,-1.4210854715202E-15));
#6625=DIRECTION('center_axis',(0.,1.,0.));
#6626=DIRECTION('ref_axis',(0.,0.,-1.));
#6627=DIRECTION('',(0.707106781186549,-0.707106781186546,0.));
#6628=DIRECTION('center_axis',(0.,-1.,0.));
#6629=DIRECTION('ref_axis',(0.,0.,-1.));
#6630=DIRECTION('center_axis',(0.,1.,0.));
#6631=DIRECTION('ref_axis',(0.,0.,-1.));
#6632=DIRECTION('center_axis',(0.707106781186546,0.707106781186549,-1.6675464733607E-15));
#6633=DIRECTION('ref_axis',(-2.35826683851413E-15,0.,-1.));
#6634=DIRECTION('',(0.707106781186549,-0.707106781186546,-1.57009245868378E-15));
#6635=DIRECTION('',(-2.35826683851413E-15,0.,-1.));
#6636=DIRECTION('',(2.35826683851413E-15,0.,1.));
#6637=DIRECTION('center_axis',(0.,1.,0.));
#6638=DIRECTION('ref_axis',(-1.,0.,0.));
#6639=DIRECTION('',(0.,-0.707106781186548,-0.707106781186547));
#6640=DIRECTION('center_axis',(0.,-1.,0.));
#6641=DIRECTION('ref_axis',(-1.,0.,0.));
#6642=DIRECTION('center_axis',(0.,1.,0.));
#6643=DIRECTION('ref_axis',(-1.,0.,0.));
#6644=DIRECTION('center_axis',(-3.02054014537541E-16,0.707106781186549,
-0.707106781186546));
#6645=DIRECTION('ref_axis',(-1.,0.,4.27168883928231E-16));
#6646=DIRECTION('',(-1.,0.,4.27168883928231E-16));
#6647=DIRECTION('',(1.,0.,-4.27168883928231E-16));
#6648=DIRECTION('center_axis',(0.,1.,0.));
#6649=DIRECTION('ref_axis',(-1.,0.,0.));
#6650=DIRECTION('',(0.,-1.,0.));
#6651=DIRECTION('center_axis',(0.,-1.,0.));
#6652=DIRECTION('ref_axis',(0.,0.,-1.));
#6653=DIRECTION('',(0.,-1.,0.));
#6654=DIRECTION('center_axis',(-4.27168883928231E-16,0.,-1.));
#6655=DIRECTION('ref_axis',(-1.,0.,4.27168883928231E-16));
#6656=DIRECTION('',(0.,-1.,0.));
#6657=DIRECTION('',(1.,0.,0.));
#6658=DIRECTION('',(0.,-1.,0.));
#6659=DIRECTION('',(0.,-1.,0.));
#6660=DIRECTION('center_axis',(0.,1.,0.));
#6661=DIRECTION('ref_axis',(0.,0.,1.));
#6662=DIRECTION('',(-0.493175756212074,0.,-0.86992969456425));
#6663=DIRECTION('',(-1.,0.,4.00407997530039E-16));
#6664=DIRECTION('',(0.463663880292936,0.,0.886011177193436));
#6665=DIRECTION('center_axis',(0.,1.,0.));
#6666=DIRECTION('ref_axis',(-0.565008612014518,0.,-0.825085006741383));
#6667=DIRECTION('',(1.,0.,0.));
#6668=DIRECTION('',(6.53072367426563E-17,0.,-1.));
#6669=DIRECTION('',(-1.,0.,0.));
#6670=DIRECTION('',(-1.88229260943786E-14,0.,1.));
#6671=DIRECTION('center_axis',(0.,0.707106781186549,0.707106781186546));
#6672=DIRECTION('ref_axis',(1.,0.,0.));
#6673=DIRECTION('',(0.,-0.707106781186546,0.707106781186549));
#6674=DIRECTION('',(1.,0.,0.));
#6675=DIRECTION('',(0.,0.707106781186546,-0.707106781186549));
#6676=DIRECTION('center_axis',(-0.707106781186545,0.70710678118655,-4.61791899612874E-17));
#6677=DIRECTION('ref_axis',(-6.53072367426563E-17,0.,1.));
#6678=DIRECTION('',(-0.70710678118655,-0.707106781186545,0.));
#6679=DIRECTION('',(-6.53072367426563E-17,0.,1.));
#6680=DIRECTION('',(0.70710678118655,0.707106781186545,0.));
#6681=DIRECTION('',(0.707013949709248,-0.707106781186548,-0.0114575266322625));
#6682=DIRECTION('',(-0.00490495596414609,0.707106781194925,0.707089768979259));
#6683=DIRECTION('center_axis',(0.,0.707106781186549,-0.707106781186546));
#6684=DIRECTION('ref_axis',(-1.,0.,0.));
#6685=DIRECTION('',(-1.,0.,0.));
#6686=DIRECTION('',(0.,0.707106781186546,0.707106781186549));
#6687=DIRECTION('center_axis',(0.626504511600554,0.707106781186548,-0.327859873946403));
#6688=DIRECTION('ref_axis',(-0.463663880292936,0.,-0.886011177193436));
#6689=DIRECTION('',(-0.626618507980802,0.707106673841965,0.327642178701197));
#6690=DIRECTION('',(0.626504511600554,-0.707106781186547,-0.327859873946404));
#6691=DIRECTION('',(-0.463663880292936,0.,-0.886011177193436));
#6692=DIRECTION('',(-0.558058397041443,0.707106781180904,0.434247424286565));
#6693=DIRECTION('center_axis',(0.,1.,0.));
#6694=DIRECTION('ref_axis',(-0.565008612014518,0.,-0.825085006741383));
#6695=DIRECTION('center_axis',(0.,-1.,0.));
#6696=DIRECTION('ref_axis',(-0.565008612014518,0.,-0.825085006741383));
#6697=DIRECTION('',(-0.399521420984267,0.707106781186545,-0.583423203322182));
#6698=DIRECTION('',(-0.706953286902004,0.707106781186551,-0.0147326215741997));
#6699=DIRECTION('center_axis',(2.83131210294816E-16,0.707106781186549,0.707106781186546));
#6700=DIRECTION('ref_axis',(1.,0.,-4.00407997530039E-16));
#6701=DIRECTION('',(0.,-0.707106781186546,0.707106781186549));
#6702=DIRECTION('',(1.,0.,-4.00407997530039E-16));
#6703=DIRECTION('',(0.,0.707106781186545,-0.70710678118655));
#6704=DIRECTION('',(0.590599444195517,0.707106781186547,-0.388834536166668));
#6705=DIRECTION('',(0.707106781186549,-0.707106781186546,1.33457858988121E-14));
#6706=DIRECTION('',(0.615735943672437,0.707106781178459,-0.347662548574407));
#6707=DIRECTION('center_axis',(-0.615133186181922,0.707106781186548,0.348727921534361));
#6708=DIRECTION('ref_axis',(0.493175756212074,0.,0.86992969456425));
#6709=DIRECTION('',(0.493175756212074,0.,0.86992969456425));
#6710=DIRECTION('',(0.615133186181924,0.707106781186547,-0.348727921534362));
#6711=DIRECTION('center_axis',(0.707106781186546,0.707106781186549,1.33098186831083E-14));
#6712=DIRECTION('ref_axis',(1.88229260943786E-14,0.,-1.));
#6713=DIRECTION('',(0.707106781186549,-0.707106781186546,1.4130832128154E-14));
#6714=DIRECTION('',(1.88229260943786E-14,0.,-1.));
#6715=DIRECTION('center_axis',(0.,-1.,0.));
#6716=DIRECTION('ref_axis',(-0.86992969456425,0.,0.493175756212075));
#6717=DIRECTION('center_axis',(0.,1.,0.));
#6718=DIRECTION('ref_axis',(-0.86992969456425,0.,0.493175756212075));
#6719=DIRECTION('center_axis',(0.,-1.,0.));
#6720=DIRECTION('ref_axis',(0.,0.,1.));
#6721=DIRECTION('center_axis',(0.,1.,0.));
#6722=DIRECTION('ref_axis',(0.,0.,1.));
#6723=DIRECTION('center_axis',(0.,-1.,0.));
#6724=DIRECTION('ref_axis',(0.999782926301055,0.,0.0208350732396055));
#6725=DIRECTION('center_axis',(0.,1.,0.));
#6726=DIRECTION('ref_axis',(0.999782926301055,0.,0.0208350732396055));
#6727=DIRECTION('center_axis',(0.,-1.,0.));
#6728=DIRECTION('ref_axis',(0.,0.,-1.));
#6729=DIRECTION('center_axis',(0.,1.,0.));
#6730=DIRECTION('ref_axis',(0.,0.,-1.));
#6731=DIRECTION('center_axis',(0.,-1.,0.));
#6732=DIRECTION('ref_axis',(-1.,0.,-2.22044604925031E-15));
#6733=DIRECTION('center_axis',(0.,1.,0.));
#6734=DIRECTION('ref_axis',(-1.,0.,-2.22044604925031E-15));
#6735=DIRECTION('center_axis',(0.,-1.,0.));
#6736=DIRECTION('ref_axis',(4.44089209850061E-15,0.,1.));
#6737=DIRECTION('center_axis',(0.,1.,0.));
#6738=DIRECTION('ref_axis',(4.44089209850061E-15,0.,1.));
#6739=DIRECTION('',(0.,-1.,0.));
#6740=DIRECTION('',(0.,-1.,0.));
#6741=DIRECTION('center_axis',(0.,1.,0.));
#6742=DIRECTION('ref_axis',(-0.565008612014518,0.,-0.825085006741383));
#6743=DIRECTION('',(0.,-1.,0.));
#6744=DIRECTION('center_axis',(0.,-1.,0.));
#6745=DIRECTION('ref_axis',(0.,0.,-1.));
#6746=DIRECTION('',(0.,-1.,0.));
#6747=DIRECTION('center_axis',(0.886011177193436,0.,-0.463663880292936));
#6748=DIRECTION('ref_axis',(-0.463663880292936,0.,-0.886011177193436));
#6749=DIRECTION('',(0.,-1.,0.));
#6750=DIRECTION('',(0.463663880292936,0.,0.886011177193436));
#6751=DIRECTION('center_axis',(0.,1.,0.));
#6752=DIRECTION('ref_axis',(0.,0.,1.));
#6753=DIRECTION('',(0.,-1.,0.));
#6754=DIRECTION('center_axis',(0.,-1.,0.));
#6755=DIRECTION('ref_axis',(0.,0.,-1.));
#6756=DIRECTION('center_axis',(4.00407997530039E-16,0.,1.));
#6757=DIRECTION('ref_axis',(1.,0.,-4.00407997530039E-16));
#6758=DIRECTION('',(0.,-1.,0.));
#6759=DIRECTION('',(-1.,0.,0.));
#6760=DIRECTION('center_axis',(0.,1.,0.));
#6761=DIRECTION('ref_axis',(-0.86992969456425,0.,0.493175756212075));
#6762=DIRECTION('',(0.,-1.,0.));
#6763=DIRECTION('center_axis',(0.,-1.,0.));
#6764=DIRECTION('ref_axis',(0.,0.,-1.));
#6765=DIRECTION('center_axis',(-0.86992969456425,0.,0.493175756212074));
#6766=DIRECTION('ref_axis',(0.493175756212074,0.,0.86992969456425));
#6767=DIRECTION('',(0.,-1.,0.));
#6768=DIRECTION('',(-0.493175756212074,0.,-0.86992969456425));
#6769=DIRECTION('',(0.706844175341828,-0.707106781186546,-0.0192694521285286));
#6770=DIRECTION('center_axis',(-0.205974833986837,0.707106781186548,0.676442434922658));
#6771=DIRECTION('ref_axis',(0.956634065632303,0.,0.291292403731732));
#6772=DIRECTION('',(0.205974833986837,0.707106781186547,-0.676442434922659));
#6773=DIRECTION('',(-0.956634065632303,0.,-0.291292403731732));
#6774=DIRECTION('',(-0.205974833986837,-0.707106781186547,0.676442434922659));
#6775=DIRECTION('',(0.956634065632303,0.,0.291292403731732));
#6776=DIRECTION('',(-0.225838373863809,-0.707106781186535,0.670072405707449));
#6777=DIRECTION('',(-0.1290907556302,-0.707106781186546,0.695223400649623));
#6778=DIRECTION('',(-0.140171466297794,-0.707106781186549,0.693074281759123));
#6779=DIRECTION('center_axis',(0.,1.,0.));
#6780=DIRECTION('ref_axis',(-1.,0.,0.));
#6781=DIRECTION('center_axis',(0.,1.,0.));
#6782=DIRECTION('ref_axis',(-1.,0.,0.));
#6783=DIRECTION('',(0.11426596533755,-0.707106781184394,-0.697813219399377));
#6784=DIRECTION('center_axis',(0.,-1.,0.));
#6785=DIRECTION('ref_axis',(-1.,0.,0.));
#6786=DIRECTION('center_axis',(0.,-1.,0.));
#6787=DIRECTION('ref_axis',(0.161596477897525,0.,-0.986856918874826));
#6788=DIRECTION('center_axis',(0.,-1.,0.));
#6789=DIRECTION('ref_axis',(0.161596477897525,0.,-0.986856918874826));
#6790=DIRECTION('center_axis',(0.,-1.,0.));
#6791=DIRECTION('ref_axis',(0.161596477897525,0.,-0.986856918874826));
#6792=DIRECTION('',(0.0125429866579713,-0.707106781186543,0.706995525789028));
#6793=DIRECTION('',(-0.706810279154991,0.707106781186545,-0.020475089275677));
#6794=DIRECTION('center_axis',(0.,-1.,0.));
#6795=DIRECTION('ref_axis',(0.999580682805701,0.,0.0289561489443662));
#6796=DIRECTION('center_axis',(0.,1.,0.));
#6797=DIRECTION('ref_axis',(0.999580682805701,0.,0.0289561489443662));
#6798=DIRECTION('',(-0.693369505476023,-0.70710678114523,0.138703745206706));
#6799=DIRECTION('',(0.0147655509369962,0.707106781186546,-0.706952599900113));
#6800=DIRECTION('center_axis',(0.,-1.,0.));
#6801=DIRECTION('ref_axis',(-0.0208816423910595,0.,0.999781954733657));
#6802=DIRECTION('center_axis',(0.,1.,0.));
#6803=DIRECTION('ref_axis',(-0.0208816423910595,0.,0.999781954733657));
#6804=DIRECTION('center_axis',(-0.272985425317958,0.707106781186551,-0.652287480765934));
#6805=DIRECTION('ref_axis',(-0.922473801865368,0.,0.386059690814846));
#6806=DIRECTION('',(-0.272985425317961,-0.707106781186546,-0.652287480765938));
#6807=DIRECTION('',(-0.922473801865368,0.,0.386059690814846));
#6808=DIRECTION('',(0.272985425317961,0.707106781186546,0.652287480765938));
#6809=DIRECTION('',(0.922473801865368,0.,-0.386059690814846));
#6810=DIRECTION('center_axis',(0.,-1.,0.));
#6811=DIRECTION('ref_axis',(-0.386059690814858,0.,-0.922473801865363));
#6812=DIRECTION('center_axis',(0.,1.,0.));
#6813=DIRECTION('ref_axis',(-0.386059690814858,0.,-0.922473801865363));
#6814=DIRECTION('center_axis',(0.268207055938082,0.70710678118655,-0.654266746170874));
#6815=DIRECTION('ref_axis',(-0.925272905844569,0.,-0.379302056031796));
#6816=DIRECTION('',(0.268207055937699,-0.707106781187561,-0.654266746169938));
#6817=DIRECTION('',(-0.925272905844569,0.,-0.379302056031796));
#6818=DIRECTION('',(-0.268207055937699,0.707106781187562,0.654266746169937));
#6819=DIRECTION('',(0.925272905844569,0.,0.379302056031796));
#6820=DIRECTION('center_axis',(0.,-1.,0.));
#6821=DIRECTION('ref_axis',(0.693727678794116,0.,-0.72023739674841));
#6822=DIRECTION('',(0.490539545972147,-0.707106781186548,-0.509284747304923));
#6823=DIRECTION('center_axis',(0.,1.,0.));
#6824=DIRECTION('ref_axis',(0.693727678794117,0.,-0.72023739674841));
#6825=DIRECTION('center_axis',(0.,-1.,0.));
#6826=DIRECTION('ref_axis',(0.693727678794116,0.,-0.72023739674841));
#6827=DIRECTION('',(0.017248877154431,-0.707106781186547,-0.706896368810105));
#6828=DIRECTION('center_axis',(0.,1.,0.));
#6829=DIRECTION('ref_axis',(-0.0243935960074903,0.,0.999702431963544));
#6830=DIRECTION('',(-0.0111758500505794,-0.707106781186546,-0.707018458299109));
#6831=DIRECTION('center_axis',(0.,-1.,0.));
#6832=DIRECTION('ref_axis',(-0.0243935960074903,0.,0.999702431963544));
#6833=DIRECTION('center_axis',(0.,1.,0.));
#6834=DIRECTION('ref_axis',(-0.0243935960074903,0.,0.999702431963544));
#6835=DIRECTION('',(-0.706652867150305,-0.707106781186542,-0.0253322985191068));
#6836=DIRECTION('center_axis',(0.,1.,0.));
#6837=DIRECTION('ref_axis',(0.999358068613801,0.,0.0358252801313997));
#6838=DIRECTION('',(-0.706869667939593,-0.707106781186552,0.0183104491196455));
#6839=DIRECTION('center_axis',(0.,-1.,0.));
#6840=DIRECTION('ref_axis',(0.999358068613801,0.,0.0358252801313997));
#6841=DIRECTION('center_axis',(0.,1.,0.));
#6842=DIRECTION('ref_axis',(0.999358068613801,0.,0.0358252801313997));
#6843=DIRECTION('',(-0.191441732222685,-0.70710678118513,0.680698217395625));
#6844=DIRECTION('',(-0.706673423221811,-0.707106781186543,0.0247522304444056));
#6845=DIRECTION('center_axis',(0.,-1.,0.));
#6846=DIRECTION('ref_axis',(0.379302056031794,0.,-0.92527290584457));
#6847=DIRECTION('center_axis',(0.,1.,0.));
#6848=DIRECTION('ref_axis',(0.379302056031794,0.,-0.92527290584457));
#6849=DIRECTION('',(-0.0138132156468297,-0.707106781186547,-0.706971848855027));
#6850=DIRECTION('',(0.706599285971448,0.707106781186546,0.0267852396786554));
#6851=DIRECTION('center_axis',(0.,-1.,0.));
#6852=DIRECTION('ref_axis',(-0.999282293383972,0.,-0.0378800492247591));
#6853=DIRECTION('center_axis',(0.,1.,0.));
#6854=DIRECTION('ref_axis',(-0.999282293383972,0.,-0.0378800492247591));
#6855=DIRECTION('',(0.680473647727623,-0.707106781186547,-0.192238432027169));
#6856=DIRECTION('',(-0.0121807777258799,0.707106781186547,0.707001859017353));
#6857=DIRECTION('center_axis',(0.,-1.,0.));
#6858=DIRECTION('ref_axis',(0.0172262210602843,0.,-0.999851617645329));
#6859=DIRECTION('center_axis',(0.,1.,0.));
#6860=DIRECTION('ref_axis',(0.0172262210602843,0.,-0.999851617645329));
#6861=DIRECTION('center_axis',(0.540978436739916,0.707106781186548,0.455348581838613));
#6862=DIRECTION('ref_axis',(0.643960140043522,0.,-0.765059042188985));
#6863=DIRECTION('',(0.540978436739917,-0.707106781186547,0.455348581838613));
#6864=DIRECTION('',(0.643960140043522,0.,-0.765059042188986));
#6865=DIRECTION('',(-0.540978436739914,0.707106781186551,-0.455348581838612));
#6866=DIRECTION('',(-0.643960140043522,0.,0.765059042188986));
#6867=DIRECTION('center_axis',(0.,-1.,0.));
#6868=DIRECTION('ref_axis',(0.765059042188999,0.,0.643960140043506));
#6869=DIRECTION('center_axis',(0.,1.,0.));
#6870=DIRECTION('ref_axis',(0.765059042188999,0.,0.643960140043506));
#6871=DIRECTION('center_axis',(0.,-1.,0.));
#6872=DIRECTION('ref_axis',(0.765059042188985,0.,0.643960140043523));
#6873=DIRECTION('center_axis',(0.,1.,0.));
#6874=DIRECTION('ref_axis',(0.765059042188985,0.,0.643960140043523));
#6875=DIRECTION('center_axis',(0.,1.,0.));
#6876=DIRECTION('ref_axis',(0.379302056031794,0.,-0.92527290584457));
#6877=DIRECTION('',(4.16456992348191E-13,-1.,-1.74305014866112E-13));
#6878=DIRECTION('center_axis',(0.,-1.,0.));
#6879=DIRECTION('ref_axis',(0.,0.,-1.));
#6880=DIRECTION('',(-4.16456992348192E-13,1.,1.74305014866112E-13));
#6881=DIRECTION('center_axis',(0.379302056031796,0.,-0.925272905844569));
#6882=DIRECTION('ref_axis',(-0.925272905844569,0.,-0.379302056031796));
#6883=DIRECTION('',(-1.21384384025739E-13,1.,2.95566040778122E-13));
#6884=DIRECTION('',(0.925272905844569,0.,0.379302056031795));
#6885=DIRECTION('center_axis',(0.,1.,0.));
#6886=DIRECTION('ref_axis',(0.693727678794117,0.,-0.72023739674841));
#6887=DIRECTION('',(0.,-1.,0.));
#6888=DIRECTION('center_axis',(0.,-1.,0.));
#6889=DIRECTION('ref_axis',(0.,0.,-1.));
#6890=DIRECTION('',(0.,-1.,0.));
#6891=DIRECTION('center_axis',(0.,1.,0.));
#6892=DIRECTION('ref_axis',(-0.0243935960074903,0.,0.999702431963544));
#6893=DIRECTION('',(0.,-1.,0.));
#6894=DIRECTION('center_axis',(0.,-1.,0.));
#6895=DIRECTION('ref_axis',(0.,0.,-1.));
#6896=DIRECTION('',(0.,-1.,0.));
#6897=DIRECTION('center_axis',(0.,1.,0.));
#6898=DIRECTION('ref_axis',(0.999358068613801,0.,0.0358252801313997));
#6899=DIRECTION('',(0.,-1.,0.));
#6900=DIRECTION('center_axis',(0.,-1.,0.));
#6901=DIRECTION('ref_axis',(0.,0.,-1.));
#6902=DIRECTION('',(0.,-1.,0.));
#6903=DIRECTION('',(0.,-1.,0.));
#6904=DIRECTION('center_axis',(0.,1.,0.));
#6905=DIRECTION('ref_axis',(-0.999282293383972,0.,-0.0378800492247591));
#6906=DIRECTION('',(0.,-1.,0.));
#6907=DIRECTION('center_axis',(0.,-1.,0.));
#6908=DIRECTION('ref_axis',(0.,0.,-1.));
#6909=DIRECTION('',(0.,-1.,0.));
#6910=DIRECTION('center_axis',(0.,1.,0.));
#6911=DIRECTION('ref_axis',(0.0172262210602843,0.,-0.999851617645329));
#6912=DIRECTION('',(0.,-1.,0.));
#6913=DIRECTION('center_axis',(0.,-1.,0.));
#6914=DIRECTION('ref_axis',(0.,0.,-1.));
#6915=DIRECTION('',(0.,-1.,0.));
#6916=DIRECTION('center_axis',(0.,1.,0.));
#6917=DIRECTION('ref_axis',(0.765059042188999,0.,0.643960140043506));
#6918=DIRECTION('',(0.,-1.,0.));
#6919=DIRECTION('center_axis',(0.,-1.,0.));
#6920=DIRECTION('ref_axis',(0.,0.,-1.));
#6921=DIRECTION('center_axis',(0.765059042188986,0.,0.643960140043522));
#6922=DIRECTION('ref_axis',(0.643960140043522,0.,-0.765059042188986));
#6923=DIRECTION('',(0.,1.,0.));
#6924=DIRECTION('',(-0.643960140043505,0.,0.765059042189));
#6925=DIRECTION('center_axis',(0.,1.,0.));
#6926=DIRECTION('ref_axis',(0.,0.,1.));
#6927=DIRECTION('center_axis',(0.291292403731732,0.,-0.956634065632303));
#6928=DIRECTION('ref_axis',(0.956634065632303,0.,0.291292403731732));
#6929=DIRECTION('',(0.956634065632303,0.,0.291292403731732));
#6930=DIRECTION('',(0.,-1.,0.));
#6931=DIRECTION('center_axis',(0.,-1.,0.));
#6932=DIRECTION('ref_axis',(0.765059042188985,0.,0.643960140043523));
#6933=DIRECTION('center_axis',(0.,-1.,0.));
#6934=DIRECTION('ref_axis',(0.765059042188985,0.,0.643960140043523));
#6935=DIRECTION('center_axis',(0.,-1.,0.));
#6936=DIRECTION('ref_axis',(0.161596477897525,0.,-0.986856918874826));
#6937=DIRECTION('center_axis',(0.,-1.,0.));
#6938=DIRECTION('ref_axis',(0.161596477897525,0.,-0.986856918874826));
#6939=DIRECTION('',(0.,1.,0.));
#6940=DIRECTION('',(0.,-1.,0.));
#6941=DIRECTION('center_axis',(0.,-1.,0.));
#6942=DIRECTION('ref_axis',(-1.,0.,0.));
#6943=DIRECTION('center_axis',(0.,-1.,0.));
#6944=DIRECTION('ref_axis',(-1.,0.,0.));
#6945=DIRECTION('center_axis',(0.,-1.,0.));
#6946=DIRECTION('ref_axis',(0.,0.,-1.));
#6947=DIRECTION('center_axis',(0.,-1.,0.));
#6948=DIRECTION('ref_axis',(0.,0.,-1.));
#6949=DIRECTION('',(-1.,0.,0.));
#6950=DIRECTION('center_axis',(0.,-1.,0.));
#6951=DIRECTION('ref_axis',(0.,0.,-1.));
#6952=DIRECTION('',(0.,0.,1.));
#6953=DIRECTION('center_axis',(0.,-1.,0.));
#6954=DIRECTION('ref_axis',(0.,0.,-1.));
#6955=DIRECTION('',(1.,0.,0.));
#6956=DIRECTION('center_axis',(0.,-1.,0.));
#6957=DIRECTION('ref_axis',(0.,0.,-1.));
#6958=DIRECTION('',(0.,0.,-1.));
#6959=DIRECTION('',(0.,0.,1.));
#6960=DIRECTION('center_axis',(0.,-1.,0.));
#6961=DIRECTION('ref_axis',(0.,0.,-1.));
#6962=DIRECTION('',(-1.,0.,0.));
#6963=DIRECTION('center_axis',(0.,-1.,0.));
#6964=DIRECTION('ref_axis',(0.,0.,-1.));
#6965=DIRECTION('',(0.,0.,-1.));
#6966=DIRECTION('center_axis',(0.,-1.,0.));
#6967=DIRECTION('ref_axis',(0.,0.,-1.));
#6968=DIRECTION('',(1.,0.,0.));
#6969=DIRECTION('center_axis',(0.,-1.,0.));
#6970=DIRECTION('ref_axis',(0.,0.,-1.));
#6971=DIRECTION('center_axis',(0.,-1.,0.));
#6972=DIRECTION('ref_axis',(0.,0.,-1.));
#6973=DIRECTION('center_axis',(0.,-1.,0.));
#6974=DIRECTION('ref_axis',(0.,0.,-1.));
#6975=DIRECTION('center_axis',(0.,-1.,0.));
#6976=DIRECTION('ref_axis',(0.,0.,-1.));
#6977=DIRECTION('',(-0.922473801865366,0.,0.386059690814851));
#6978=DIRECTION('',(-1.,0.,0.));
#6979=DIRECTION('center_axis',(0.,-1.,0.));
#6980=DIRECTION('ref_axis',(0.,0.,-1.));
#6981=DIRECTION('',(0.,0.,-1.));
#6982=DIRECTION('center_axis',(0.,-1.,0.));
#6983=DIRECTION('ref_axis',(0.,0.,-1.));
#6984=DIRECTION('',(0.330213912129401,0.,-0.943906124694716));
#6985=DIRECTION('center_axis',(0.,-1.,0.));
#6986=DIRECTION('ref_axis',(0.,0.,-1.));
#6987=DIRECTION('',(1.,0.,0.));
#6988=DIRECTION('center_axis',(0.,-1.,0.));
#6989=DIRECTION('ref_axis',(0.,0.,-1.));
#6990=DIRECTION('',(0.330213912129402,0.,0.943906124694716));
#6991=DIRECTION('center_axis',(0.,-1.,0.));
#6992=DIRECTION('ref_axis',(0.,0.,-1.));
#6993=DIRECTION('',(0.,0.,1.));
#6994=DIRECTION('center_axis',(0.,-1.,0.));
#6995=DIRECTION('ref_axis',(0.,0.,-1.));
#6996=DIRECTION('',(-1.,0.,0.));
#6997=DIRECTION('center_axis',(0.,-1.,0.));
#6998=DIRECTION('ref_axis',(0.,0.,-1.));
#6999=DIRECTION('',(-0.319622270204293,0.,-0.94754504082363));
#7000=DIRECTION('center_axis',(0.,-1.,0.));
#7001=DIRECTION('ref_axis',(0.,0.,-1.));
#7002=DIRECTION('',(-1.,0.,0.));
#7003=DIRECTION('center_axis',(0.,-1.,0.));
#7004=DIRECTION('ref_axis',(0.,0.,-1.));
#7005=DIRECTION('',(-0.318840008786309,0.,0.947808550709027));
#7006=DIRECTION('center_axis',(0.,-1.,0.));
#7007=DIRECTION('ref_axis',(0.,0.,-1.));
#7008=DIRECTION('',(1.,0.,0.));
#7009=DIRECTION('center_axis',(0.,-1.,0.));
#7010=DIRECTION('ref_axis',(0.,0.,-1.));
#7011=DIRECTION('',(0.,0.,1.));
#7012=DIRECTION('center_axis',(0.,-1.,0.));
#7013=DIRECTION('ref_axis',(0.,0.,-1.));
#7014=DIRECTION('',(1.,0.,0.));
#7015=DIRECTION('center_axis',(0.,-1.,0.));
#7016=DIRECTION('ref_axis',(0.,0.,-1.));
#7017=DIRECTION('',(0.,0.,1.));
#7018=DIRECTION('center_axis',(0.,-1.,0.));
#7019=DIRECTION('ref_axis',(0.,0.,-1.));
#7020=DIRECTION('',(-1.,0.,0.));
#7021=DIRECTION('center_axis',(0.,-1.,0.));
#7022=DIRECTION('ref_axis',(0.,0.,-1.));
#7023=DIRECTION('',(0.,0.,-1.));
#7024=DIRECTION('center_axis',(0.,-1.,0.));
#7025=DIRECTION('ref_axis',(0.,0.,-1.));
#7026=DIRECTION('',(-0.318840008786307,0.,0.947808550709028));
#7027=DIRECTION('center_axis',(0.,-1.,0.));
#7028=DIRECTION('ref_axis',(0.,0.,-1.));
#7029=DIRECTION('',(-1.,0.,0.));
#7030=DIRECTION('center_axis',(0.,-1.,0.));
#7031=DIRECTION('ref_axis',(0.,0.,-1.));
#7032=DIRECTION('',(0.,0.,-1.));
#7033=DIRECTION('center_axis',(0.,-1.,0.));
#7034=DIRECTION('ref_axis',(0.,0.,-1.));
#7035=DIRECTION('',(0.330213912129401,0.,-0.943906124694716));
#7036=DIRECTION('center_axis',(0.,-1.,0.));
#7037=DIRECTION('ref_axis',(0.,0.,-1.));
#7038=DIRECTION('',(1.,0.,0.));
#7039=DIRECTION('center_axis',(0.,-1.,0.));
#7040=DIRECTION('ref_axis',(0.,0.,-1.));
#7041=DIRECTION('',(0.330213912129401,0.,0.943906124694716));
#7042=DIRECTION('center_axis',(0.,-1.,0.));
#7043=DIRECTION('ref_axis',(0.,0.,-1.));
#7044=DIRECTION('',(0.,0.,1.));
#7045=DIRECTION('center_axis',(0.,-1.,0.));
#7046=DIRECTION('ref_axis',(0.,0.,-1.));
#7047=DIRECTION('',(-1.,0.,0.));
#7048=DIRECTION('center_axis',(0.,-1.,0.));
#7049=DIRECTION('ref_axis',(0.,0.,-1.));
#7050=DIRECTION('',(-0.319622270204293,0.,-0.94754504082363));
#7051=DIRECTION('center_axis',(0.,-1.,0.));
#7052=DIRECTION('ref_axis',(0.,0.,-1.));
#7053=DIRECTION('',(-1.,0.,0.));
#7054=DIRECTION('center_axis',(0.,-1.,0.));
#7055=DIRECTION('ref_axis',(0.,0.,-1.));
#7056=DIRECTION('',(0.,0.,1.));
#7057=DIRECTION('center_axis',(0.,-1.,0.));
#7058=DIRECTION('ref_axis',(0.,0.,-1.));
#7059=DIRECTION('',(-1.,0.,0.));
#7060=DIRECTION('center_axis',(0.,-1.,0.));
#7061=DIRECTION('ref_axis',(0.,0.,-1.));
#7062=DIRECTION('',(0.,0.,1.));
#7063=DIRECTION('center_axis',(0.,-1.,0.));
#7064=DIRECTION('ref_axis',(0.,0.,-1.));
#7065=DIRECTION('',(1.,0.,0.));
#7066=DIRECTION('center_axis',(0.,-1.,0.));
#7067=DIRECTION('ref_axis',(0.,0.,-1.));
#7068=DIRECTION('',(0.,0.,1.));
#7069=DIRECTION('center_axis',(0.,-1.,0.));
#7070=DIRECTION('ref_axis',(0.,0.,-1.));
#7071=DIRECTION('',(-1.,0.,0.));
#7072=DIRECTION('center_axis',(0.,-1.,0.));
#7073=DIRECTION('ref_axis',(0.,0.,-1.));
#7074=DIRECTION('',(0.,0.,-1.));
#7075=DIRECTION('center_axis',(0.,-1.,0.));
#7076=DIRECTION('ref_axis',(0.,0.,-1.));
#7077=DIRECTION('',(1.,0.,0.));
#7078=DIRECTION('center_axis',(0.,-1.,0.));
#7079=DIRECTION('ref_axis',(0.,0.,-1.));
#7080=DIRECTION('',(0.,0.,1.));
#7081=DIRECTION('center_axis',(0.,-1.,0.));
#7082=DIRECTION('ref_axis',(0.,0.,-1.));
#7083=DIRECTION('',(-1.,0.,0.));
#7084=DIRECTION('center_axis',(0.,-1.,0.));
#7085=DIRECTION('ref_axis',(0.,0.,-1.));
#7086=DIRECTION('',(0.,0.,1.));
#7087=DIRECTION('center_axis',(0.,-1.,0.));
#7088=DIRECTION('ref_axis',(0.,0.,-1.));
#7089=DIRECTION('',(1.,0.,0.));
#7090=DIRECTION('center_axis',(0.,-1.,0.));
#7091=DIRECTION('ref_axis',(0.,0.,-1.));
#7092=DIRECTION('',(1.,0.,0.));
#7093=DIRECTION('center_axis',(0.,-1.,0.));
#7094=DIRECTION('ref_axis',(0.,0.,-1.));
#7095=DIRECTION('',(0.512981139578148,0.,0.858399877933999));
#7096=DIRECTION('center_axis',(0.,-1.,0.));
#7097=DIRECTION('ref_axis',(0.,0.,-1.));
#7098=DIRECTION('',(0.512981139578144,0.,-0.858399877934001));
#7099=DIRECTION('center_axis',(0.,-1.,0.));
#7100=DIRECTION('ref_axis',(0.,0.,-1.));
#7101=DIRECTION('',(1.,0.,0.));
#7102=DIRECTION('center_axis',(0.,-1.,0.));
#7103=DIRECTION('ref_axis',(0.,0.,-1.));
#7104=DIRECTION('',(-0.512834335408752,0.,0.858487591305701));
#7105=DIRECTION('center_axis',(0.,-1.,0.));
#7106=DIRECTION('ref_axis',(0.,0.,-1.));
#7107=DIRECTION('',(0.512874427015091,0.,0.858463640531119));
#7108=DIRECTION('center_axis',(0.,-1.,0.));
#7109=DIRECTION('ref_axis',(0.,0.,-1.));
#7110=DIRECTION('',(-1.,0.,0.));
#7111=DIRECTION('center_axis',(0.,-1.,0.));
#7112=DIRECTION('ref_axis',(0.,0.,-1.));
#7113=DIRECTION('',(-0.513022908580488,0.,-0.858374915332232));
#7114=DIRECTION('center_axis',(0.,-1.,0.));
#7115=DIRECTION('ref_axis',(0.,0.,-1.));
#7116=DIRECTION('',(-0.513022908580487,0.,0.858374915332232));
#7117=DIRECTION('center_axis',(0.,-1.,0.));
#7118=DIRECTION('ref_axis',(0.,0.,-1.));
#7119=DIRECTION('',(-1.,0.,0.));
#7120=DIRECTION('center_axis',(0.,-1.,0.));
#7121=DIRECTION('ref_axis',(0.,0.,-1.));
#7122=DIRECTION('',(0.513120436626152,0.,-0.858316618455327));
#7123=DIRECTION('center_axis',(0.,-1.,0.));
#7124=DIRECTION('ref_axis',(0.,0.,-1.));
#7125=DIRECTION('',(-0.513102697269115,0.,-0.858327223181905));
#7126=DIRECTION('center_axis',(0.,-1.,0.));
#7127=DIRECTION('ref_axis',(0.,0.,-1.));
#7128=DIRECTION('center_axis',(0.,0.,1.));
#7129=DIRECTION('ref_axis',(1.,0.,0.));
#7130=DIRECTION('',(0.,-1.,0.));
#7131=DIRECTION('',(-1.,0.,0.));
#7132=DIRECTION('',(0.,-1.,0.));
#7133=DIRECTION('center_axis',(1.,0.,0.));
#7134=DIRECTION('ref_axis',(0.,0.,-1.));
#7135=DIRECTION('',(0.,-1.,0.));
#7136=DIRECTION('',(0.,0.,1.));
#7137=DIRECTION('',(0.,-1.,0.));
#7138=DIRECTION('center_axis',(0.,0.,-1.));
#7139=DIRECTION('ref_axis',(-1.,0.,0.));
#7140=DIRECTION('',(0.,-1.,0.));
#7141=DIRECTION('',(1.,0.,0.));
#7142=DIRECTION('',(0.,-1.,0.));
#7143=DIRECTION('center_axis',(1.,0.,0.));
#7144=DIRECTION('ref_axis',(0.,0.,-1.));
#7145=DIRECTION('',(0.,-1.,0.));
#7146=DIRECTION('',(0.,0.,1.));
#7147=DIRECTION('',(0.,-1.,0.));
#7148=DIRECTION('center_axis',(0.,0.,-1.));
#7149=DIRECTION('ref_axis',(-1.,0.,0.));
#7150=DIRECTION('',(0.,-1.,0.));
#7151=DIRECTION('',(1.,0.,0.));
#7152=DIRECTION('',(0.,-1.,0.));
#7153=DIRECTION('center_axis',(-1.,0.,0.));
#7154=DIRECTION('ref_axis',(0.,0.,1.));
#7155=DIRECTION('',(0.,-1.,0.));
#7156=DIRECTION('',(0.,0.,-1.));
#7157=DIRECTION('',(0.,-1.,0.));
#7158=DIRECTION('center_axis',(0.,-1.,0.));
#7159=DIRECTION('ref_axis',(0.,0.,-1.));
#7160=DIRECTION('',(-1.,0.,0.));
#7161=DIRECTION('center_axis',(0.,-1.,0.));
#7162=DIRECTION('ref_axis',(0.,0.,-1.));
#7163=DIRECTION('',(0.,0.,-1.));
#7164=DIRECTION('',(-1.,0.,0.));
#7165=DIRECTION('',(0.,0.,1.));
#7166=DIRECTION('',(1.,0.,0.));
#7167=DIRECTION('',(0.,0.,-1.));
#7168=DIRECTION('center_axis',(0.,-1.,0.));
#7169=DIRECTION('ref_axis',(0.,0.,-1.));
#7170=DIRECTION('center_axis',(0.,-1.,0.));
#7171=DIRECTION('ref_axis',(0.,0.,-1.));
#7172=DIRECTION('',(0.,0.,1.));
#7173=DIRECTION('',(1.,0.,0.));
#7174=DIRECTION('',(0.31884000878631,0.,-0.947808550709027));
#7175=DIRECTION('center_axis',(0.,-1.,0.));
#7176=DIRECTION('ref_axis',(0.,0.,-1.));
#7177=DIRECTION('',(1.,0.,0.));
#7178=DIRECTION('center_axis',(0.,-1.,0.));
#7179=DIRECTION('ref_axis',(0.,0.,-1.));
#7180=DIRECTION('',(0.319622270204295,0.,0.947545040823629));
#7181=DIRECTION('',(1.,0.,0.));
#7182=DIRECTION('',(0.,0.,-1.));
#7183=DIRECTION('center_axis',(0.,-1.,0.));
#7184=DIRECTION('ref_axis',(0.,0.,-1.));
#7185=DIRECTION('',(-0.330213912129401,0.,-0.943906124694716));
#7186=DIRECTION('',(-1.,0.,0.));
#7187=DIRECTION('',(-0.330213912129401,0.,0.943906124694716));
#7188=DIRECTION('',(0.318228824006425,0.,-0.948013932161067));
#7189=DIRECTION('center_axis',(0.,-1.,0.));
#7190=DIRECTION('ref_axis',(0.,0.,-1.));
#7191=DIRECTION('',(0.3186900043809,0.,0.947858998537073));
#7192=DIRECTION('center_axis',(0.,-1.,0.));
#7193=DIRECTION('ref_axis',(0.,0.,-1.));
#7194=DIRECTION('',(-1.,0.,0.));
#7195=DIRECTION('center_axis',(0.,-1.,0.));
#7196=DIRECTION('ref_axis',(0.,0.,-1.));
#7197=DIRECTION('center_axis',(0.943906124694716,0.,-0.330213912129401));
#7198=DIRECTION('ref_axis',(-0.330213912129401,0.,-0.943906124694716));
#7199=DIRECTION('',(0.,-1.,0.));
#7200=DIRECTION('',(0.330213912129401,0.,0.943906124694716));
#7201=DIRECTION('',(2.76322175017817E-14,1.,8.06762064560947E-14));
#7202=DIRECTION('center_axis',(0.,0.,-1.));
#7203=DIRECTION('ref_axis',(-1.,0.,0.));
#7204=DIRECTION('',(0.,-1.,0.));
#7205=DIRECTION('',(1.,0.,0.));
#7206=DIRECTION('',(0.,-1.,0.));
#7207=DIRECTION('center_axis',(-0.943906124694716,0.,-0.330213912129401));
#7208=DIRECTION('ref_axis',(-0.330213912129401,0.,0.943906124694716));
#7209=DIRECTION('',(-2.76322175017817E-14,-1.,8.07995645699419E-14));
#7210=DIRECTION('',(0.330213912129401,0.,-0.943906124694716));
#7211=DIRECTION('',(0.,-1.,0.));
#7212=DIRECTION('center_axis',(0.,0.,1.));
#7213=DIRECTION('ref_axis',(1.,0.,0.));
#7214=DIRECTION('',(0.,-1.,0.));
#7215=DIRECTION('',(-1.,0.,0.));
#7216=DIRECTION('',(2.76322175017817E-14,1.,0.));
#7217=DIRECTION('center_axis',(0.947808550709027,0.,0.318840008786309));
#7218=DIRECTION('ref_axis',(0.318840008786309,0.,-0.947808550709027));
#7219=DIRECTION('',(0.,-1.,0.));
#7220=DIRECTION('',(-0.318840008786307,0.,0.947808550709028));
#7221=DIRECTION('',(0.,-1.,0.));
#7222=DIRECTION('center_axis',(0.,0.,1.));
#7223=DIRECTION('ref_axis',(1.,0.,0.));
#7224=DIRECTION('',(0.,-1.,0.));
#7225=DIRECTION('',(-1.,0.,0.));
#7226=DIRECTION('',(0.,-1.,0.));
#7227=DIRECTION('center_axis',(-0.94754504082363,0.,0.319622270204293));
#7228=DIRECTION('ref_axis',(0.319622270204293,0.,0.947545040823629));
#7229=DIRECTION('',(0.,-1.,0.));
#7230=DIRECTION('',(-0.319622270204293,0.,-0.94754504082363));
#7231=DIRECTION('',(0.,-1.,0.));
#7232=DIRECTION('center_axis',(0.,0.,1.));
#7233=DIRECTION('ref_axis',(1.,0.,0.));
#7234=DIRECTION('',(2.76322175017817E-14,1.,0.));
#7235=DIRECTION('',(-1.,0.,0.));
#7236=DIRECTION('',(0.,-1.,0.));
#7237=DIRECTION('',(0.,-1.,0.));
#7238=DIRECTION('',(0.,-1.,0.));
#7239=DIRECTION('',(0.,-1.,0.));
#7240=DIRECTION('',(0.,-1.,0.));
#7241=DIRECTION('',(0.,-1.,0.));
#7242=DIRECTION('center_axis',(0.,0.,1.));
#7243=DIRECTION('ref_axis',(1.,0.,0.));
#7244=DIRECTION('',(0.,-1.,0.));
#7245=DIRECTION('',(-1.,0.,0.));
#7246=DIRECTION('',(0.,-1.,0.));
#7247=DIRECTION('center_axis',(1.,0.,0.));
#7248=DIRECTION('ref_axis',(0.,0.,-1.));
#7249=DIRECTION('',(0.,-1.,0.));
#7250=DIRECTION('',(0.,0.,1.));
#7251=DIRECTION('',(0.,-1.,0.));
#7252=DIRECTION('center_axis',(0.,0.,-1.));
#7253=DIRECTION('ref_axis',(-1.,0.,0.));
#7254=DIRECTION('',(0.,-1.,0.));
#7255=DIRECTION('',(1.,0.,0.));
#7256=DIRECTION('',(0.,-1.,0.));
#7257=DIRECTION('center_axis',(1.,0.,0.));
#7258=DIRECTION('ref_axis',(0.,0.,-1.));
#7259=DIRECTION('',(0.,-1.,0.));
#7260=DIRECTION('',(0.,0.,1.));
#7261=DIRECTION('',(0.,-1.,0.));
#7262=DIRECTION('center_axis',(0.,0.,1.));
#7263=DIRECTION('ref_axis',(1.,0.,0.));
#7264=DIRECTION('',(0.,-1.,0.));
#7265=DIRECTION('',(-1.,0.,0.));
#7266=DIRECTION('',(0.,-1.,0.));
#7267=DIRECTION('center_axis',(1.,0.,0.));
#7268=DIRECTION('ref_axis',(0.,0.,-1.));
#7269=DIRECTION('',(0.,-1.,0.));
#7270=DIRECTION('',(0.,0.,1.));
#7271=DIRECTION('',(0.,-1.,0.));
#7272=DIRECTION('center_axis',(0.,0.,-1.));
#7273=DIRECTION('ref_axis',(-1.,0.,0.));
#7274=DIRECTION('',(0.,-1.,0.));
#7275=DIRECTION('',(1.,0.,0.));
#7276=DIRECTION('',(0.,-1.,0.));
#7277=DIRECTION('center_axis',(1.,0.,0.));
#7278=DIRECTION('ref_axis',(0.,0.,-1.));
#7279=DIRECTION('',(0.,-1.,0.));
#7280=DIRECTION('',(0.,0.,1.));
#7281=DIRECTION('',(0.,-1.,0.));
#7282=DIRECTION('center_axis',(0.,0.,1.));
#7283=DIRECTION('ref_axis',(1.,0.,0.));
#7284=DIRECTION('',(0.,-1.,0.));
#7285=DIRECTION('',(-1.,0.,0.));
#7286=DIRECTION('',(0.,-1.,0.));
#7287=DIRECTION('center_axis',(1.,0.,0.));
#7288=DIRECTION('ref_axis',(0.,0.,-1.));
#7289=DIRECTION('',(0.,-1.,0.));
#7290=DIRECTION('',(0.,0.,1.));
#7291=DIRECTION('',(0.,-1.,0.));
#7292=DIRECTION('center_axis',(0.,0.,-1.));
#7293=DIRECTION('ref_axis',(-1.,0.,0.));
#7294=DIRECTION('',(0.,-1.,0.));
#7295=DIRECTION('',(1.,0.,0.));
#7296=DIRECTION('',(0.,-1.,0.));
#7297=DIRECTION('center_axis',(-1.,0.,0.));
#7298=DIRECTION('ref_axis',(0.,0.,1.));
#7299=DIRECTION('',(0.,-1.,0.));
#7300=DIRECTION('',(0.,0.,-1.));
#7301=DIRECTION('',(0.,-1.,0.));
#7302=DIRECTION('center_axis',(0.,-1.,0.));
#7303=DIRECTION('ref_axis',(0.,0.,-1.));
#7304=DIRECTION('',(0.,0.,-1.));
#7305=DIRECTION('center_axis',(0.,-1.,0.));
#7306=DIRECTION('ref_axis',(0.,0.,-1.));
#7307=DIRECTION('',(1.,0.,0.));
#7308=DIRECTION('',(0.,0.,-1.));
#7309=DIRECTION('',(-1.,0.,0.));
#7310=DIRECTION('center_axis',(0.,-1.,0.));
#7311=DIRECTION('ref_axis',(0.,0.,-1.));
#7312=DIRECTION('',(0.,0.,-1.));
#7313=DIRECTION('center_axis',(0.,-1.,0.));
#7314=DIRECTION('ref_axis',(0.,0.,-1.));
#7315=DIRECTION('',(1.,0.,0.));
#7316=DIRECTION('',(0.,0.,-1.));
#7317=DIRECTION('',(-1.,0.,0.));
#7318=DIRECTION('',(0.,0.,1.));
#7319=DIRECTION('',(1.,0.,0.));
#7320=DIRECTION('',(0.,0.,-1.));
#7321=DIRECTION('',(-1.,0.,0.));
#7322=DIRECTION('center_axis',(0.,-1.,0.));
#7323=DIRECTION('ref_axis',(0.,0.,-1.));
#7324=DIRECTION('center_axis',(0.,0.,1.));
#7325=DIRECTION('ref_axis',(1.,0.,0.));
#7326=DIRECTION('',(0.,-1.,0.));
#7327=DIRECTION('',(0.,-1.,0.));
#7328=DIRECTION('center_axis',(1.,0.,1.88229260943786E-14));
#7329=DIRECTION('ref_axis',(1.88229260943786E-14,0.,-1.));
#7330=DIRECTION('',(0.,-1.,0.));
#7331=DIRECTION('',(0.,-1.,0.));
#7332=DIRECTION('',(0.,-1.,0.));
#7333=DIRECTION('center_axis',(0.,0.,-1.));
#7334=DIRECTION('ref_axis',(-1.,0.,0.));
#7335=DIRECTION('',(0.,-1.,0.));
#7336=DIRECTION('center_axis',(-1.,0.,-6.53072367426563E-17));
#7337=DIRECTION('ref_axis',(-6.53072367426563E-17,0.,1.));
#7338=DIRECTION('',(0.,-1.,0.));
#7339=DIRECTION('',(0.,-1.,0.));
#7340=DIRECTION('center_axis',(1.,0.,-2.35826683851413E-15));
#7341=DIRECTION('ref_axis',(-2.35826683851413E-15,0.,-1.));
#7342=DIRECTION('',(0.,0.,1.));
#7343=DIRECTION('',(0.,-1.,0.));
#7344=DIRECTION('',(0.,-1.,0.));
#7345=DIRECTION('center_axis',(1.4210854715202E-15,0.,1.));
#7346=DIRECTION('ref_axis',(1.,0.,-1.4210854715202E-15));
#7347=DIRECTION('',(0.,-1.,0.));
#7348=DIRECTION('',(-1.,0.,0.));
#7349=DIRECTION('center_axis',(0.,-1.,0.));
#7350=DIRECTION('ref_axis',(0.,0.,-1.));
#7351=DIRECTION('center_axis',(0.,-1.,0.));
#7352=DIRECTION('ref_axis',(0.,0.,-1.));
#7353=DIRECTION('center_axis',(0.,-1.,0.));
#7354=DIRECTION('ref_axis',(0.,0.,-1.));
#7355=DIRECTION('',(-0.330213912129401,0.,0.943906124694716));
#7356=DIRECTION('center_axis',(0.,-1.,0.));
#7357=DIRECTION('ref_axis',(0.,0.,-1.));
#7358=DIRECTION('',(0.,0.,1.));
#7359=DIRECTION('',(1.,0.,0.));
#7360=DIRECTION('',(0.318840008786309,0.,-0.947808550709027));
#7361=DIRECTION('center_axis',(0.,-1.,0.));
#7362=DIRECTION('ref_axis',(0.,0.,-1.));
#7363=DIRECTION('',(1.,0.,0.));
#7364=DIRECTION('center_axis',(0.,-1.,0.));
#7365=DIRECTION('ref_axis',(0.,0.,-1.));
#7366=DIRECTION('',(0.319622270204295,0.,0.947545040823629));
#7367=DIRECTION('',(1.,0.,0.));
#7368=DIRECTION('',(0.,0.,-1.));
#7369=DIRECTION('center_axis',(0.,-1.,0.));
#7370=DIRECTION('ref_axis',(0.,0.,-1.));
#7371=DIRECTION('',(-0.330213912129401,0.,-0.943906124694716));
#7372=DIRECTION('',(-1.,0.,0.));
#7373=DIRECTION('',(0.318228824006423,0.,-0.948013932161068));
#7374=DIRECTION('center_axis',(0.,-1.,0.));
#7375=DIRECTION('ref_axis',(0.,0.,-1.));
#7376=DIRECTION('',(0.3186900043809,0.,0.947858998537072));
#7377=DIRECTION('center_axis',(0.,-1.,0.));
#7378=DIRECTION('ref_axis',(0.,0.,-1.));
#7379=DIRECTION('',(-1.,0.,0.));
#7380=DIRECTION('center_axis',(0.,-1.,0.));
#7381=DIRECTION('ref_axis',(0.,0.,-1.));
#7382=DIRECTION('center_axis',(0.943906124694716,0.,-0.330213912129401));
#7383=DIRECTION('ref_axis',(-0.330213912129401,0.,-0.943906124694716));
#7384=DIRECTION('',(0.,-1.,0.));
#7385=DIRECTION('',(0.330213912129401,0.,0.943906124694716));
#7386=DIRECTION('',(2.76322175016161E-14,1.,8.07995645694578E-14));
#7387=DIRECTION('center_axis',(0.,0.,-1.));
#7388=DIRECTION('ref_axis',(-1.,0.,0.));
#7389=DIRECTION('',(0.,-1.,0.));
#7390=DIRECTION('',(1.,0.,0.));
#7391=DIRECTION('',(0.,-1.,0.));
#7392=DIRECTION('center_axis',(-0.943906124694716,0.,-0.330213912129401));
#7393=DIRECTION('ref_axis',(-0.330213912129401,0.,0.943906124694716));
#7394=DIRECTION('',(-2.76322175016161E-14,-1.,8.07995645694577E-14));
#7395=DIRECTION('',(0.330213912129401,0.,-0.943906124694716));
#7396=DIRECTION('',(0.,-1.,0.));
#7397=DIRECTION('center_axis',(0.,0.,1.));
#7398=DIRECTION('ref_axis',(1.,0.,0.));
#7399=DIRECTION('',(0.,-1.,0.));
#7400=DIRECTION('',(-1.,0.,0.));
#7401=DIRECTION('',(2.86190824123881E-14,1.,0.));
#7402=DIRECTION('center_axis',(0.947808550709027,0.,0.318840008786309));
#7403=DIRECTION('ref_axis',(0.318840008786309,0.,-0.947808550709027));
#7404=DIRECTION('',(0.,-1.,0.));
#7405=DIRECTION('',(-0.318840008786309,0.,0.947808550709027));
#7406=DIRECTION('',(0.,-1.,0.));
#7407=DIRECTION('center_axis',(0.,0.,1.));
#7408=DIRECTION('ref_axis',(1.,0.,0.));
#7409=DIRECTION('',(0.,-1.,0.));
#7410=DIRECTION('',(-1.,0.,0.));
#7411=DIRECTION('',(0.,-1.,0.));
#7412=DIRECTION('center_axis',(-0.947545040823629,0.,0.319622270204295));
#7413=DIRECTION('ref_axis',(0.319622270204295,0.,0.947545040823629));
#7414=DIRECTION('',(0.,-1.,0.));
#7415=DIRECTION('',(-0.319622270204293,0.,-0.94754504082363));
#7416=DIRECTION('',(0.,-1.,0.));
#7417=DIRECTION('center_axis',(0.,0.,1.));
#7418=DIRECTION('ref_axis',(1.,0.,0.));
#7419=DIRECTION('',(2.76322175016161E-14,1.,0.));
#7420=DIRECTION('',(-1.,0.,0.));
#7421=DIRECTION('',(0.,-1.,0.));
#7422=DIRECTION('center_axis',(0.,0.,1.));
#7423=DIRECTION('ref_axis',(1.,0.,0.));
#7424=DIRECTION('',(0.,-1.,0.));
#7425=DIRECTION('',(-1.,0.,0.));
#7426=DIRECTION('',(0.,-1.,0.));
#7427=DIRECTION('center_axis',(0.858374915332232,0.,0.513022908580488));
#7428=DIRECTION('ref_axis',(0.513022908580488,0.,-0.858374915332232));
#7429=DIRECTION('',(0.,-1.,0.));
#7430=DIRECTION('',(-0.513022908580487,0.,0.858374915332232));
#7431=DIRECTION('',(0.,-1.,0.));
#7432=DIRECTION('center_axis',(-0.858374915332232,0.,0.513022908580488));
#7433=DIRECTION('ref_axis',(0.513022908580488,0.,0.858374915332232));
#7434=DIRECTION('',(0.,-1.,0.));
#7435=DIRECTION('',(-0.513022908580488,0.,-0.858374915332232));
#7436=DIRECTION('',(0.,-1.,0.));
#7437=DIRECTION('center_axis',(0.,0.,1.));
#7438=DIRECTION('ref_axis',(1.,0.,0.));
#7439=DIRECTION('',(0.,-1.,0.));
#7440=DIRECTION('',(-1.,0.,0.));
#7441=DIRECTION('',(0.,-1.,0.));
#7442=DIRECTION('center_axis',(0.858463640531119,0.,-0.512874427015091));
#7443=DIRECTION('ref_axis',(-0.512874427015091,0.,-0.858463640531119));
#7444=DIRECTION('',(0.,-1.,0.));
#7445=DIRECTION('',(0.51287442701509,0.,0.858463640531119));
#7446=DIRECTION('',(0.,-1.,0.));
#7447=DIRECTION('center_axis',(0.858487591305701,0.,0.512834335408752));
#7448=DIRECTION('ref_axis',(0.512834335408751,0.,-0.858487591305701));
#7449=DIRECTION('',(0.,-1.,0.));
#7450=DIRECTION('',(-0.512834335408752,0.,0.858487591305701));
#7451=DIRECTION('',(0.,-1.,0.));
#7452=DIRECTION('center_axis',(0.,0.,-1.));
#7453=DIRECTION('ref_axis',(-1.,0.,0.));
#7454=DIRECTION('',(0.,-1.,0.));
#7455=DIRECTION('',(1.,0.,0.));
#7456=DIRECTION('',(0.,-1.,0.));
#7457=DIRECTION('center_axis',(-0.858399877934,0.,-0.512981139578146));
#7458=DIRECTION('ref_axis',(-0.512981139578146,0.,0.858399877934));
#7459=DIRECTION('',(0.,-1.,0.));
#7460=DIRECTION('',(0.512981139578144,0.,-0.858399877934001));
#7461=DIRECTION('',(0.,-1.,0.));
#7462=DIRECTION('center_axis',(0.858399877934,0.,-0.512981139578147));
#7463=DIRECTION('ref_axis',(-0.512981139578147,0.,-0.858399877934));
#7464=DIRECTION('',(0.,-1.,0.));
#7465=DIRECTION('',(0.512981139578148,0.,0.858399877933999));
#7466=DIRECTION('',(0.,-1.,0.));
#7467=DIRECTION('center_axis',(0.,0.,-1.));
#7468=DIRECTION('ref_axis',(-1.,0.,0.));
#7469=DIRECTION('',(0.,-1.,0.));
#7470=DIRECTION('',(1.,0.,0.));
#7471=DIRECTION('',(0.,-1.,0.));
#7472=DIRECTION('center_axis',(-0.858327223181905,0.,0.513102697269115));
#7473=DIRECTION('ref_axis',(0.513102697269115,0.,0.858327223181905));
#7474=DIRECTION('',(0.,-1.,0.));
#7475=DIRECTION('',(-0.513102697269115,0.,-0.858327223181905));
#7476=DIRECTION('',(0.,-1.,0.));
#7477=DIRECTION('center_axis',(-0.858316618455327,0.,-0.513120436626152));
#7478=DIRECTION('ref_axis',(-0.513120436626152,0.,0.858316618455327));
#7479=DIRECTION('',(0.,-1.,0.));
#7480=DIRECTION('',(0.513120436626152,0.,-0.858316618455327));
#7481=DIRECTION('',(0.,-1.,0.));
#7482=DIRECTION('center_axis',(0.,1.,0.));
#7483=DIRECTION('ref_axis',(0.,0.,1.));
#7484=DIRECTION('',(-0.512981139578142,0.,0.858399877934003));
#7485=DIRECTION('center_axis',(0.,1.,0.));
#7486=DIRECTION('ref_axis',(0.,0.,1.));
#7487=DIRECTION('',(-0.512981139578146,0.,-0.858399877934));
#7488=DIRECTION('',(-1.,0.,0.));
#7489=DIRECTION('',(0.513102697269114,0.,0.858327223181905));
#7490=DIRECTION('center_axis',(0.,1.,0.));
#7491=DIRECTION('ref_axis',(0.,0.,1.));
#7492=DIRECTION('',(-0.513120436626152,0.,0.858316618455327));
#7493=DIRECTION('',(1.,0.,0.));
#7494=DIRECTION('',(0.513022908580489,0.,-0.858374915332231));
#7495=DIRECTION('center_axis',(0.,1.,0.));
#7496=DIRECTION('ref_axis',(0.,0.,1.));
#7497=DIRECTION('',(0.513022908580487,0.,0.858374915332232));
#7498=DIRECTION('',(1.,0.,0.));
#7499=DIRECTION('',(-0.512874427015091,0.,-0.858463640531119));
#7500=DIRECTION('center_axis',(0.,1.,0.));
#7501=DIRECTION('ref_axis',(0.,0.,1.));
#7502=DIRECTION('',(0.512834335408751,0.,-0.858487591305701));
#7503=DIRECTION('',(-1.,0.,0.));
#7504=DIRECTION('center_axis',(0.,0.,1.));
#7505=DIRECTION('ref_axis',(1.,0.,0.));
#7506=DIRECTION('',(0.,1.,0.));
#7507=DIRECTION('',(1.,0.,0.));
#7508=DIRECTION('',(0.,1.,0.));
#7509=DIRECTION('',(1.,0.,0.));
#7510=DIRECTION('center_axis',(0.947858998537073,0.,-0.318690004380899));
#7511=DIRECTION('ref_axis',(-0.318690004380899,0.,-0.947858998537073));
#7512=DIRECTION('',(0.,1.,0.));
#7513=DIRECTION('',(-0.3186900043809,0.,-0.947858998537072));
#7514=DIRECTION('',(0.,1.,0.));
#7515=DIRECTION('',(-0.3186900043809,0.,-0.947858998537072));
#7516=DIRECTION('center_axis',(-0.948013932161068,0.,-0.318228824006423));
#7517=DIRECTION('ref_axis',(-0.318228824006423,0.,0.948013932161068));
#7518=DIRECTION('',(0.,1.,0.));
#7519=DIRECTION('',(-0.318228824006421,0.,0.948013932161068));
#7520=DIRECTION('',(0.,1.,0.));
#7521=DIRECTION('',(-0.318228824006422,0.,0.948013932161068));
#7522=DIRECTION('center_axis',(0.,0.,1.));
#7523=DIRECTION('ref_axis',(1.,0.,0.));
#7524=DIRECTION('',(0.,1.,0.));
#7525=DIRECTION('',(1.,0.,0.));
#7526=DIRECTION('',(0.,1.,0.));
#7527=DIRECTION('',(1.,0.,0.));
#7528=DIRECTION('center_axis',(0.947858998537073,0.,-0.318690004380899));
#7529=DIRECTION('ref_axis',(-0.318690004380899,0.,-0.947858998537073));
#7530=DIRECTION('',(0.,1.,0.));
#7531=DIRECTION('',(-0.318690004380899,0.,-0.947858998537073));
#7532=DIRECTION('',(0.,1.,0.));
#7533=DIRECTION('',(-0.318690004380899,0.,-0.947858998537073));
#7534=DIRECTION('center_axis',(-0.948013932161067,0.,-0.318228824006423));
#7535=DIRECTION('ref_axis',(-0.318228824006423,0.,0.948013932161068));
#7536=DIRECTION('',(0.,1.,0.));
#7537=DIRECTION('',(-0.318228824006425,0.,0.948013932161067));
#7538=DIRECTION('',(0.,1.,0.));
#7539=DIRECTION('',(-0.318228824006425,0.,0.948013932161067));
#7540=DIRECTION('center_axis',(0.,-1.,0.));
#7541=DIRECTION('ref_axis',(0.,0.,-1.));
#7542=DIRECTION('center_axis',(0.,-1.,0.));
#7543=DIRECTION('ref_axis',(0.,0.,-1.));
#7544=DIRECTION('center_axis',(0.,-1.,0.));
#7545=DIRECTION('ref_axis',(0.,0.,-1.));
#7546=DIRECTION('center_axis',(0.,-1.,0.));
#7547=DIRECTION('ref_axis',(0.,0.,-1.));
#7548=DIRECTION('center_axis',(0.,-1.,0.));
#7549=DIRECTION('ref_axis',(0.,0.,-1.));
#7550=DIRECTION('center_axis',(0.,-1.,0.));
#7551=DIRECTION('ref_axis',(0.,0.,-1.));
#7552=DIRECTION('center_axis',(0.,-1.,0.));
#7553=DIRECTION('ref_axis',(0.,0.,-1.));
#7554=DIRECTION('center_axis',(0.,-1.,0.));
#7555=DIRECTION('ref_axis',(0.,0.,-1.));
#7556=DIRECTION('center_axis',(0.,1.,0.));
#7557=DIRECTION('ref_axis',(0.,0.,1.));
#7558=DIRECTION('center_axis',(0.,-1.,0.));
#7559=DIRECTION('ref_axis',(0.,0.,-1.));
#7560=DIRECTION('center_axis',(0.,1.,0.));
#7561=DIRECTION('ref_axis',(0.,0.,1.));
#7562=DIRECTION('center_axis',(0.,-1.,0.));
#7563=DIRECTION('ref_axis',(0.,0.,-1.));
#7564=DIRECTION('center_axis',(0.,1.,0.));
#7565=DIRECTION('ref_axis',(0.,0.,1.));
#7566=DIRECTION('center_axis',(0.,-1.,0.));
#7567=DIRECTION('ref_axis',(0.,0.,-1.));
#7568=DIRECTION('center_axis',(0.,1.,0.));
#7569=DIRECTION('ref_axis',(0.,0.,1.));
#7570=DIRECTION('center_axis',(0.,-1.,0.));
#7571=DIRECTION('ref_axis',(0.,0.,-1.));
#7572=DIRECTION('center_axis',(0.,1.,0.));
#7573=DIRECTION('ref_axis',(0.,0.,1.));
#7574=DIRECTION('center_axis',(0.,1.,0.));
#7575=DIRECTION('ref_axis',(0.,0.,1.));
#7576=DIRECTION('center_axis',(0.,1.,0.));
#7577=DIRECTION('ref_axis',(0.,0.,1.));
#7578=DIRECTION('center_axis',(0.,1.,0.));
#7579=DIRECTION('ref_axis',(0.,0.,1.));
#7580=DIRECTION('center_axis',(0.,1.,0.));
#7581=DIRECTION('ref_axis',(0.,0.,1.));
#7582=DIRECTION('center_axis',(0.,1.,0.));
#7583=DIRECTION('ref_axis',(0.,0.,1.));
#7584=DIRECTION('center_axis',(0.,1.,0.));
#7585=DIRECTION('ref_axis',(-3.21624529935327E-16,0.,-1.));
#7586=DIRECTION('center_axis',(0.,1.,0.));
#7587=DIRECTION('ref_axis',(0.,0.,1.));
#7588=DIRECTION('center_axis',(0.,1.,0.));
#7589=DIRECTION('ref_axis',(0.,0.,1.));
#7590=DIRECTION('center_axis',(0.,-1.,0.));
#7591=DIRECTION('ref_axis',(0.,0.,-1.));
#7592=DIRECTION('center_axis',(0.,1.,0.));
#7593=DIRECTION('ref_axis',(0.,0.,1.));
#7594=DIRECTION('center_axis',(0.,-1.,0.));
#7595=DIRECTION('ref_axis',(0.,0.,-1.));
#7596=DIRECTION('center_axis',(0.,1.,0.));
#7597=DIRECTION('ref_axis',(0.,0.,1.));
#7598=DIRECTION('center_axis',(0.,-1.,0.));
#7599=DIRECTION('ref_axis',(0.,0.,-1.));
#7600=DIRECTION('center_axis',(0.,1.,0.));
#7601=DIRECTION('ref_axis',(0.,0.,1.));
#7602=DIRECTION('center_axis',(0.,-1.,0.));
#7603=DIRECTION('ref_axis',(0.,0.,-1.));
#7604=DIRECTION('center_axis',(0.,1.,0.));
#7605=DIRECTION('ref_axis',(0.,0.,1.));
#7606=DIRECTION('center_axis',(0.,-1.,0.));
#7607=DIRECTION('ref_axis',(0.,0.,-1.));
#7608=DIRECTION('center_axis',(0.,1.,0.));
#7609=DIRECTION('ref_axis',(0.,0.,-1.));
#7610=DIRECTION('center_axis',(0.,-1.,0.));
#7611=DIRECTION('ref_axis',(0.,0.,-1.));
#7612=DIRECTION('center_axis',(0.,-1.,0.));
#7613=DIRECTION('ref_axis',(0.,0.,-1.));
#7614=DIRECTION('center_axis',(0.,-1.,0.));
#7615=DIRECTION('ref_axis',(0.,0.,-1.));
#7616=DIRECTION('center_axis',(0.,-1.,0.));
#7617=DIRECTION('ref_axis',(0.,0.,-1.));
#7618=DIRECTION('center_axis',(0.,-1.,0.));
#7619=DIRECTION('ref_axis',(0.,0.,-1.));
#7620=DIRECTION('center_axis',(0.,-1.,0.));
#7621=DIRECTION('ref_axis',(0.,0.,-1.));
#7622=DIRECTION('center_axis',(0.,-1.,0.));
#7623=DIRECTION('ref_axis',(0.,0.,-1.));
#7624=DIRECTION('center_axis',(0.,-1.,0.));
#7625=DIRECTION('ref_axis',(0.,0.,-1.));
#7626=DIRECTION('center_axis',(0.,-1.,0.));
#7627=DIRECTION('ref_axis',(0.,0.,-1.));
#7628=DIRECTION('center_axis',(0.,-1.,0.));
#7629=DIRECTION('ref_axis',(0.,0.,-1.));
#7630=DIRECTION('center_axis',(0.,-1.,0.));
#7631=DIRECTION('ref_axis',(0.,0.,-1.));
#7632=DIRECTION('center_axis',(0.,-1.,0.));
#7633=DIRECTION('ref_axis',(0.,0.,-1.));
#7634=DIRECTION('center_axis',(-0.386059690814846,0.,-0.922473801865368));
#7635=DIRECTION('ref_axis',(-0.922473801865368,0.,0.386059690814846));
#7636=DIRECTION('',(0.,1.,0.));
#7637=DIRECTION('center_axis',(-1.,2.82749549818656E-14,-4.77176634908412E-26));
#7638=DIRECTION('ref_axis',(-4.77176634908411E-26,0.,1.));
#7639=DIRECTION('',(2.76322175016162E-14,1.,8.09229226833046E-14));
#7640=DIRECTION('',(0.,0.,1.));
#7641=DIRECTION('',(2.76322175016161E-14,1.,0.));
#7642=DIRECTION('center_axis',(1.,-2.82749549818656E-14,4.7746741896381E-26));
#7643=DIRECTION('ref_axis',(4.7746741896381E-26,0.,-1.));
#7644=DIRECTION('',(2.8619082412388E-14,1.,0.));
#7645=DIRECTION('',(0.,0.,-1.));
#7646=DIRECTION('',(-2.8619082412388E-14,-1.,8.0922922683304E-14));
#7647=DIRECTION('center_axis',(-1.,2.82749549818656E-14,-4.77176634908412E-26));
#7648=DIRECTION('ref_axis',(-4.77176634908411E-26,0.,1.));
#7649=DIRECTION('',(2.76322175017818E-14,1.,8.09229226837895E-14));
#7650=DIRECTION('',(0.,0.,1.));
#7651=DIRECTION('',(2.76322175017817E-14,1.,0.));
#7652=DIRECTION('center_axis',(1.,-2.82749549818656E-14,4.77176634908412E-26));
#7653=DIRECTION('ref_axis',(4.77176634908411E-26,0.,-1.));
#7654=DIRECTION('',(2.76322175017816E-14,1.,0.));
#7655=DIRECTION('',(0.,0.,-1.));
#7656=DIRECTION('',(-2.76322175017801E-14,-1.,8.09229226837844E-14));
#7657=DIRECTION('center_axis',(2.82749549818656E-14,1.,-8.08230731732214E-14));
#7658=DIRECTION('ref_axis',(0.,8.08230731732214E-14,1.));
#7659=DIRECTION('center_axis',(-2.77555756156297E-14,-1.,7.97972798949353E-14));
#7660=DIRECTION('ref_axis',(0.,-7.97972798949353E-14,-1.));
#7661=DIRECTION('center_axis',(-2.82749549818656E-14,-1.,-8.08230731732213E-14));
#7662=DIRECTION('ref_axis',(0.,8.08230731732213E-14,-1.));
#7663=DIRECTION('center_axis',(-2.77555756156289E-14,-1.,-7.97972798949331E-14));
#7664=DIRECTION('ref_axis',(0.,7.97972798949331E-14,-1.));
#7665=DIRECTION('center_axis',(2.82749549818656E-14,1.,-8.08230731732214E-14));
#7666=DIRECTION('ref_axis',(0.,8.08230731732214E-14,1.));
#7667=DIRECTION('center_axis',(-2.77555756171265E-14,-1.,7.97972798992387E-14));
#7668=DIRECTION('ref_axis',(0.,-7.97972798992387E-14,-1.));
#7669=DIRECTION('center_axis',(-2.82749549818656E-14,-1.,-8.08230731732214E-14));
#7670=DIRECTION('ref_axis',(0.,8.08230731732214E-14,-1.));
#7671=DIRECTION('center_axis',(-2.77555756171257E-14,-1.,-7.97972798992364E-14));
#7672=DIRECTION('ref_axis',(0.,7.97972798992364E-14,-1.));
#7673=DIRECTION('center_axis',(0.,-1.,0.));
#7674=DIRECTION('ref_axis',(0.,0.,-1.));
#7675=DIRECTION('center_axis',(0.,1.,0.));
#7676=DIRECTION('ref_axis',(0.,0.,1.));
#7677=DIRECTION('center_axis',(0.,-1.,0.));
#7678=DIRECTION('ref_axis',(0.,0.,-1.));
#7679=DIRECTION('center_axis',(0.,1.,0.));
#7680=DIRECTION('ref_axis',(0.,0.,1.));
#7681=DIRECTION('center_axis',(0.,-1.,0.));
#7682=DIRECTION('ref_axis',(0.,0.,-1.));
#7683=DIRECTION('center_axis',(0.,1.,0.));
#7684=DIRECTION('ref_axis',(0.,0.,1.));
#7685=DIRECTION('center_axis',(0.,-1.,0.));
#7686=DIRECTION('ref_axis',(0.,0.,-1.));
#7687=DIRECTION('center_axis',(0.,1.,0.));
#7688=DIRECTION('ref_axis',(0.,0.,1.));
#7689=DIRECTION('center_axis',(0.,-1.,0.));
#7690=DIRECTION('ref_axis',(0.,0.,-1.));
#7691=DIRECTION('center_axis',(0.,1.,0.));
#7692=DIRECTION('ref_axis',(0.,0.,1.));
#7693=DIRECTION('center_axis',(0.,-1.,0.));
#7694=DIRECTION('ref_axis',(0.,0.,-1.));
#7695=DIRECTION('center_axis',(0.,1.,0.));
#7696=DIRECTION('ref_axis',(0.,0.,1.));
#7697=DIRECTION('center_axis',(0.,-1.,0.));
#7698=DIRECTION('ref_axis',(0.,0.,-1.));
#7699=DIRECTION('center_axis',(0.,1.,0.));
#7700=DIRECTION('ref_axis',(0.,0.,1.));
#7701=DIRECTION('center_axis',(0.,-1.,0.));
#7702=DIRECTION('ref_axis',(0.,0.,-1.));
#7703=DIRECTION('center_axis',(0.,1.,0.));
#7704=DIRECTION('ref_axis',(0.,0.,1.));
#7705=DIRECTION('center_axis',(0.,-1.,0.));
#7706=DIRECTION('ref_axis',(0.,0.,-1.));
#7707=DIRECTION('center_axis',(0.,-1.,0.));
#7708=DIRECTION('ref_axis',(0.,0.,-1.));
#7709=DIRECTION('center_axis',(0.,-1.,0.));
#7710=DIRECTION('ref_axis',(0.,0.,-1.));
#7711=DIRECTION('center_axis',(0.,-1.,0.));
#7712=DIRECTION('ref_axis',(0.,0.,-1.));
#7713=DIRECTION('center_axis',(0.,-1.,0.));
#7714=DIRECTION('ref_axis',(0.,0.,-1.));
#7715=DIRECTION('center_axis',(0.,-1.,0.));
#7716=DIRECTION('ref_axis',(0.,0.,-1.));
#7717=DIRECTION('center_axis',(0.,-1.,0.));
#7718=DIRECTION('ref_axis',(0.,0.,-1.));
#7719=DIRECTION('center_axis',(0.,-1.,0.));
#7720=DIRECTION('ref_axis',(0.,0.,-1.));
#7721=DIRECTION('center_axis',(0.,-1.,0.));
#7722=DIRECTION('ref_axis',(0.,0.,-1.));
#7723=DIRECTION('center_axis',(0.,-1.,0.));
#7724=DIRECTION('ref_axis',(0.,0.,-1.));
#7725=DIRECTION('center_axis',(0.,-1.,0.));
#7726=DIRECTION('ref_axis',(0.,0.,-1.));
#7727=DIRECTION('center_axis',(0.,-1.,0.));
#7728=DIRECTION('ref_axis',(0.,0.,-1.));
#7729=DIRECTION('center_axis',(0.,-1.,0.));
#7730=DIRECTION('ref_axis',(0.,0.,-1.));
#7731=DIRECTION('center_axis',(0.,-1.,0.));
#7732=DIRECTION('ref_axis',(0.,0.,-1.));
#7733=DIRECTION('center_axis',(0.,-1.,0.));
#7734=DIRECTION('ref_axis',(0.,0.,-1.));
#7735=DIRECTION('center_axis',(0.,-1.,0.));
#7736=DIRECTION('ref_axis',(0.,0.,-1.));
#7737=DIRECTION('center_axis',(0.,-1.,0.));
#7738=DIRECTION('ref_axis',(0.,0.,-1.));
#7739=DIRECTION('center_axis',(0.,-1.,0.));
#7740=DIRECTION('ref_axis',(0.,0.,-1.));
#7741=DIRECTION('center_axis',(0.,-1.,0.));
#7742=DIRECTION('ref_axis',(0.,0.,-1.));
#7743=DIRECTION('center_axis',(0.,-1.,0.));
#7744=DIRECTION('ref_axis',(0.,0.,-1.));
#7745=DIRECTION('center_axis',(0.,-1.,0.));
#7746=DIRECTION('ref_axis',(0.,0.,-1.));
#7747=DIRECTION('center_axis',(0.,-1.,0.));
#7748=DIRECTION('ref_axis',(0.,0.,-1.));
#7749=DIRECTION('center_axis',(0.,-1.,0.));
#7750=DIRECTION('ref_axis',(0.,0.,-1.));
#7751=DIRECTION('center_axis',(0.,-1.,0.));
#7752=DIRECTION('ref_axis',(0.,0.,-1.));
#7753=DIRECTION('center_axis',(-2.82749549818656E-14,-1.,0.));
#7754=DIRECTION('ref_axis',(1.,-2.82749549818656E-14,0.));
#7755=DIRECTION('center_axis',(0.,-1.,0.));
#7756=DIRECTION('ref_axis',(0.,0.,-1.));
#7757=DIRECTION('center_axis',(0.,-1.,0.));
#7758=DIRECTION('ref_axis',(0.,0.,-1.));
#7759=DIRECTION('center_axis',(0.,-1.,0.));
#7760=DIRECTION('ref_axis',(0.,0.,-1.));
#7761=DIRECTION('center_axis',(0.,-1.,0.));
#7762=DIRECTION('ref_axis',(0.,0.,-1.));
#7763=DIRECTION('center_axis',(0.,-1.,0.));
#7764=DIRECTION('ref_axis',(0.,0.,-1.));
#7765=DIRECTION('center_axis',(0.,-1.,0.));
#7766=DIRECTION('ref_axis',(0.,0.,-1.));
#7767=DIRECTION('center_axis',(0.,-1.,0.));
#7768=DIRECTION('ref_axis',(0.,0.,-1.));
#7769=DIRECTION('center_axis',(0.,-1.,0.));
#7770=DIRECTION('ref_axis',(0.,0.,-1.));
#7771=DIRECTION('center_axis',(0.,-1.,0.));
#7772=DIRECTION('ref_axis',(0.,0.,-1.));
#7773=DIRECTION('center_axis',(0.,-1.,0.));
#7774=DIRECTION('ref_axis',(0.,0.,-1.));
#7775=DIRECTION('center_axis',(0.,-1.,0.));
#7776=DIRECTION('ref_axis',(0.,0.,-1.));
#7777=DIRECTION('center_axis',(0.,1.,0.));
#7778=DIRECTION('ref_axis',(0.999782926301055,0.,0.0208350732396055));
#7779=DIRECTION('center_axis',(0.,1.,0.));
#7780=DIRECTION('ref_axis',(0.,0.,-1.));
#7781=DIRECTION('center_axis',(0.,1.,0.));
#7782=DIRECTION('ref_axis',(-1.,0.,-2.22044604925031E-15));
#7783=DIRECTION('center_axis',(0.,1.,0.));
#7784=DIRECTION('ref_axis',(4.44089209850061E-15,0.,1.));
#7785=DIRECTION('center_axis',(0.,1.,0.));
#7786=DIRECTION('ref_axis',(-0.0208816423910595,0.,0.999781954733657));
#7787=DIRECTION('center_axis',(0.,1.,0.));
#7788=DIRECTION('ref_axis',(0.999580682805701,0.,0.0289561489443662));
#7789=DIRECTION('center_axis',(0.,1.,0.));
#7790=DIRECTION('ref_axis',(-0.386059690814858,0.,-0.922473801865363));
#7791=DIRECTION('center_axis',(-2.82749549818656E-14,-1.,0.));
#7792=DIRECTION('ref_axis',(1.,-2.82749549818656E-14,0.));
#7793=DIRECTION('center_axis',(0.,-1.,0.));
#7794=DIRECTION('ref_axis',(0.,0.,-1.));
#7795=DIRECTION('center_axis',(0.,-1.,0.));
#7796=DIRECTION('ref_axis',(0.,0.,-1.));
#7797=DIRECTION('center_axis',(0.,-1.,0.));
#7798=DIRECTION('ref_axis',(0.,0.,-1.));
#7799=DIRECTION('center_axis',(0.,-1.,0.));
#7800=DIRECTION('ref_axis',(0.,0.,-1.));
#7801=DIRECTION('center_axis',(0.,-1.,0.));
#7802=DIRECTION('ref_axis',(0.,0.,-1.));
#7803=DIRECTION('center_axis',(-2.82749549818656E-14,-1.,0.));
#7804=DIRECTION('ref_axis',(1.,-2.82749549818656E-14,0.));
#7805=DIRECTION('center_axis',(0.,-1.,0.));
#7806=DIRECTION('ref_axis',(0.,0.,-1.));
#7807=DIRECTION('center_axis',(0.,-1.,0.));
#7808=DIRECTION('ref_axis',(0.,0.,-1.));
#7809=DIRECTION('center_axis',(0.,-1.,0.));
#7810=DIRECTION('ref_axis',(0.,0.,-1.));
#7811=DIRECTION('center_axis',(0.,-1.,0.));
#7812=DIRECTION('ref_axis',(0.,0.,-1.));
#7813=DIRECTION('center_axis',(0.,-1.,0.));
#7814=DIRECTION('ref_axis',(0.,0.,-1.));
#7815=DIRECTION('center_axis',(-2.82749549818656E-14,-1.,0.));
#7816=DIRECTION('ref_axis',(1.,-2.82749549818656E-14,0.));
#7817=DIRECTION('center_axis',(0.,-1.,0.));
#7818=DIRECTION('ref_axis',(0.,0.,-1.));
#7819=DIRECTION('center_axis',(0.,-1.,0.));
#7820=DIRECTION('ref_axis',(0.,0.,-1.));
#7821=DIRECTION('',(0.707106781186547,0.707106781186547,0.));
#7822=DIRECTION('',(0.,-0.707106781186546,0.707106781186549));
#7823=DIRECTION('center_axis',(0.,0.707106781186548,0.707106781186548));
#7824=DIRECTION('ref_axis',(1.,0.,0.));
#7825=DIRECTION('',(0.,-0.707106781186546,0.707106781186549));
#7826=DIRECTION('center_axis',(-0.707106781186548,0.707106781186548,0.));
#7827=DIRECTION('ref_axis',(0.,0.,1.));
#7828=DIRECTION('',(0.707106781186547,0.707106781186547,0.));
#7829=DIRECTION('center_axis',(0.,-1.,0.));
#7830=DIRECTION('ref_axis',(0.,0.,-1.));
#7831=DIRECTION('',(0.707106781186554,-0.707106781186541,0.));
#7832=DIRECTION('center_axis',(0.,-1.,0.));
#7833=DIRECTION('ref_axis',(0.,0.,-1.));
#7834=DIRECTION('',(0.,0.707106781186546,0.707106781186549));
#7835=DIRECTION('center_axis',(0.707106781186548,0.707106781186548,0.));
#7836=DIRECTION('ref_axis',(0.,0.,-1.));
#7837=DIRECTION('',(0.707106781186554,-0.707106781186541,0.));
#7838=DIRECTION('center_axis',(0.,0.707106781186548,-0.707106781186548));
#7839=DIRECTION('ref_axis',(-1.,0.,0.));
#7840=DIRECTION('',(0.,0.707106781186546,0.707106781186549));
#7841=DIRECTION('center_axis',(0.,-1.,0.));
#7842=DIRECTION('ref_axis',(0.,0.,-1.));
#7843=DIRECTION('',(0.,-0.707106781186546,-0.707106781186549));
#7844=DIRECTION('center_axis',(0.,-1.,0.));
#7845=DIRECTION('ref_axis',(0.,0.,-1.));
#7846=DIRECTION('',(-0.707106781186547,0.707106781186547,0.));
#7847=DIRECTION('center_axis',(0.,0.707106781186548,-0.707106781186548));
#7848=DIRECTION('ref_axis',(-1.,0.,0.));
#7849=DIRECTION('',(0.,-0.707106781186546,-0.707106781186549));
#7850=DIRECTION('center_axis',(0.707106781186548,0.707106781186548,0.));
#7851=DIRECTION('ref_axis',(0.,0.,-1.));
#7852=DIRECTION('',(-0.707106781186547,0.707106781186547,0.));
#7853=DIRECTION('center_axis',(0.,1.,0.));
#7854=DIRECTION('ref_axis',(0.,0.,1.));
#7855=DIRECTION('center_axis',(0.,-1.,0.));
#7856=DIRECTION('ref_axis',(0.,0.,-1.));
#7857=DIRECTION('',(0.,0.707106781186546,-0.707106781186549));
#7858=DIRECTION('',(0.707106781186551,-0.707106781186544,0.));
#7859=DIRECTION('center_axis',(-0.707106781186557,-0.707106781186538,-3.3741483436752E-26));
#7860=DIRECTION('ref_axis',(-4.77176634908411E-26,0.,1.));
#7861=DIRECTION('',(0.707106781186538,-0.707106781186557,0.));
#7862=DIRECTION('center_axis',(0.,0.707106781186548,0.707106781186548));
#7863=DIRECTION('ref_axis',(1.,0.,0.));
#7864=DIRECTION('',(0.,0.707106781186546,-0.707106781186549));
#7865=DIRECTION('center_axis',(-2.77555756156289E-14,-1.,-7.97972798949331E-14));
#7866=DIRECTION('ref_axis',(0.,7.9797279894933E-14,-1.));
#7867=DIRECTION('',(0.667442421575152,-0.707106781186544,-0.233496496508838));
#7868=DIRECTION('center_axis',(0.,-1.,0.));
#7869=DIRECTION('ref_axis',(0.,0.,-1.));
#7870=DIRECTION('',(0.670015523846075,0.707106781186544,-0.226007074679698));
#7871=DIRECTION('center_axis',(0.667442421575144,0.707106781186552,-0.233496496508837));
#7872=DIRECTION('ref_axis',(-0.330213912129401,0.,-0.943906124694716));
#7873=DIRECTION('',(0.667442421575155,-0.707106781186541,-0.233496496508839));
#7874=DIRECTION('center_axis',(-0.67001552384607,0.70710678118655,0.226007074679694));
#7875=DIRECTION('ref_axis',(0.319622270204293,0.,0.947545040823629));
#7876=DIRECTION('',(0.670015523846072,0.707106781186547,-0.226007074679698));
#7877=DIRECTION('center_axis',(0.,-1.,0.));
#7878=DIRECTION('ref_axis',(0.,0.,-1.));
#7879=DIRECTION('',(0.,-0.707106781186546,-0.707106781186549));
#7880=DIRECTION('center_axis',(0.,1.,0.));
#7881=DIRECTION('ref_axis',(0.,0.,1.));
#7882=DIRECTION('',(0.,0.707106781186547,-0.707106781186548));
#7883=DIRECTION('center_axis',(0.,0.707106781186548,-0.707106781186548));
#7884=DIRECTION('ref_axis',(-1.,0.,0.));
#7885=DIRECTION('',(0.,-0.707106781186546,-0.707106781186549));
#7886=DIRECTION('center_axis',(0.,0.707106781186548,0.707106781186548));
#7887=DIRECTION('ref_axis',(1.,0.,0.));
#7888=DIRECTION('',(0.,0.707106781186545,-0.70710678118655));
#7889=DIRECTION('center_axis',(0.,-1.,0.));
#7890=DIRECTION('ref_axis',(0.,0.,-1.));
#7891=DIRECTION('',(-0.667442421575146,-0.70710678118655,-0.233496496508837));
#7892=DIRECTION('center_axis',(0.,1.,0.));
#7893=DIRECTION('ref_axis',(0.,0.,1.));
#7894=DIRECTION('',(-0.670201853472946,0.707106781186548,-0.225453932326378));
#7895=DIRECTION('center_axis',(-0.667442421575153,0.707106781186543,-0.23349649650884));
#7896=DIRECTION('ref_axis',(-0.330213912129401,0.,0.943906124694716));
#7897=DIRECTION('',(-0.66744242157515,-0.707106781186548,-0.233496496508833));
#7898=DIRECTION('center_axis',(0.670201853472942,0.707106781186552,0.225453932326376));
#7899=DIRECTION('ref_axis',(0.318840008786309,0.,-0.947808550709027));
#7900=DIRECTION('',(-0.670201853472949,0.707106781186545,-0.225453932326379));
#7901=DIRECTION('center_axis',(-2.77555756156297E-14,-1.,7.97972798949353E-14));
#7902=DIRECTION('ref_axis',(0.,-7.97972798949353E-14,-1.));
#7903=DIRECTION('',(-0.70710678118656,-0.707106781186535,0.));
#7904=DIRECTION('center_axis',(0.,-1.,0.));
#7905=DIRECTION('ref_axis',(0.,0.,-1.));
#7906=DIRECTION('',(0.,0.707106781186546,-0.707106781186549));
#7907=DIRECTION('center_axis',(0.707106781186538,-0.707106781186557,3.37414834367511E-26));
#7908=DIRECTION('ref_axis',(4.77176634908412E-26,0.,-1.));
#7909=DIRECTION('',(-0.70710678118656,-0.707106781186535,0.));
#7910=DIRECTION('center_axis',(0.,0.707106781186548,0.707106781186548));
#7911=DIRECTION('ref_axis',(1.,0.,0.));
#7912=DIRECTION('',(0.,0.707106781186546,-0.707106781186549));
#7913=DIRECTION('center_axis',(0.,-1.,0.));
#7914=DIRECTION('ref_axis',(0.,0.,-1.));
#7915=DIRECTION('center_axis',(0.,-0.707106781186541,0.707106781186554));
#7916=DIRECTION('ref_axis',(1.,0.,0.));
#7917=DIRECTION('',(0.,0.707106781186551,0.707106781186544));
#7918=DIRECTION('',(0.,-0.707106781186552,-0.707106781186543));
#7919=DIRECTION('center_axis',(0.,1.,0.));
#7920=DIRECTION('ref_axis',(0.,0.,1.));
#7921=DIRECTION('',(0.670347080090411,-0.707106781186551,0.22502175942396));
#7922=DIRECTION('center_axis',(0.,1.,0.));
#7923=DIRECTION('ref_axis',(0.,0.,1.));
#7924=DIRECTION('',(0.670237525474244,0.707106781186557,-0.225347863194105));
#7925=DIRECTION('center_axis',(-0.670347080090415,-0.707106781186547,-0.225021759423962));
#7926=DIRECTION('ref_axis',(-0.318228824006423,0.,0.948013932161068));
#7927=DIRECTION('',(0.670347080090417,-0.707106781186545,0.225021759423962));
#7928=DIRECTION('center_axis',(0.670237525474266,-0.707106781186535,-0.225347863194109));
#7929=DIRECTION('ref_axis',(-0.318690004380899,0.,-0.947858998537073));
#7930=DIRECTION('',(0.670237525474245,0.707106781186557,-0.225347863194101));
#7931=DIRECTION('center_axis',(0.,1.,0.));
#7932=DIRECTION('ref_axis',(-0.000243254889800223,0.,-0.999999970413529));
#7933=DIRECTION('center_axis',(0.,1.,0.));
#7934=DIRECTION('ref_axis',(-1.22464679914735E-16,0.,-1.));
#7935=DIRECTION('',(-0.606962723431861,0.707106781186539,-0.362761977561308));
#7936=DIRECTION('',(-0.606962723431848,-0.707106781186547,0.362761977561314));
#7937=DIRECTION('center_axis',(0.606962723431839,-0.70710678118656,-0.362761977561303));
#7938=DIRECTION('ref_axis',(-0.513022908580488,0.,-0.858374915332232));
#7939=DIRECTION('',(-0.606962723431863,-0.707106781186535,0.362761977561313));
#7940=DIRECTION('center_axis',(-0.606962723431836,-0.707106781186563,-0.362761977561301));
#7941=DIRECTION('ref_axis',(-0.513022908580488,0.,0.858374915332232));
#7942=DIRECTION('',(-0.606962723431866,0.707106781186532,-0.362761977561312));
#7943=DIRECTION('center_axis',(0.,-1.,0.));
#7944=DIRECTION('ref_axis',(0.,0.,-1.));
#7945=DIRECTION('',(0.,-0.707106781186541,0.707106781186554));
#7946=DIRECTION('center_axis',(0.,-1.,0.));
#7947=DIRECTION('ref_axis',(0.,0.,-1.));
#7948=DIRECTION('',(0.,0.707106781186541,-0.707106781186554));
#7949=DIRECTION('center_axis',(0.,-0.707106781186552,-0.707106781186543));
#7950=DIRECTION('ref_axis',(-1.,0.,0.));
#7951=DIRECTION('',(0.,-0.707106781186541,0.707106781186554));
#7952=DIRECTION('center_axis',(0.,-0.707106781186552,-0.707106781186543));
#7953=DIRECTION('ref_axis',(-1.,0.,0.));
#7954=DIRECTION('',(0.,0.707106781186541,-0.707106781186554));
#7955=DIRECTION('center_axis',(0.,-1.,0.));
#7956=DIRECTION('ref_axis',(0.,0.,-1.));
#7957=DIRECTION('',(0.607025461621644,-0.707106781186549,-0.362656985239535));
#7958=DIRECTION('center_axis',(0.,-1.,0.));
#7959=DIRECTION('ref_axis',(0.,0.,-1.));
#7960=DIRECTION('',(0.606921501314881,0.707106781186537,0.362830940303754));
#7961=DIRECTION('center_axis',(-0.607025461621645,-0.707106781186547,0.362656985239536));
#7962=DIRECTION('ref_axis',(0.512874427015091,0.,0.858463640531119));
#7963=DIRECTION('',(0.607025461621643,-0.707106781186547,-0.362656985239539));
#7964=DIRECTION('center_axis',(0.606921501314862,-0.707106781186554,0.362830940303751));
#7965=DIRECTION('ref_axis',(0.513120436626152,0.,-0.858316618455327));
#7966=DIRECTION('',(0.606921501314873,0.707106781186542,0.362830940303757));
#7967=DIRECTION('center_axis',(0.,1.,0.));
#7968=DIRECTION('ref_axis',(0.,0.,1.));
#7969=DIRECTION('',(0.607042397376768,-0.707106781186545,0.362628636192828));
#7970=DIRECTION('center_axis',(0.,1.,0.));
#7971=DIRECTION('ref_axis',(0.,0.,1.));
#7972=DIRECTION('',(0.606928999988939,0.707106781186548,-0.362818396684107));
#7973=DIRECTION('center_axis',(-0.607042397376764,-0.70710678118655,-0.362628636192823));
#7974=DIRECTION('ref_axis',(-0.512834335408751,0.,0.858487591305701));
#7975=DIRECTION('',(0.607042397376769,-0.707106781186546,0.362628636192825));
#7976=DIRECTION('center_axis',(0.606928999988936,-0.707106781186557,-0.362818396684094));
#7977=DIRECTION('ref_axis',(-0.513102697269115,0.,-0.858327223181905));
#7978=DIRECTION('',(0.60692899998896,0.707106781186532,-0.362818396684102));
#7979=DIRECTION('center_axis',(0.,-1.,0.));
#7980=DIRECTION('ref_axis',(0.,0.,-1.));
#7981=DIRECTION('',(0.,-0.707106781186544,-0.707106781186551));
#7982=DIRECTION('center_axis',(0.,-1.,0.));
#7983=DIRECTION('ref_axis',(0.,0.,-1.));
#7984=DIRECTION('',(0.,0.70710678118654,0.707106781186555));
#7985=DIRECTION('center_axis',(0.,-0.707106781186552,0.707106781186543));
#7986=DIRECTION('ref_axis',(1.,0.,0.));
#7987=DIRECTION('',(0.,-0.70710678118654,-0.707106781186555));
#7988=DIRECTION('center_axis',(0.,-0.707106781186552,0.707106781186543));
#7989=DIRECTION('ref_axis',(1.,0.,0.));
#7990=DIRECTION('',(0.,0.70710678118654,0.707106781186555));
#7991=DIRECTION('center_axis',(0.,-1.,0.));
#7992=DIRECTION('ref_axis',(0.,0.,-1.));
#7993=DIRECTION('',(-0.60698037465684,-0.707106781186543,-0.362732442416512));
#7994=DIRECTION('center_axis',(0.,-1.,0.));
#7995=DIRECTION('ref_axis',(0.,0.,-1.));
#7996=DIRECTION('',(-0.606980374656845,0.70710678118654,0.362732442416509));
#7997=DIRECTION('center_axis',(0.606980374656831,-0.707106781186554,0.362732442416507));
#7998=DIRECTION('ref_axis',(0.512981139578146,0.,-0.858399877934));
#7999=DIRECTION('',(-0.60698037465684,-0.707106781186542,-0.362732442416515));
#8000=DIRECTION('center_axis',(-0.606980374656825,-0.70710678118656,0.362732442416504));
#8001=DIRECTION('ref_axis',(0.512981139578147,0.,0.858399877934));
#8002=DIRECTION('',(-0.606980374656854,0.70710678118653,0.362732442416514));
#8003=DIRECTION('center_axis',(0.,1.,0.));
#8004=DIRECTION('ref_axis',(0.,0.,1.));
#8005=DIRECTION('center_axis',(0.,-1.,0.));
#8006=DIRECTION('ref_axis',(0.,0.,-1.));
#8007=DIRECTION('',(0.670015523846074,0.707106781186546,-0.226007074679695));
#8008=DIRECTION('',(0.,-0.707106781186547,0.707106781186548));
#8009=DIRECTION('center_axis',(0.,0.707106781186548,0.707106781186548));
#8010=DIRECTION('ref_axis',(1.,0.,0.));
#8011=DIRECTION('',(0.,-0.707106781186545,0.70710678118655));
#8012=DIRECTION('center_axis',(-0.670015523846068,0.707106781186552,0.226007074679694));
#8013=DIRECTION('ref_axis',(0.319622270204295,0.,0.947545040823629));
#8014=DIRECTION('',(0.670015523846073,0.707106781186546,-0.226007074679697));
#8015=DIRECTION('center_axis',(0.,-1.,0.));
#8016=DIRECTION('ref_axis',(0.,0.,-1.));
#8017=DIRECTION('',(0.707106781186548,-0.707106781186548,0.));
#8018=DIRECTION('center_axis',(0.,1.,0.));
#8019=DIRECTION('ref_axis',(0.,0.,1.));
#8020=DIRECTION('',(0.,0.707106781186546,-0.707106781186549));
#8021=DIRECTION('center_axis',(-0.707106781186557,-0.707106781186538,-3.3741483436752E-26));
#8022=DIRECTION('ref_axis',(-4.77176634908411E-26,0.,1.));
#8023=DIRECTION('',(0.707106781186535,-0.70710678118656,0.));
#8024=DIRECTION('center_axis',(0.,0.707106781186548,0.707106781186548));
#8025=DIRECTION('ref_axis',(1.,0.,0.));
#8026=DIRECTION('',(0.,0.707106781186546,-0.707106781186549));
#8027=DIRECTION('center_axis',(-2.77555756171257E-14,-1.,-7.97972798992364E-14));
#8028=DIRECTION('ref_axis',(0.,7.97972798992364E-14,-1.));
#8029=DIRECTION('',(0.667442421575151,-0.707106781186546,-0.233496496508837));
#8030=DIRECTION('center_axis',(0.,1.,0.));
#8031=DIRECTION('ref_axis',(0.,0.,1.));
#8032=DIRECTION('',(-0.670201853472946,0.707106781186548,-0.225453932326379));
#8033=DIRECTION('center_axis',(0.667442421575146,0.70710678118655,-0.233496496508838));
#8034=DIRECTION('ref_axis',(-0.330213912129401,0.,-0.943906124694716));
#8035=DIRECTION('',(0.667442421575154,-0.707106781186543,-0.233496496508836));
#8036=DIRECTION('center_axis',(0.670201853472948,0.707106781186546,0.225453932326378));
#8037=DIRECTION('ref_axis',(0.318840008786309,0.,-0.947808550709027));
#8038=DIRECTION('',(-0.670201853472946,0.707106781186548,-0.22545393232638));
#8039=DIRECTION('center_axis',(0.,-1.,0.));
#8040=DIRECTION('ref_axis',(0.,0.,-1.));
#8041=DIRECTION('',(0.,-0.707106781186548,-0.707106781186548));
#8042=DIRECTION('center_axis',(0.,-1.,0.));
#8043=DIRECTION('ref_axis',(0.,0.,-1.));
#8044=DIRECTION('',(0.,0.707106781186545,-0.70710678118655));
#8045=DIRECTION('center_axis',(0.,0.707106781186548,-0.707106781186548));
#8046=DIRECTION('ref_axis',(-1.,0.,0.));
#8047=DIRECTION('',(0.,-0.707106781186545,-0.70710678118655));
#8048=DIRECTION('center_axis',(0.,0.707106781186548,0.707106781186548));
#8049=DIRECTION('ref_axis',(1.,0.,0.));
#8050=DIRECTION('',(0.,0.707106781186546,-0.707106781186549));
#8051=DIRECTION('center_axis',(0.,-1.,0.));
#8052=DIRECTION('ref_axis',(0.,0.,-1.));
#8053=DIRECTION('',(-0.667442421575157,-0.70710678118654,-0.233496496508836));
#8054=DIRECTION('center_axis',(0.,-1.,0.));
#8055=DIRECTION('ref_axis',(0.,0.,-1.));
#8056=DIRECTION('',(0.707106781186548,0.707106781186548,0.));
#8057=DIRECTION('center_axis',(-0.667442421575143,0.707106781186553,-0.233496496508837));
#8058=DIRECTION('ref_axis',(-0.330213912129401,0.,0.943906124694716));
#8059=DIRECTION('',(-0.667442421575159,-0.707106781186536,-0.233496496508842));
#8060=DIRECTION('center_axis',(0.707106781186538,-0.707106781186557,3.37620449744944E-26));
#8061=DIRECTION('ref_axis',(4.7746741896381E-26,0.,-1.));
#8062=DIRECTION('',(0.70710678118656,0.707106781186535,0.));
#8063=DIRECTION('center_axis',(-2.77555756171265E-14,-1.,7.97972798992387E-14));
#8064=DIRECTION('ref_axis',(0.,-7.97972798992387E-14,-1.));
#8065=DIRECTION('center_axis',(0.,-0.707106781186551,0.707106781186544));
#8066=DIRECTION('ref_axis',(1.,0.,0.));
#8067=DIRECTION('',(0.,0.70710678118654,0.707106781186555));
#8068=DIRECTION('',(0.,-0.707106781186542,-0.707106781186553));
#8069=DIRECTION('center_axis',(0.,1.,0.));
#8070=DIRECTION('ref_axis',(0.,0.,1.));
#8071=DIRECTION('',(0.670347080090418,-0.707106781186544,0.225021759423962));
#8072=DIRECTION('center_axis',(0.,1.,0.));
#8073=DIRECTION('ref_axis',(0.,0.,1.));
#8074=DIRECTION('',(0.670237525474261,0.70710678118654,-0.225347863194107));
#8075=DIRECTION('center_axis',(-0.67034708009041,-0.707106781186552,-0.22502175942396));
#8076=DIRECTION('ref_axis',(-0.318228824006423,0.,0.948013932161068));
#8077=DIRECTION('',(0.670347080090421,-0.707106781186541,0.225021759423963));
#8078=DIRECTION('center_axis',(0.670237525474247,-0.707106781186555,-0.225347863194102));
#8079=DIRECTION('ref_axis',(-0.318690004380899,0.,-0.947858998537073));
#8080=DIRECTION('',(0.670237525474264,0.707106781186537,-0.225347863194109));
#8081=DIRECTION('center_axis',(0.,1.,0.));
#8082=DIRECTION('ref_axis',(-0.000243254889801111,0.,-0.999999970413529));
#8083=DIRECTION('center_axis',(0.,-1.,0.));
#8084=DIRECTION('ref_axis',(0.,0.,-1.));
#8085=DIRECTION('',(-0.707106781186549,0.707106781186546,0.));
#8086=DIRECTION('',(0.,-0.707106781186546,-0.707106781186549));
#8087=DIRECTION('center_axis',(0.,0.707106781186548,-0.707106781186548));
#8088=DIRECTION('ref_axis',(-1.,0.,0.));
#8089=DIRECTION('',(0.,-0.707106781186546,-0.707106781186549));
#8090=DIRECTION('center_axis',(0.707106781186548,0.707106781186548,0.));
#8091=DIRECTION('ref_axis',(0.,0.,-1.));
#8092=DIRECTION('',(-0.707106781186549,0.707106781186546,0.));
#8093=DIRECTION('center_axis',(0.,-1.,0.));
#8094=DIRECTION('ref_axis',(0.,0.,-1.));
#8095=DIRECTION('',(-0.707106781186549,-0.707106781186546,0.));
#8096=DIRECTION('center_axis',(0.,-1.,0.));
#8097=DIRECTION('ref_axis',(0.,0.,-1.));
#8098=DIRECTION('',(0.,0.707106781186546,-0.707106781186549));
#8099=DIRECTION('center_axis',(-0.707106781186548,0.707106781186548,0.));
#8100=DIRECTION('ref_axis',(0.,0.,1.));
#8101=DIRECTION('',(-0.707106781186549,-0.707106781186546,0.));
#8102=DIRECTION('center_axis',(0.,0.707106781186548,0.707106781186548));
#8103=DIRECTION('ref_axis',(1.,0.,0.));
#8104=DIRECTION('',(0.,0.707106781186546,-0.707106781186549));
#8105=DIRECTION('center_axis',(0.,-1.,0.));
#8106=DIRECTION('ref_axis',(0.,0.,-1.));
#8107=DIRECTION('',(0.,-0.707106781186546,0.707106781186549));
#8108=DIRECTION('center_axis',(0.,1.,0.));
#8109=DIRECTION('ref_axis',(0.,0.,1.));
#8110=DIRECTION('',(-0.707106781186549,0.707106781186546,0.));
#8111=DIRECTION('center_axis',(0.,0.707106781186548,0.707106781186548));
#8112=DIRECTION('ref_axis',(1.,0.,0.));
#8113=DIRECTION('',(0.,-0.707106781186546,0.707106781186549));
#8114=DIRECTION('center_axis',(0.707106781186548,0.707106781186548,0.));
#8115=DIRECTION('ref_axis',(0.,0.,-1.));
#8116=DIRECTION('',(-0.707106781186549,0.707106781186546,0.));
#8117=DIRECTION('center_axis',(0.,-1.,0.));
#8118=DIRECTION('ref_axis',(0.,0.,-1.));
#8119=DIRECTION('',(0.707106781186549,-0.707106781186546,0.));
#8120=DIRECTION('center_axis',(0.,1.,0.));
#8121=DIRECTION('ref_axis',(0.,0.,1.));
#8122=DIRECTION('',(0.,0.707106781186546,0.707106781186549));
#8123=DIRECTION('center_axis',(0.707106781186548,0.707106781186548,0.));
#8124=DIRECTION('ref_axis',(0.,0.,-1.));
#8125=DIRECTION('',(0.707106781186549,-0.707106781186546,0.));
#8126=DIRECTION('center_axis',(0.,0.707106781186548,-0.707106781186548));
#8127=DIRECTION('ref_axis',(-1.,0.,0.));
#8128=DIRECTION('',(0.,0.707106781186546,0.707106781186549));
#8129=DIRECTION('center_axis',(0.,-1.,0.));
#8130=DIRECTION('ref_axis',(0.,0.,-1.));
#8131=DIRECTION('',(0.,-0.707106781186546,-0.707106781186549));
#8132=DIRECTION('center_axis',(0.,-1.,0.));
#8133=DIRECTION('ref_axis',(0.,0.,-1.));
#8134=DIRECTION('',(-0.707106781186549,0.707106781186546,0.));
#8135=DIRECTION('center_axis',(0.,0.707106781186548,-0.707106781186548));
#8136=DIRECTION('ref_axis',(-1.,0.,0.));
#8137=DIRECTION('',(0.,-0.707106781186546,-0.707106781186549));
#8138=DIRECTION('center_axis',(0.707106781186548,0.707106781186548,0.));
#8139=DIRECTION('ref_axis',(0.,0.,-1.));
#8140=DIRECTION('',(-0.707106781186549,0.707106781186546,0.));
#8141=DIRECTION('center_axis',(0.,1.,0.));
#8142=DIRECTION('ref_axis',(0.,0.,1.));
#8143=DIRECTION('',(0.707106781186549,-0.707106781186546,0.));
#8144=DIRECTION('center_axis',(0.,-1.,0.));
#8145=DIRECTION('ref_axis',(0.,0.,-1.));
#8146=DIRECTION('',(0.,0.707106781186546,-0.707106781186549));
#8147=DIRECTION('center_axis',(0.707106781186548,0.707106781186548,0.));
#8148=DIRECTION('ref_axis',(0.,0.,-1.));
#8149=DIRECTION('',(0.707106781186549,-0.707106781186546,0.));
#8150=DIRECTION('center_axis',(0.,0.707106781186548,0.707106781186548));
#8151=DIRECTION('ref_axis',(1.,0.,0.));
#8152=DIRECTION('',(0.,0.707106781186546,-0.707106781186549));
#8153=DIRECTION('center_axis',(0.,1.,0.));
#8154=DIRECTION('ref_axis',(0.,0.,1.));
#8155=DIRECTION('center_axis',(0.,-0.707106781186548,-0.707106781186548));
#8156=DIRECTION('ref_axis',(-1.,0.,0.));
#8157=DIRECTION('',(0.,0.707106781186548,-0.707106781186548));
#8158=DIRECTION('',(0.,-0.707106781186548,0.707106781186548));
#8159=DIRECTION('center_axis',(0.,-1.,0.));
#8160=DIRECTION('ref_axis',(0.,0.,-1.));
#8161=DIRECTION('',(0.707106781186546,-0.707106781186549,0.));
#8162=DIRECTION('center_axis',(0.,-1.,0.));
#8163=DIRECTION('ref_axis',(0.,0.,-1.));
#8164=DIRECTION('',(0.707106781186546,0.707106781186549,0.));
#8165=DIRECTION('center_axis',(-0.707106781186548,-0.707106781186548,0.));
#8166=DIRECTION('ref_axis',(0.,0.,1.));
#8167=DIRECTION('',(0.707106781186546,-0.707106781186549,0.));
#8168=DIRECTION('center_axis',(0.707106781186548,-0.707106781186548,0.));
#8169=DIRECTION('ref_axis',(0.,0.,-1.));
#8170=DIRECTION('',(0.707106781186546,0.707106781186549,0.));
#8171=DIRECTION('center_axis',(0.,-1.,0.));
#8172=DIRECTION('ref_axis',(0.,0.,-1.));
#8173=DIRECTION('',(0.,-0.707106781186548,-0.707106781186548));
#8174=DIRECTION('center_axis',(0.,-1.,0.));
#8175=DIRECTION('ref_axis',(0.,0.,-1.));
#8176=DIRECTION('',(0.,0.707106781186551,0.707106781186544));
#8177=DIRECTION('center_axis',(0.,-0.707106781186548,0.707106781186548));
#8178=DIRECTION('ref_axis',(1.,0.,0.));
#8179=CARTESIAN_POINT('',(0.,0.,0.));
#8180=CARTESIAN_POINT('Origin',(-35.,9.75,-11.75));
#8181=CARTESIAN_POINT('',(-66.,9.5,-11.5));
#8182=CARTESIAN_POINT('',(-66.,10.,-12.));
#8183=CARTESIAN_POINT('',(-66.,9.5,-11.5));
#8184=CARTESIAN_POINT('',(66.,10.,-12.));
#8185=CARTESIAN_POINT('',(-35.,10.,-12.));
#8186=CARTESIAN_POINT('',(66.,9.5,-11.5));
#8187=CARTESIAN_POINT('',(66.,10.,-12.));
#8188=CARTESIAN_POINT('',(-35.,9.5,-11.5));
#8189=CARTESIAN_POINT('Origin',(-66.,9.75,-8.));
#8190=CARTESIAN_POINT('',(-69.5,9.5,-8.));
#8191=CARTESIAN_POINT('',(-70.,10.,-8.));
#8192=CARTESIAN_POINT('',(-69.5,9.5,-8.));
#8193=CARTESIAN_POINT('Origin',(-66.,10.,-8.));
#8194=CARTESIAN_POINT('Origin',(-66.,9.5,-8.));
#8195=CARTESIAN_POINT('Origin',(-69.75,9.75,6.));
#8196=CARTESIAN_POINT('',(-69.5,9.5,8.));
#8197=CARTESIAN_POINT('',(-70.,10.,8.));
#8198=CARTESIAN_POINT('',(-69.5,9.5,8.));
#8199=CARTESIAN_POINT('',(-70.,10.,6.));
#8200=CARTESIAN_POINT('',(-69.5,9.5,6.));
#8201=CARTESIAN_POINT('Origin',(-66.,9.75,8.));
#8202=CARTESIAN_POINT('',(-66.,9.5,11.5));
#8203=CARTESIAN_POINT('',(-66.,10.,12.));
#8204=CARTESIAN_POINT('',(-66.,9.5,11.5));
#8205=CARTESIAN_POINT('Origin',(-66.,10.,8.));
#8206=CARTESIAN_POINT('Origin',(-66.,9.5,8.));
#8207=CARTESIAN_POINT('Origin',(-35.,9.75,11.75));
#8208=CARTESIAN_POINT('',(66.,9.5,11.5));
#8209=CARTESIAN_POINT('',(66.,10.,12.));
#8210=CARTESIAN_POINT('',(66.,9.5,11.5));
#8211=CARTESIAN_POINT('',(-35.,10.,12.));
#8212=CARTESIAN_POINT('',(-35.,9.5,11.5));
#8213=CARTESIAN_POINT('Origin',(66.,9.75,8.));
#8214=CARTESIAN_POINT('',(69.5,9.5,8.));
#8215=CARTESIAN_POINT('',(70.,10.,8.));
#8216=CARTESIAN_POINT('',(69.5,9.5,8.));
#8217=CARTESIAN_POINT('Origin',(66.,10.,8.));
#8218=CARTESIAN_POINT('Origin',(66.,9.5,8.));
#8219=CARTESIAN_POINT('Origin',(69.75,9.75,6.));
#8220=CARTESIAN_POINT('',(69.5,9.5,-8.));
#8221=CARTESIAN_POINT('',(70.,10.,-8.));
#8222=CARTESIAN_POINT('',(69.5,9.5,-8.));
#8223=CARTESIAN_POINT('',(70.,10.,6.));
#8224=CARTESIAN_POINT('',(69.5,9.5,6.));
#8225=CARTESIAN_POINT('Origin',(66.,9.75,-8.));
#8226=CARTESIAN_POINT('Origin',(66.,10.,-8.));
#8227=CARTESIAN_POINT('Origin',(66.,9.5,-8.));
#8228=CARTESIAN_POINT('Origin',(66.,19.,8.));
#8229=CARTESIAN_POINT('',(70.,18.5,8.));
#8230=CARTESIAN_POINT('',(70.,18.5,8.));
#8231=CARTESIAN_POINT('',(66.,18.5,12.));
#8232=CARTESIAN_POINT('Origin',(66.,18.5,8.));
#8233=CARTESIAN_POINT('',(66.,18.5,12.));
#8234=CARTESIAN_POINT('Origin',(70.,19.,12.));
#8235=CARTESIAN_POINT('',(70.,18.5,-8.));
#8236=CARTESIAN_POINT('',(70.,18.5,-8.));
#8237=CARTESIAN_POINT('',(70.,18.5,-8.));
#8238=CARTESIAN_POINT('Origin',(66.,19.,-8.));
#8239=CARTESIAN_POINT('',(66.,18.5,-12.));
#8240=CARTESIAN_POINT('',(66.,18.5,-12.));
#8241=CARTESIAN_POINT('Origin',(66.,18.5,-8.));
#8242=CARTESIAN_POINT('Origin',(-70.,19.,-12.));
#8243=CARTESIAN_POINT('',(-66.,18.5,-12.));
#8244=CARTESIAN_POINT('',(-66.,18.5,-12.));
#8245=CARTESIAN_POINT('',(-66.,18.5,-12.));
#8246=CARTESIAN_POINT('Origin',(0.,9.5,0.));
#8247=CARTESIAN_POINT('Origin',(-66.,19.,-8.));
#8248=CARTESIAN_POINT('',(-70.,18.5,-8.));
#8249=CARTESIAN_POINT('',(-70.,18.5,-8.));
#8250=CARTESIAN_POINT('Origin',(-66.,18.5,-8.));
#8251=CARTESIAN_POINT('Origin',(-70.,19.,12.));
#8252=CARTESIAN_POINT('',(-70.,18.5,8.));
#8253=CARTESIAN_POINT('',(-70.,18.5,8.));
#8254=CARTESIAN_POINT('',(-70.,18.5,8.));
#8255=CARTESIAN_POINT('Origin',(-66.,19.,8.));
#8256=CARTESIAN_POINT('',(-66.,18.5,12.));
#8257=CARTESIAN_POINT('',(-66.,18.5,12.));
#8258=CARTESIAN_POINT('Origin',(-66.,18.5,8.));
#8259=CARTESIAN_POINT('Origin',(-70.,19.,12.));
#8260=CARTESIAN_POINT('',(66.,18.5,12.));
#8261=CARTESIAN_POINT('Ctrl Pts',(19.6482535697112,23.5,-3.4281005892481));
#8262=CARTESIAN_POINT('Ctrl Pts',(19.6481414093871,23.5,-3.43232241100512));
#8263=CARTESIAN_POINT('Ctrl Pts',(19.6480315992631,23.5,-3.43654266081862));
#8264=CARTESIAN_POINT('Ctrl Pts',(19.6446742884271,23.5,-3.55562126471861));
#8265=CARTESIAN_POINT('Ctrl Pts',(19.6411102123382,23.5,-3.79496075811699));
#8266=CARTESIAN_POINT('Ctrl Pts',(19.5717415279377,23.5,-4.17330797569129));
#8267=CARTESIAN_POINT('Ctrl Pts',(19.46275237125,23.5,-4.48167233681469));
#8268=CARTESIAN_POINT('Ctrl Pts',(19.3229118517055,23.5,-4.72778156805598));
#8269=CARTESIAN_POINT('Ctrl Pts',(19.1839327217373,23.5,-4.90104362867994));
#8270=CARTESIAN_POINT('Ctrl Pts',(19.0782959148663,23.5,-5.01535947542844));
#8271=CARTESIAN_POINT('Ctrl Pts',(18.8633025061627,23.5,-5.20828276857445));
#8272=CARTESIAN_POINT('Ctrl Pts',(18.542799922609,23.5,-5.39205476821007));
#8273=CARTESIAN_POINT('Ctrl Pts',(18.3676807855428,23.5,-5.44619902352403));
#8274=CARTESIAN_POINT('Ctrl Pts',(18.2515362758203,23.5,-5.48539087621568));
#8275=CARTESIAN_POINT('Ctrl Pts',(18.2431768228886,23.5,-5.4881838985044));
#8276=CARTESIAN_POINT('Ctrl Pts',(18.234800196457,23.5,-5.49099184647105));
#8277=CARTESIAN_POINT('Ctrl Pts',(19.8148614512239,23.6666666666667,-3.43252682869498));
#8278=CARTESIAN_POINT('Ctrl Pts',(19.8147487747354,23.6666666666667,-3.43668043313122));
#8279=CARTESIAN_POINT('Ctrl Pts',(19.8146402502432,23.6666666666667,-3.44103464442617));
#8280=CARTESIAN_POINT('Ctrl Pts',(19.8112398534269,23.6666666666667,-3.5584701110991));
#8281=CARTESIAN_POINT('Ctrl Pts',(19.8079216474821,23.6666666666667,-3.80924843646878));
#8282=CARTESIAN_POINT('Ctrl Pts',(19.7336352676194,23.6666666666667,-4.21590624609393));
#8283=CARTESIAN_POINT('Ctrl Pts',(19.615850963548,23.6666666666667,-4.54968079687126));
#8284=CARTESIAN_POINT('Ctrl Pts',(19.4617120247954,23.6666666666667,-4.8213889237679));
#8285=CARTESIAN_POINT('Ctrl Pts',(19.3100129771474,23.6666666666667,-5.0102480678447));
#8286=CARTESIAN_POINT('Ctrl Pts',(19.194617526038,23.6666666666667,-5.13499806422498));
#8287=CARTESIAN_POINT('Ctrl Pts',(18.9627662709856,23.6666666666667,-5.3434411766337));
#8288=CARTESIAN_POINT('Ctrl Pts',(18.6092556837596,23.6666666666667,-5.54633866252986));
#8289=CARTESIAN_POINT('Ctrl Pts',(18.4194696398487,23.6666666666667,-5.60440977717648));
#8290=CARTESIAN_POINT('Ctrl Pts',(18.3046094929478,23.6666666666667,-5.64339970287225));
#8291=CARTESIAN_POINT('Ctrl Pts',(18.2960443577788,23.6666666666667,-5.64622461202045));
#8292=CARTESIAN_POINT('Ctrl Pts',(18.2877719753114,23.6666666666667,-5.64901642817525));
#8293=CARTESIAN_POINT('Ctrl Pts',(19.9814693327365,23.8333333333333,-3.43695306814186));
#8294=CARTESIAN_POINT('Ctrl Pts',(19.9813576885767,23.8333333333333,-3.44124310721964));
#8295=CARTESIAN_POINT('Ctrl Pts',(19.9812450355895,23.8333333333333,-3.44534129418358));
#8296=CARTESIAN_POINT('Ctrl Pts',(19.9780703191456,23.8333333333333,-3.56528343338615));
#8297=CARTESIAN_POINT('Ctrl Pts',(19.9753147957386,23.8333333333333,-3.82184405975302));
#8298=CARTESIAN_POINT('Ctrl Pts',(19.8965473522759,23.8333333333333,-4.26006858423286));
#8299=CARTESIAN_POINT('Ctrl Pts',(19.7703517945977,23.8333333333333,-4.61728489242325));
#8300=CARTESIAN_POINT('Ctrl Pts',(19.6019648287213,23.8333333333333,-4.91422234823901));
#8301=CARTESIAN_POINT('Ctrl Pts',(19.4373854239132,23.8333333333333,-5.11989085164789));
#8302=CARTESIAN_POINT('Ctrl Pts',(19.312226414674,23.8333333333333,-5.25397421390023));
#8303=CARTESIAN_POINT('Ctrl Pts',(19.0653952091263,23.8333333333333,-5.47796250435088));
#8304=CARTESIAN_POINT('Ctrl Pts',(18.6766223336304,23.8333333333333,-5.70008677536878));
#8305=CARTESIAN_POINT('Ctrl Pts',(18.4742387729596,23.8333333333333,-5.76224119973909));
#8306=CARTESIAN_POINT('Ctrl Pts',(18.357399337634,23.8333333333333,-5.80144953289148));
#8307=CARTESIAN_POINT('Ctrl Pts',(18.3492246245613,23.8333333333333,-5.80421693010095));
#8308=CARTESIAN_POINT('Ctrl Pts',(18.3407437541657,23.8333333333333,-5.80704100987946));
#8309=CARTESIAN_POINT('Ctrl Pts',(20.1480772142492,24.,-3.44137930758873));
#8310=CARTESIAN_POINT('Ctrl Pts',(20.147965053925,24.,-3.44560112934575));
#8311=CARTESIAN_POINT('Ctrl Pts',(20.1478536865696,24.,-3.44983327779113));
#8312=CARTESIAN_POINT('Ctrl Pts',(20.1446358841454,24.,-3.56813227976664));
#8313=CARTESIAN_POINT('Ctrl Pts',(20.1421262308824,24.,-3.83613173810482));
#8314=CARTESIAN_POINT('Ctrl Pts',(20.0584410919576,24.,-4.30266685463549));
#8315=CARTESIAN_POINT('Ctrl Pts',(19.9234503868957,24.,-4.68529335247983));
#8316=CARTESIAN_POINT('Ctrl Pts',(19.7407650018112,24.,-5.00782970395093));
#8317=CARTESIAN_POINT('Ctrl Pts',(19.5634656793232,24.,-5.22909529081266));
#8318=CARTESIAN_POINT('Ctrl Pts',(19.4285480258456,24.,-5.37361280269677));
#8319=CARTESIAN_POINT('Ctrl Pts',(19.1648589739492,24.,-5.61312091241013));
#8320=CARTESIAN_POINT('Ctrl Pts',(18.7430780947811,24.,-5.85437066968857));
#8321=CARTESIAN_POINT('Ctrl Pts',(18.5260276272654,24.,-5.92045195339154));
#8322=CARTESIAN_POINT('Ctrl Pts',(18.4104725547615,24.,-5.95945835954806));
#8323=CARTESIAN_POINT('Ctrl Pts',(18.4020921594515,24.,-5.96225764361701));
#8324=CARTESIAN_POINT('Ctrl Pts',(18.39371553302,24.,-5.96506559158366));
#8325=CARTESIAN_POINT('',(18.2599275401603,23.4999995784396,-5.48256866294481));
#8326=CARTESIAN_POINT('',(19.6479170887387,23.5,-3.44076605451914));
#8327=CARTESIAN_POINT('Ctrl Pts',(18.2599271959902,23.5,-5.48255944049211));
#8328=CARTESIAN_POINT('Ctrl Pts',(18.2599341814691,23.5,-5.48255708334749));
#8329=CARTESIAN_POINT('Ctrl Pts',(18.259941166984,23.5,-5.48255472617153));
#8330=CARTESIAN_POINT('Ctrl Pts',(18.3676807855428,23.5,-5.44619902352403));
#8331=CARTESIAN_POINT('Ctrl Pts',(18.542799922609,23.5,-5.39205476821007));
#8332=CARTESIAN_POINT('Ctrl Pts',(18.8633025061627,23.5,-5.20828276857445));
#8333=CARTESIAN_POINT('Ctrl Pts',(19.0782959148663,23.5,-5.01535947542844));
#8334=CARTESIAN_POINT('Ctrl Pts',(19.1839327217373,23.5,-4.90104362867994));
#8335=CARTESIAN_POINT('Ctrl Pts',(19.3229118517055,23.5,-4.72778156805598));
#8336=CARTESIAN_POINT('Ctrl Pts',(19.46275237125,23.5,-4.48167233681469));
#8337=CARTESIAN_POINT('Ctrl Pts',(19.5717415279377,23.5,-4.17330797569129));
#8338=CARTESIAN_POINT('Ctrl Pts',(19.6411102123382,23.5,-3.79496075811699));
#8339=CARTESIAN_POINT('Ctrl Pts',(19.6446742884271,23.5,-3.55562126471861));
#8340=CARTESIAN_POINT('Ctrl Pts',(19.647912461639,23.5,-3.44076828741207));
#8341=CARTESIAN_POINT('Ctrl Pts',(19.6479124948772,23.5,-3.44076710848069));
#8342=CARTESIAN_POINT('Ctrl Pts',(19.6479125281146,23.5,-3.44076592954982));
#8343=CARTESIAN_POINT('',(20.1480769983304,24.,-3.44138743497816));
#8344=CARTESIAN_POINT('Ctrl Pts',(19.647914808467,23.5000022811673,-3.44076599023173));
#8345=CARTESIAN_POINT('Ctrl Pts',(19.6899690319284,23.5420414681238,-3.44081825870773));
#8346=CARTESIAN_POINT('Ctrl Pts',(19.732023371148,23.5840809112238,-3.44087475834643));
#8347=CARTESIAN_POINT('Ctrl Pts',(19.7740772110102,23.626120531928,-3.4409252863864));
#8348=CARTESIAN_POINT('Ctrl Pts',(19.8328793541723,23.6849027930302,-3.44099593765271));
#8349=CARTESIAN_POINT('Ctrl Pts',(19.891680771761,23.7436854013714,-3.44106574608926));
#8350=CARTESIAN_POINT('Ctrl Pts',(19.9504822520784,23.8024681422433,-3.44114292519306));
#8351=CARTESIAN_POINT('Ctrl Pts',(19.9954331832488,23.8474047480001,-3.44120192494211));
#8352=CARTESIAN_POINT('Ctrl Pts',(20.0403841423702,23.8923414312062,-3.4412611419424));
#8353=CARTESIAN_POINT('Ctrl Pts',(20.08533510453,23.9372780959435,-3.44131375860731));
#8354=CARTESIAN_POINT('Ctrl Pts',(20.1062490651429,23.9581854045135,-3.44133823912575));
#8355=CARTESIAN_POINT('Ctrl Pts',(20.1271630215969,23.9790927090855,-3.44136145222431));
#8356=CARTESIAN_POINT('Ctrl Pts',(20.1480769983311,23.9999999999993,-3.44138743497818));
#8357=CARTESIAN_POINT('',(18.39371553302,24.,-5.96506559158365));
#8358=CARTESIAN_POINT('Ctrl Pts',(20.1480769983314,24.,-3.4413874349909));
#8359=CARTESIAN_POINT('Ctrl Pts',(20.1479649109957,24.,-3.44560656084497));
#8360=CARTESIAN_POINT('Ctrl Pts',(20.1478536132757,24.,-3.44983597236152));
#8361=CARTESIAN_POINT('Ctrl Pts',(20.1446358841454,24.,-3.56813227976664));
#8362=CARTESIAN_POINT('Ctrl Pts',(20.1421262308824,24.,-3.83613173810482));
#8363=CARTESIAN_POINT('Ctrl Pts',(20.0584410919576,24.,-4.30266685463549));
#8364=CARTESIAN_POINT('Ctrl Pts',(19.9234503868957,24.,-4.68529335247983));
#8365=CARTESIAN_POINT('Ctrl Pts',(19.7407650018112,24.,-5.00782970395093));
#8366=CARTESIAN_POINT('Ctrl Pts',(19.5634656793232,24.,-5.22909529081266));
#8367=CARTESIAN_POINT('Ctrl Pts',(19.4285480258456,24.,-5.37361280269677));
#8368=CARTESIAN_POINT('Ctrl Pts',(19.1648589739492,24.,-5.61312091241013));
#8369=CARTESIAN_POINT('Ctrl Pts',(18.7430780947811,24.,-5.85437066968857));
#8370=CARTESIAN_POINT('Ctrl Pts',(18.5260276272654,24.,-5.92045195339154));
#8371=CARTESIAN_POINT('Ctrl Pts',(18.4104725547615,24.,-5.95945835954806));
#8372=CARTESIAN_POINT('Ctrl Pts',(18.4020921594515,24.,-5.96225764361701));
#8373=CARTESIAN_POINT('Ctrl Pts',(18.39371553302,24.,-5.96506559158366));
#8374=CARTESIAN_POINT('Ctrl Pts',(18.39371553302,24.,-5.96506559158364));
#8375=CARTESIAN_POINT('Ctrl Pts',(18.3840491866495,23.9638737028379,-5.93020388902232));
#8376=CARTESIAN_POINT('Ctrl Pts',(18.3743920124178,23.9277474056758,-5.89534119775108));
#8377=CARTESIAN_POINT('Ctrl Pts',(18.364725362979,23.8916211085137,-5.86048007716433));
#8378=CARTESIAN_POINT('Ctrl Pts',(18.3520937280015,23.8444140382943,-5.81492624251357));
#8379=CARTESIAN_POINT('Ctrl Pts',(18.3394530947389,23.7972069680749,-5.76937402293385));
#8380=CARTESIAN_POINT('Ctrl Pts',(18.3268211640239,23.7499998978555,-5.72381961543852));
#8381=CARTESIAN_POINT('Ctrl Pts',(18.3139831915177,23.7020228242592,-5.67752216145796));
#8382=CARTESIAN_POINT('Ctrl Pts',(18.3011539685292,23.6540457276598,-5.63122256344378));
#8383=CARTESIAN_POINT('Ctrl Pts',(18.2883207684354,23.6060686345442,-5.58492114600716));
#8384=CARTESIAN_POINT('Ctrl Pts',(18.2788634758591,23.5707124176039,-5.55079980073129));
#8385=CARTESIAN_POINT('Ctrl Pts',(18.2694002628647,23.5353562025557,-5.5166780166377));
#8386=CARTESIAN_POINT('Ctrl Pts',(18.2599456556791,23.5,-5.48255321150353));
#8387=CARTESIAN_POINT('Ctrl Pts',(15.5007553009131,23.5,-1.17249449719493));
#8388=CARTESIAN_POINT('Ctrl Pts',(15.5012432128723,23.5,-1.17249735396534));
#8389=CARTESIAN_POINT('Ctrl Pts',(15.5017311278497,23.5,-1.1725002102361));
#8390=CARTESIAN_POINT('Ctrl Pts',(15.5857717165085,23.4999999999999,-1.17299246579105));
#8391=CARTESIAN_POINT('Ctrl Pts',(15.757913886162,23.5000000000003,-1.17399733790586));
#8392=CARTESIAN_POINT('Ctrl Pts',(16.0144499187909,23.5000000000005,-1.17590093988358));
#8393=CARTESIAN_POINT('Ctrl Pts',(16.2640586286846,23.5000000000008,-1.17853602658015));
#8394=CARTESIAN_POINT('Ctrl Pts',(16.4945946108387,23.5000000000011,-1.18279095582236));
#8395=CARTESIAN_POINT('Ctrl Pts',(16.7163231837434,23.5000000000015,-1.18961983534595));
#8396=CARTESIAN_POINT('Ctrl Pts',(16.921804541055,23.5000000000019,-1.19769273415549));
#8397=CARTESIAN_POINT('Ctrl Pts',(17.1180929546563,23.5000000000023,-1.20645748134958));
#8398=CARTESIAN_POINT('Ctrl Pts',(17.2984826612484,23.5000000000029,-1.2158146041725));
#8399=CARTESIAN_POINT('Ctrl Pts',(17.4680093631071,23.5000000000034,-1.22622153194668));
#8400=CARTESIAN_POINT('Ctrl Pts',(17.6226747568314,23.5000000000042,-1.23763920585141));
#8401=CARTESIAN_POINT('Ctrl Pts',(17.7689638516261,23.5000000000049,-1.25122504451343));
#8402=CARTESIAN_POINT('Ctrl Pts',(17.9387320700861,23.5000000000063,-1.27075558100162));
#8403=CARTESIAN_POINT('Ctrl Pts',(18.1267560816501,23.5000000000077,-1.30327851661346));
#8404=CARTESIAN_POINT('Ctrl Pts',(18.2494483029339,23.5000000000103,-1.32933298019538));
#8405=CARTESIAN_POINT('Ctrl Pts',(18.3996627368878,23.500000000011,-1.3731906152084));
#8406=CARTESIAN_POINT('Ctrl Pts',(18.521989815503,23.5000000000137,-1.41911228701328));
#8407=CARTESIAN_POINT('Ctrl Pts',(18.6494279807145,23.5000000000144,-1.48467460170767));
#8408=CARTESIAN_POINT('Ctrl Pts',(18.7127484707611,23.5000000000146,-1.52061577060486));
#8409=CARTESIAN_POINT('Ctrl Pts',(18.7773862359039,23.500000000015,-1.56087104263108));
#8410=CARTESIAN_POINT('Ctrl Pts',(18.9090007787318,23.5000000000152,-1.65052989038365));
#8411=CARTESIAN_POINT('Ctrl Pts',(19.0114219127163,23.5000000000201,-1.73736635789325));
#8412=CARTESIAN_POINT('Ctrl Pts',(19.0778894487717,23.5000000000206,-1.80420020990848));
#8413=CARTESIAN_POINT('Ctrl Pts',(19.0804134734415,23.5000000000206,-1.80674424801373));
#8414=CARTESIAN_POINT('Ctrl Pts',(19.0841762458464,23.5000000000206,-1.81055292717742));
#8415=CARTESIAN_POINT('Ctrl Pts',(19.0922718595075,23.5000000000205,-1.81881179580789));
#8416=CARTESIAN_POINT('Ctrl Pts',(19.1020400610603,23.5000000000204,-1.828974090754));
#8417=CARTESIAN_POINT('Ctrl Pts',(19.1164172578438,23.5000000000203,-1.84421432341554));
#8418=CARTESIAN_POINT('Ctrl Pts',(19.1351006766178,23.50000000002,-1.86452238887167));
#8419=CARTESIAN_POINT('Ctrl Pts',(19.1596789450596,23.5000000000196,-1.89238838531097));
#8420=CARTESIAN_POINT('Ctrl Pts',(19.1851909096012,23.5000000000192,-1.9226746866136));
#8421=CARTESIAN_POINT('Ctrl Pts',(19.2054407350306,23.5000000000186,-1.94779887796533));
#8422=CARTESIAN_POINT('Ctrl Pts',(19.2210661763688,23.5000000000185,-1.96781016448717));
#8423=CARTESIAN_POINT('Ctrl Pts',(19.2363239928307,23.5000000000182,-1.98776249021746));
#8424=CARTESIAN_POINT('Ctrl Pts',(19.2510506639103,23.500000000018,-2.00762728345124));
#8425=CARTESIAN_POINT('Ctrl Pts',(19.2626004470839,23.5000000000179,-2.02367349014548));
#8426=CARTESIAN_POINT('Ctrl Pts',(19.2678598648986,23.5000000000178,-2.03107134556219));
#8427=CARTESIAN_POINT('Ctrl Pts',(19.2713361041454,23.5000000000179,-2.03598259518813));
#8428=CARTESIAN_POINT('Ctrl Pts',(19.3013733965496,23.5000000000175,-2.07878289505769));
#8429=CARTESIAN_POINT('Ctrl Pts',(19.3366610618728,23.5000000000133,-2.13299898880902));
#8430=CARTESIAN_POINT('Ctrl Pts',(19.3859843163672,23.5000000000131,-2.21835028493563));
#8431=CARTESIAN_POINT('Ctrl Pts',(19.4405188412275,23.5000000000106,-2.32380498574882));
#8432=CARTESIAN_POINT('Ctrl Pts',(19.4992736019758,23.5000000000098,-2.4654666707492));
#8433=CARTESIAN_POINT('Ctrl Pts',(19.5549169323421,23.5000000000086,-2.63882489477216));
#8434=CARTESIAN_POINT('Ctrl Pts',(19.6018782981504,23.5000000000075,-2.84474899460619));
#8435=CARTESIAN_POINT('Ctrl Pts',(19.6399230713035,23.5000000000072,-3.10915698836339));
#8436=CARTESIAN_POINT('Ctrl Pts',(19.6444231201357,23.5000000000008,-3.29686791422927));
#8437=CARTESIAN_POINT('Ctrl Pts',(19.6480191929852,23.5,-3.44499155289544));
#8438=CARTESIAN_POINT('Ctrl Pts',(19.6481208335045,23.5,-3.44921563437227));
#8439=CARTESIAN_POINT('Ctrl Pts',(19.6482227058874,23.5,-3.45344042429883));
#8440=CARTESIAN_POINT('Ctrl Pts',(15.5017311331947,23.6666666666667,-1.00583068729867));
#8441=CARTESIAN_POINT('Ctrl Pts',(15.5022187384213,23.6666666666667,-1.00583354556651));
#8442=CARTESIAN_POINT('Ctrl Pts',(15.5027072074559,23.6666666666667,-1.00583639916032));
#8443=CARTESIAN_POINT('Ctrl Pts',(15.5867358937169,23.6666666666666,-1.00632869360437));
#8444=CARTESIAN_POINT('Ctrl Pts',(15.7589968827051,23.6666666666669,-1.0073339334987));
#8445=CARTESIAN_POINT('Ctrl Pts',(16.0158601769983,23.6666666666672,-1.00924031110307));
#8446=CARTESIAN_POINT('Ctrl Pts',(16.2662770261323,23.6666666666675,-1.01188240542282));
#8447=CARTESIAN_POINT('Ctrl Pts',(16.4986490538523,23.6666666666678,-1.01616903878761));
#8448=CARTESIAN_POINT('Ctrl Pts',(16.7223226752652,23.6666666666681,-1.02305899938165));
#8449=CARTESIAN_POINT('Ctrl Pts',(16.9287525218579,23.6666666666686,-1.03117067241864));
#8450=CARTESIAN_POINT('Ctrl Pts',(17.1260582054864,23.666666666669,-1.0399794264966));
#8451=CARTESIAN_POINT('Ctrl Pts',(17.3077858790209,23.6666666666695,-1.04940628828713));
#8452=CARTESIAN_POINT('Ctrl Pts',(17.4790995324005,23.6666666666701,-1.05991845233274));
#8453=CARTESIAN_POINT('Ctrl Pts',(17.636328055773,23.6666666666708,-1.07152672593186));
#8454=CARTESIAN_POINT('Ctrl Pts',(17.7857741725737,23.6666666666716,-1.08539071573245));
#8455=CARTESIAN_POINT('Ctrl Pts',(17.9626538514289,23.666666666673,-1.10573394030865));
#8456=CARTESIAN_POINT('Ctrl Pts',(18.1578968529172,23.6666666666743,-1.13952005869288));
#8457=CARTESIAN_POINT('Ctrl Pts',(18.2882097572863,23.666666666677,-1.16708076673536));
#8458=CARTESIAN_POINT('Ctrl Pts',(18.4543137526506,23.6666666666777,-1.21548236360166));
#8459=CARTESIAN_POINT('Ctrl Pts',(18.5885323576922,23.6666666666803,-1.26595984862638));
#8460=CARTESIAN_POINT('Ctrl Pts',(18.7288456449065,23.666666666681,-1.3380769025441));
#8461=CARTESIAN_POINT('Ctrl Pts',(18.798020252326,23.6666666666813,-1.37736907744399));
#8462=CARTESIAN_POINT('Ctrl Pts',(18.8685245525662,23.6666666666817,-1.42127211856298));
#8463=CARTESIAN_POINT('Ctrl Pts',(19.0110089955545,23.6666666666819,-1.51834594162326));
#8464=CARTESIAN_POINT('Ctrl Pts',(19.1228343284691,23.6666666666867,-1.61301542569608));
#8465=CARTESIAN_POINT('Ctrl Pts',(19.1960820895281,23.6666666666872,-1.68669313338586));
#8466=CARTESIAN_POINT('Ctrl Pts',(19.1988671822573,23.6666666666872,-1.6894979847289));
#8467=CARTESIAN_POINT('Ctrl Pts',(19.2030114390896,23.6666666666872,-1.69369383098188));
#8468=CARTESIAN_POINT('Ctrl Pts',(19.2119289421409,23.6666666666872,-1.70279046574808));
#8469=CARTESIAN_POINT('Ctrl Pts',(19.2226771177797,23.6666666666871,-1.7139728117773));
#8470=CARTESIAN_POINT('Ctrl Pts',(19.2384839479645,23.666666666687,-1.73072829885244));
#8471=CARTESIAN_POINT('Ctrl Pts',(19.2590002135581,23.6666666666867,-1.75302908289413));
#8472=CARTESIAN_POINT('Ctrl Pts',(19.2859350483814,23.6666666666862,-1.78356751448255));
#8473=CARTESIAN_POINT('Ctrl Pts',(19.3138316493862,23.6666666666859,-1.81668569422992));
#8474=CARTESIAN_POINT('Ctrl Pts',(19.3359262797033,23.6666666666852,-1.84409920195233));
#8475=CARTESIAN_POINT('Ctrl Pts',(19.3529510489998,23.6666666666851,-1.86590300801571));
#8476=CARTESIAN_POINT('Ctrl Pts',(19.3695559219218,23.6666666666849,-1.88761632469798));
#8477=CARTESIAN_POINT('Ctrl Pts',(19.3855652795306,23.6666666666846,-1.90921320228027));
#8478=CARTESIAN_POINT('Ctrl Pts',(19.3980945957337,23.6666666666845,-1.92661870000313));
#8479=CARTESIAN_POINT('Ctrl Pts',(19.4038074154609,23.6666666666845,-1.93465635033848));
#8480=CARTESIAN_POINT('Ctrl Pts',(19.4075576258532,23.6666666666845,-1.93994962964907));
#8481=CARTESIAN_POINT('Ctrl Pts',(19.4402971869134,23.6666666666841,-1.98664395930066));
#8482=CARTESIAN_POINT('Ctrl Pts',(19.4784660258262,23.6666666666799,-2.04526633524018));
#8483=CARTESIAN_POINT('Ctrl Pts',(19.5322885333806,23.6666666666798,-2.13838637709482));
#8484=CARTESIAN_POINT('Ctrl Pts',(19.5920040533664,23.6666666666772,-2.25385872125284));
#8485=CARTESIAN_POINT('Ctrl Pts',(19.6562229747156,23.6666666666765,-2.40876405439253));
#8486=CARTESIAN_POINT('Ctrl Pts',(19.7158930884324,23.6666666666753,-2.59499228163184));
#8487=CARTESIAN_POINT('Ctrl Pts',(19.7658743005126,23.6666666666741,-2.814019359586));
#8488=CARTESIAN_POINT('Ctrl Pts',(19.8066498442911,23.6666666666739,-3.09746214994525));
#8489=CARTESIAN_POINT('Ctrl Pts',(19.8109688908218,23.6666666666675,-3.29330249660787));
#8490=CARTESIAN_POINT('Ctrl Pts',(19.814639582232,23.6666666666667,-3.4409602077861));
#8491=CARTESIAN_POINT('Ctrl Pts',(19.8147369051697,23.6666666666667,-3.44521177478778));
#8492=CARTESIAN_POINT('Ctrl Pts',(19.8148409405868,23.6666666666667,-3.44942275788319));
#8493=CARTESIAN_POINT('Ctrl Pts',(15.5027069654763,23.8333333333333,-0.839166877402415));
#8494=CARTESIAN_POINT('Ctrl Pts',(15.5031951841681,23.8333333333333,-0.83916973267539));
#8495=CARTESIAN_POINT('Ctrl Pts',(15.5036825529566,23.8333333333333,-0.839172591670539));
#8496=CARTESIAN_POINT('Ctrl Pts',(15.587732424398,23.8333333333333,-0.839664790634497));
#8497=CARTESIAN_POINT('Ctrl Pts',(15.7600899640989,23.8333333333336,-0.840670532849884));
#8498=CARTESIAN_POINT('Ctrl Pts',(16.0172937009431,23.8333333333339,-0.842579401949073));
#8499=CARTESIAN_POINT('Ctrl Pts',(16.2684604546771,23.8333333333342,-0.845227577087954));
#8500=CARTESIAN_POINT('Ctrl Pts',(16.5027445658798,23.8333333333345,-0.849546876007003));
#8501=CARTESIAN_POINT('Ctrl Pts',(16.7284479937664,23.8333333333348,-0.856500442890803));
#8502=CARTESIAN_POINT('Ctrl Pts',(16.9357703627359,23.8333333333353,-0.8646471498094));
#8503=CARTESIAN_POINT('Ctrl Pts',(17.1341038642234,23.8333333333357,-0.873501688112129));
#8504=CARTESIAN_POINT('Ctrl Pts',(17.3171157774843,23.8333333333363,-0.88299112708027));
#8505=CARTESIAN_POINT('Ctrl Pts',(17.4903344663554,23.8333333333368,-0.893618113317502));
#8506=CARTESIAN_POINT('Ctrl Pts',(17.6499350436927,23.8333333333376,-0.905398707667831));
#8507=CARTESIAN_POINT('Ctrl Pts',(17.8027126940592,23.8333333333384,-0.919551239209573));
#8508=CARTESIAN_POINT('Ctrl Pts',(17.9866747988328,23.8333333333398,-0.940705731601679));
#8509=CARTESIAN_POINT('Ctrl Pts',(18.1891681701389,23.8333333333412,-0.975768623581266));
#8510=CARTESIAN_POINT('Ctrl Pts',(18.3271485478875,23.8333333333439,-1.00476816886444));
#8511=CARTESIAN_POINT('Ctrl Pts',(18.5091335335487,23.8333333333446,-1.05784988531737));
#8512=CARTESIAN_POINT('Ctrl Pts',(18.6553922862362,23.8333333333473,-1.11280517804849));
#8513=CARTESIAN_POINT('Ctrl Pts',(18.808276331199,23.833333333348,-1.19148260972555));
#8514=CARTESIAN_POINT('Ctrl Pts',(18.8833902805546,23.8333333333483,-1.23411015778449));
#8515=CARTESIAN_POINT('Ctrl Pts',(18.9597538419658,23.8333333333486,-1.28169162719862));
#8516=CARTESIAN_POINT('Ctrl Pts',(19.112979709916,23.8333333333489,-1.38605790154531));
#8517=CARTESIAN_POINT('Ctrl Pts',(19.2340725371679,23.8333333333538,-1.48848540888562));
#8518=CARTESIAN_POINT('Ctrl Pts',(19.3142812524171,23.8333333333544,-1.5690822132697));
#8519=CARTESIAN_POINT('Ctrl Pts',(19.3173145450745,23.8333333333543,-1.57214226747776));
#8520=CARTESIAN_POINT('Ctrl Pts',(19.3218461275227,23.8333333333543,-1.57672785195135));
#8521=CARTESIAN_POINT('Ctrl Pts',(19.3315816048981,23.8333333333543,-1.5866604655833));
#8522=CARTESIAN_POINT('Ctrl Pts',(19.3433125674664,23.8333333333542,-1.59886377194679));
#8523=CARTESIAN_POINT('Ctrl Pts',(19.3605483066102,23.8333333333541,-1.61713406967271));
#8524=CARTESIAN_POINT('Ctrl Pts',(19.3828986690754,23.8333333333538,-1.64142691759214));
#8525=CARTESIAN_POINT('Ctrl Pts',(19.4121915848013,23.8333333333533,-1.67463737696692));
#8526=CARTESIAN_POINT('Ctrl Pts',(19.4424734100556,23.833333333353,-1.71058528434784));
#8527=CARTESIAN_POINT('Ctrl Pts',(19.46641640025,23.8333333333523,-1.74028845075678));
#8528=CARTESIAN_POINT('Ctrl Pts',(19.4848385718642,23.8333333333522,-1.76388057943891));
#8529=CARTESIAN_POINT('Ctrl Pts',(19.5027973248881,23.833333333352,-1.78736368157776));
#8530=CARTESIAN_POINT('Ctrl Pts',(19.5200771357872,23.8333333333517,-1.81066919383334));
#8531=CARTESIAN_POINT('Ctrl Pts',(19.5336048957757,23.8333333333516,-1.82946443515286));
#8532=CARTESIAN_POINT('Ctrl Pts',(19.5397474184083,23.8333333333516,-1.83810203098393));
#8533=CARTESIAN_POINT('Ctrl Pts',(19.5438317633059,23.8333333333516,-1.84387775176633));
#8534=CARTESIAN_POINT('Ctrl Pts',(19.5787245007525,23.8333333333512,-1.89354396032419));
#8535=CARTESIAN_POINT('Ctrl Pts',(19.6203456804541,23.8333333333469,-1.95746192003178));
#8536=CARTESIAN_POINT('Ctrl Pts',(19.6783300607729,23.8333333333467,-2.05774648965492));
#8537=CARTESIAN_POINT('Ctrl Pts',(19.7433693960602,23.8333333333441,-2.18348427501308));
#8538=CARTESIAN_POINT('Ctrl Pts',(19.8130446304048,23.8333333333434,-2.35157346105758));
#8539=CARTESIAN_POINT('Ctrl Pts',(19.8767563614142,23.8333333333422,-2.5507587347855));
#8540=CARTESIAN_POINT('Ctrl Pts',(19.9297954373466,23.833333333341,-2.78268637655775));
#8541=CARTESIAN_POINT('Ctrl Pts',(19.9732616456227,23.8333333333407,-3.08587281373107));
#8542=CARTESIAN_POINT('Ctrl Pts',(19.9777382977197,23.8333333333342,-3.28860485940185));
#8543=CARTESIAN_POINT('Ctrl Pts',(19.9812533958873,23.8333333333333,-3.43696681177946));
#8544=CARTESIAN_POINT('Ctrl Pts',(19.9813594659376,23.8333333333333,-3.44116649470984));
#8545=CARTESIAN_POINT('Ctrl Pts',(19.9814591752862,23.8333333333333,-3.44540509146755));
#8546=CARTESIAN_POINT('Ctrl Pts',(15.5036827977579,24.,-0.672503067506157));
#8547=CARTESIAN_POINT('Ctrl Pts',(15.5041707097171,24.,-0.672505924276566));
#8548=CARTESIAN_POINT('Ctrl Pts',(15.5046586325628,24.,-0.672508780594762));
#8549=CARTESIAN_POINT('Ctrl Pts',(15.5886966016064,24.,-0.673001018447816));
#8550=CARTESIAN_POINT('Ctrl Pts',(15.761172960642,24.0000000000003,-0.674007128442718));
#8551=CARTESIAN_POINT('Ctrl Pts',(16.0187039591506,24.0000000000005,-0.675918773168565));
#8552=CARTESIAN_POINT('Ctrl Pts',(16.2706788521249,24.0000000000008,-0.678573955930627));
#8553=CARTESIAN_POINT('Ctrl Pts',(16.5067990088934,24.0000000000012,-0.682924958972255));
#8554=CARTESIAN_POINT('Ctrl Pts',(16.7344474852883,24.0000000000015,-0.689939606926496));
#8555=CARTESIAN_POINT('Ctrl Pts',(16.9427183435388,24.0000000000019,-0.69812508807255));
#8556=CARTESIAN_POINT('Ctrl Pts',(17.1420691150535,24.0000000000024,-0.707023633259141));
#8557=CARTESIAN_POINT('Ctrl Pts',(17.3264189952569,24.0000000000029,-0.716582811194896));
#8558=CARTESIAN_POINT('Ctrl Pts',(17.5014246356487,24.0000000000035,-0.727315033703562));
#8559=CARTESIAN_POINT('Ctrl Pts',(17.6635883426342,24.0000000000043,-0.739286227748283));
#8560=CARTESIAN_POINT('Ctrl Pts',(17.8195230150068,24.000000000005,-0.753716910428595));
#8561=CARTESIAN_POINT('Ctrl Pts',(18.0105965801755,24.0000000000064,-0.775684090908709));
#8562=CARTESIAN_POINT('Ctrl Pts',(18.220308941406,24.0000000000078,-0.812010165660684));
#8563=CARTESIAN_POINT('Ctrl Pts',(18.3659100022399,24.0000000000105,-0.842515955404421));
#8564=CARTESIAN_POINT('Ctrl Pts',(18.5637845493115,24.0000000000113,-0.900141633710627));
#8565=CARTESIAN_POINT('Ctrl Pts',(18.7219348284254,24.000000000014,-0.959652739661587));
#8566=CARTESIAN_POINT('Ctrl Pts',(18.887693995391,24.0000000000147,-1.04488491056198));
#8567=CARTESIAN_POINT('Ctrl Pts',(18.9686620621195,24.0000000000149,-1.09086346462362));
#8568=CARTESIAN_POINT('Ctrl Pts',(19.0508921586282,24.0000000000153,-1.14209270313052));
#8569=CARTESIAN_POINT('Ctrl Pts',(19.2149879267387,24.0000000000156,-1.25387395278491));
#8570=CARTESIAN_POINT('Ctrl Pts',(19.3454849529207,24.0000000000205,-1.36413447668845));
#8571=CARTESIAN_POINT('Ctrl Pts',(19.4324738931735,24.000000000021,-1.45157513674708));
#8572=CARTESIAN_POINT('Ctrl Pts',(19.4357682538903,24.000000000021,-1.45489600419293));
#8573=CARTESIAN_POINT('Ctrl Pts',(19.4406813207659,24.000000000021,-1.45986875575581));
#8574=CARTESIAN_POINT('Ctrl Pts',(19.4512386875315,24.000000000021,-1.47063913552348));
#8575=CARTESIAN_POINT('Ctrl Pts',(19.4639496241858,24.0000000000209,-1.48386249297009));
#8576=CARTESIAN_POINT('Ctrl Pts',(19.4826149967309,24.0000000000208,-1.50364804510961));
#8577=CARTESIAN_POINT('Ctrl Pts',(19.5067982060156,24.0000000000205,-1.5299336116146));
#8578=CARTESIAN_POINT('Ctrl Pts',(19.538447688123,24.00000000002,-1.5658165061385));
#8579=CARTESIAN_POINT('Ctrl Pts',(19.5711141498406,24.0000000000196,-1.60459629196416));
#8580=CARTESIAN_POINT('Ctrl Pts',(19.5969019449227,24.000000000019,-1.63658877474377));
#8581=CARTESIAN_POINT('Ctrl Pts',(19.6167234444952,24.0000000000189,-1.66197342296746));
#8582=CARTESIAN_POINT('Ctrl Pts',(19.6360292539793,24.0000000000186,-1.68721751605827));
#8583=CARTESIAN_POINT('Ctrl Pts',(19.6545917514075,24.0000000000184,-1.71225511266237));
#8584=CARTESIAN_POINT('Ctrl Pts',(19.6690990444255,24.0000000000183,-1.7324096450105));
#8585=CARTESIAN_POINT('Ctrl Pts',(19.6756949689705,24.0000000000182,-1.74168703576023));
#8586=CARTESIAN_POINT('Ctrl Pts',(19.6800532850138,24.0000000000182,-1.74784478622727));
#8587=CARTESIAN_POINT('Ctrl Pts',(19.7176482911164,24.0000000000179,-1.80140502456717));
#8588=CARTESIAN_POINT('Ctrl Pts',(19.7621506444075,24.0000000000135,-1.86972926646294));
#8589=CARTESIAN_POINT('Ctrl Pts',(19.8246342777863,24.0000000000134,-1.97778258181411));
#8590=CARTESIAN_POINT('Ctrl Pts',(19.8948546081991,24.0000000000108,-2.1135380105171));
#8591=CARTESIAN_POINT('Ctrl Pts',(19.9699940031446,24.00000000001,-2.29487084470092));
#8592=CARTESIAN_POINT('Ctrl Pts',(20.0377325175046,24.0000000000088,-2.50692612164519));
#8593=CARTESIAN_POINT('Ctrl Pts',(20.0937914397088,24.0000000000076,-2.75195674153757));
#8594=CARTESIAN_POINT('Ctrl Pts',(20.1399884186103,24.0000000000074,-3.07417797531293));
#8595=CARTESIAN_POINT('Ctrl Pts',(20.1442840684058,24.0000000000008,-3.28503944178045));
#8596=CARTESIAN_POINT('Ctrl Pts',(20.1478737851342,24.,-3.43293546667011));
#8597=CARTESIAN_POINT('Ctrl Pts',(20.1479755376028,24.,-3.43716263512535));
#8598=CARTESIAN_POINT('Ctrl Pts',(20.1480774099856,24.,-3.44138742505191));
#8599=CARTESIAN_POINT('',(15.5022190367907,23.5,-1.17250306750616));
#8600=CARTESIAN_POINT('Ctrl Pts',(19.6479165864519,23.5,-3.44076514990073));
#8601=CARTESIAN_POINT('Ctrl Pts',(19.6444231201357,23.5000000000008,-3.29686791422927));
#8602=CARTESIAN_POINT('Ctrl Pts',(19.6399230713035,23.5000000000072,-3.10915698836339));
#8603=CARTESIAN_POINT('Ctrl Pts',(19.6018782981504,23.5000000000075,-2.84474899460619));
#8604=CARTESIAN_POINT('Ctrl Pts',(19.5549169323421,23.5000000000086,-2.63882489477216));
#8605=CARTESIAN_POINT('Ctrl Pts',(19.4992736019758,23.5000000000098,-2.4654666707492));
#8606=CARTESIAN_POINT('Ctrl Pts',(19.4405188412275,23.5000000000106,-2.32380498574882));
#8607=CARTESIAN_POINT('Ctrl Pts',(19.3859843163672,23.5000000000131,-2.21835028493563));
#8608=CARTESIAN_POINT('Ctrl Pts',(19.3366610618728,23.5000000000133,-2.13299898880902));
#8609=CARTESIAN_POINT('Ctrl Pts',(19.3013733965496,23.5000000000175,-2.07878289505769));
#8610=CARTESIAN_POINT('Ctrl Pts',(19.2713361041454,23.5000000000179,-2.03598259518813));
#8611=CARTESIAN_POINT('Ctrl Pts',(19.2678598648986,23.5000000000178,-2.03107134556219));
#8612=CARTESIAN_POINT('Ctrl Pts',(19.2626004470839,23.5000000000179,-2.02367349014548));
#8613=CARTESIAN_POINT('Ctrl Pts',(19.2510506639103,23.500000000018,-2.00762728345124));
#8614=CARTESIAN_POINT('Ctrl Pts',(19.2363239928307,23.5000000000182,-1.98776249021746));
#8615=CARTESIAN_POINT('Ctrl Pts',(19.2210661763688,23.5000000000185,-1.96781016448717));
#8616=CARTESIAN_POINT('Ctrl Pts',(19.2054407350306,23.5000000000186,-1.94779887796533));
#8617=CARTESIAN_POINT('Ctrl Pts',(19.1851909096012,23.5000000000192,-1.9226746866136));
#8618=CARTESIAN_POINT('Ctrl Pts',(19.1596789450596,23.5000000000196,-1.89238838531097));
#8619=CARTESIAN_POINT('Ctrl Pts',(19.1351006766178,23.50000000002,-1.86452238887167));
#8620=CARTESIAN_POINT('Ctrl Pts',(19.1164172578438,23.5000000000203,-1.84421432341554));
#8621=CARTESIAN_POINT('Ctrl Pts',(19.1020400610603,23.5000000000204,-1.828974090754));
#8622=CARTESIAN_POINT('Ctrl Pts',(19.0922718595075,23.5000000000205,-1.81881179580789));
#8623=CARTESIAN_POINT('Ctrl Pts',(19.0841762458464,23.5000000000206,-1.81055292717742));
#8624=CARTESIAN_POINT('Ctrl Pts',(19.0804134734415,23.5000000000206,-1.80674424801373));
#8625=CARTESIAN_POINT('Ctrl Pts',(19.0778894487717,23.5000000000206,-1.80420020990848));
#8626=CARTESIAN_POINT('Ctrl Pts',(19.0114219127163,23.5000000000201,-1.73736635789325));
#8627=CARTESIAN_POINT('Ctrl Pts',(18.9090007787318,23.5000000000152,-1.65052989038365));
#8628=CARTESIAN_POINT('Ctrl Pts',(18.7773862359039,23.500000000015,-1.56087104263108));
#8629=CARTESIAN_POINT('Ctrl Pts',(18.7127484707611,23.5000000000146,-1.52061577060486));
#8630=CARTESIAN_POINT('Ctrl Pts',(18.6494279807145,23.5000000000144,-1.48467460170767));
#8631=CARTESIAN_POINT('Ctrl Pts',(18.521989815503,23.5000000000137,-1.41911228701328));
#8632=CARTESIAN_POINT('Ctrl Pts',(18.3996627368878,23.500000000011,-1.3731906152084));
#8633=CARTESIAN_POINT('Ctrl Pts',(18.2494483029339,23.5000000000103,-1.32933298019538));
#8634=CARTESIAN_POINT('Ctrl Pts',(18.1267560816501,23.5000000000077,-1.30327851661346));
#8635=CARTESIAN_POINT('Ctrl Pts',(17.9387320700861,23.5000000000063,-1.27075558100162));
#8636=CARTESIAN_POINT('Ctrl Pts',(17.7689638516261,23.5000000000049,-1.25122504451343));
#8637=CARTESIAN_POINT('Ctrl Pts',(17.6226747568314,23.5000000000042,-1.23763920585141));
#8638=CARTESIAN_POINT('Ctrl Pts',(17.4680093631071,23.5000000000034,-1.22622153194668));
#8639=CARTESIAN_POINT('Ctrl Pts',(17.2984826612484,23.5000000000029,-1.2158146041725));
#8640=CARTESIAN_POINT('Ctrl Pts',(17.1180929546563,23.5000000000023,-1.20645748134958));
#8641=CARTESIAN_POINT('Ctrl Pts',(16.921804541055,23.5000000000019,-1.19769273415549));
#8642=CARTESIAN_POINT('Ctrl Pts',(16.7163231837434,23.5000000000015,-1.18961983534595));
#8643=CARTESIAN_POINT('Ctrl Pts',(16.4945946108387,23.5000000000011,-1.18279095582236));
#8644=CARTESIAN_POINT('Ctrl Pts',(16.2640586286846,23.5000000000008,-1.17853602658015));
#8645=CARTESIAN_POINT('Ctrl Pts',(16.0144499187909,23.5000000000005,-1.17590093988358));
#8646=CARTESIAN_POINT('Ctrl Pts',(15.757913886162,23.5000000000003,-1.17399733790586));
#8647=CARTESIAN_POINT('Ctrl Pts',(15.5857717165085,23.4999999999999,-1.17299246579105));
#8648=CARTESIAN_POINT('Ctrl Pts',(15.5022190332859,23.5,-1.1725030680714));
#8649=CARTESIAN_POINT('',(15.5036828103026,24.,-0.672503067579607));
#8650=CARTESIAN_POINT('Ctrl Pts',(15.502219036789,23.5000000002929,-1.17250306779903));
#8651=CARTESIAN_POINT('Ctrl Pts',(15.502706961302,23.6666666654092,-1.00583639960653));
#8652=CARTESIAN_POINT('Ctrl Pts',(15.5031948857986,23.8333333333333,-0.839169734221744));
#8653=CARTESIAN_POINT('Ctrl Pts',(15.5036828103026,24.,-0.672503067579607));
#8654=CARTESIAN_POINT('Ctrl Pts',(15.5036828228473,24.,-0.672503067653058));
#8655=CARTESIAN_POINT('Ctrl Pts',(15.5041707264437,24.,-0.672505924374484));
#8656=CARTESIAN_POINT('Ctrl Pts',(15.5046586409255,24.,-0.672508780643746));
#8657=CARTESIAN_POINT('Ctrl Pts',(15.5886966016064,24.,-0.673001018447816));
#8658=CARTESIAN_POINT('Ctrl Pts',(15.761172960642,24.0000000000003,-0.674007128442718));
#8659=CARTESIAN_POINT('Ctrl Pts',(16.0187039591506,24.0000000000005,-0.675918773168565));
#8660=CARTESIAN_POINT('Ctrl Pts',(16.2706788521249,24.0000000000008,-0.678573955930627));
#8661=CARTESIAN_POINT('Ctrl Pts',(16.5067990088934,24.0000000000012,-0.682924958972255));
#8662=CARTESIAN_POINT('Ctrl Pts',(16.7344474852883,24.0000000000015,-0.689939606926496));
#8663=CARTESIAN_POINT('Ctrl Pts',(16.9427183435388,24.0000000000019,-0.69812508807255));
#8664=CARTESIAN_POINT('Ctrl Pts',(17.1420691150535,24.0000000000024,-0.707023633259141));
#8665=CARTESIAN_POINT('Ctrl Pts',(17.3264189952569,24.0000000000029,-0.716582811194896));
#8666=CARTESIAN_POINT('Ctrl Pts',(17.5014246356487,24.0000000000035,-0.727315033703562));
#8667=CARTESIAN_POINT('Ctrl Pts',(17.6635883426342,24.0000000000043,-0.739286227748283));
#8668=CARTESIAN_POINT('Ctrl Pts',(17.8195230150068,24.000000000005,-0.753716910428595));
#8669=CARTESIAN_POINT('Ctrl Pts',(18.0105965801755,24.0000000000064,-0.775684090908709));
#8670=CARTESIAN_POINT('Ctrl Pts',(18.220308941406,24.0000000000078,-0.812010165660684));
#8671=CARTESIAN_POINT('Ctrl Pts',(18.3659100022399,24.0000000000105,-0.842515955404421));
#8672=CARTESIAN_POINT('Ctrl Pts',(18.5637845493115,24.0000000000113,-0.900141633710627));
#8673=CARTESIAN_POINT('Ctrl Pts',(18.7219348284254,24.000000000014,-0.959652739661587));
#8674=CARTESIAN_POINT('Ctrl Pts',(18.887693995391,24.0000000000147,-1.04488491056198));
#8675=CARTESIAN_POINT('Ctrl Pts',(18.9686620621195,24.0000000000149,-1.09086346462362));
#8676=CARTESIAN_POINT('Ctrl Pts',(19.0508921586282,24.0000000000153,-1.14209270313052));
#8677=CARTESIAN_POINT('Ctrl Pts',(19.2149879267387,24.0000000000156,-1.25387395278491));
#8678=CARTESIAN_POINT('Ctrl Pts',(19.3454849529207,24.0000000000205,-1.36413447668845));
#8679=CARTESIAN_POINT('Ctrl Pts',(19.4324738931735,24.000000000021,-1.45157513674708));
#8680=CARTESIAN_POINT('Ctrl Pts',(19.4357682538903,24.000000000021,-1.45489600419293));
#8681=CARTESIAN_POINT('Ctrl Pts',(19.4406813207659,24.000000000021,-1.45986875575581));
#8682=CARTESIAN_POINT('Ctrl Pts',(19.4512386875315,24.000000000021,-1.47063913552348));
#8683=CARTESIAN_POINT('Ctrl Pts',(19.4639496241858,24.0000000000209,-1.48386249297009));
#8684=CARTESIAN_POINT('Ctrl Pts',(19.4826149967309,24.0000000000208,-1.50364804510961));
#8685=CARTESIAN_POINT('Ctrl Pts',(19.5067982060156,24.0000000000205,-1.5299336116146));
#8686=CARTESIAN_POINT('Ctrl Pts',(19.538447688123,24.00000000002,-1.5658165061385));
#8687=CARTESIAN_POINT('Ctrl Pts',(19.5711141498406,24.0000000000196,-1.60459629196416));
#8688=CARTESIAN_POINT('Ctrl Pts',(19.5969019449227,24.000000000019,-1.63658877474377));
#8689=CARTESIAN_POINT('Ctrl Pts',(19.6167234444952,24.0000000000189,-1.66197342296746));
#8690=CARTESIAN_POINT('Ctrl Pts',(19.6360292539793,24.0000000000186,-1.68721751605827));
#8691=CARTESIAN_POINT('Ctrl Pts',(19.6545917514075,24.0000000000184,-1.71225511266237));
#8692=CARTESIAN_POINT('Ctrl Pts',(19.6690990444255,24.0000000000183,-1.7324096450105));
#8693=CARTESIAN_POINT('Ctrl Pts',(19.6756949689705,24.0000000000182,-1.74168703576023));
#8694=CARTESIAN_POINT('Ctrl Pts',(19.6800532850138,24.0000000000182,-1.74784478622727));
#8695=CARTESIAN_POINT('Ctrl Pts',(19.7176482911164,24.0000000000179,-1.80140502456717));
#8696=CARTESIAN_POINT('Ctrl Pts',(19.7621506444075,24.0000000000135,-1.86972926646294));
#8697=CARTESIAN_POINT('Ctrl Pts',(19.8246342777863,24.0000000000134,-1.97778258181411));
#8698=CARTESIAN_POINT('Ctrl Pts',(19.8948546081991,24.0000000000108,-2.1135380105171));
#8699=CARTESIAN_POINT('Ctrl Pts',(19.9699940031446,24.00000000001,-2.29487084470092));
#8700=CARTESIAN_POINT('Ctrl Pts',(20.0377325175046,24.0000000000088,-2.50692612164519));
#8701=CARTESIAN_POINT('Ctrl Pts',(20.0937914397088,24.0000000000076,-2.75195674153757));
#8702=CARTESIAN_POINT('Ctrl Pts',(20.1399884186103,24.0000000000074,-3.07417797531293));
#8703=CARTESIAN_POINT('Ctrl Pts',(20.1442840684058,24.0000000000008,-3.28503944178045));
#8704=CARTESIAN_POINT('Ctrl Pts',(20.1478737851342,24.,-3.43293546667011));
#8705=CARTESIAN_POINT('Ctrl Pts',(20.1479755376028,24.,-3.43716263512535));
#8706=CARTESIAN_POINT('Ctrl Pts',(20.1480774099856,24.,-3.44138742505191));
#8707=CARTESIAN_POINT('Ctrl Pts',(18.2858096926477,23.5,-5.47684808922067));
#8708=CARTESIAN_POINT('Ctrl Pts',(18.2771831536824,23.5,-5.47875472700415));
#8709=CARTESIAN_POINT('Ctrl Pts',(18.2685532373616,23.5,-5.48066093437002));
#8710=CARTESIAN_POINT('Ctrl Pts',(18.2186976594543,23.5,-5.49168513219157));
#8711=CARTESIAN_POINT('Ctrl Pts',(18.1334086784551,23.5,-5.51083714590854));
#8712=CARTESIAN_POINT('Ctrl Pts',(17.95499399,23.5,-5.54063560886232));
#8713=CARTESIAN_POINT('Ctrl Pts',(17.7056714249097,23.5,-5.56213857489593));
#8714=CARTESIAN_POINT('Ctrl Pts',(17.4062673413092,23.5,-5.580663850473));
#8715=CARTESIAN_POINT('Ctrl Pts',(17.0964209618579,23.5,-5.59378721347799));
#8716=CARTESIAN_POINT('Ctrl Pts',(16.8400401789226,23.5,-5.6015395037426));
#8717=CARTESIAN_POINT('Ctrl Pts',(16.6462375933059,23.5,-5.60734182531431));
#8718=CARTESIAN_POINT('Ctrl Pts',(16.2682057037754,23.5,-5.61001262896124));
#8719=CARTESIAN_POINT('Ctrl Pts',(15.8396562158501,23.5,-5.61238187129415));
#8720=CARTESIAN_POINT('Ctrl Pts',(15.631673692126,23.5,-5.6140781375503));
#8721=CARTESIAN_POINT('Ctrl Pts',(18.3217783061051,23.6666666666667,-5.639587256675));
#8722=CARTESIAN_POINT('Ctrl Pts',(18.3132028501066,23.6666666666667,-5.64146998244965));
#8723=CARTESIAN_POINT('Ctrl Pts',(18.3044703719994,23.6666666666667,-5.64342389652466));
#8724=CARTESIAN_POINT('Ctrl Pts',(18.2549193063406,23.6666666666667,-5.65431255033624));
#8725=CARTESIAN_POINT('Ctrl Pts',(18.1662339089306,23.6666666666667,-5.6744302128845));
#8726=CARTESIAN_POINT('Ctrl Pts',(17.9739253115646,23.6666666666667,-5.70636889544501));
#8727=CARTESIAN_POINT('Ctrl Pts',(17.7166501496277,23.6666666666667,-5.72844849887889));
#8728=CARTESIAN_POINT('Ctrl Pts',(17.4152844376175,23.6666666666667,-5.74709429928682));
#8729=CARTESIAN_POINT('Ctrl Pts',(17.1020312996463,23.6666666666667,-5.76036861927094));
#8730=CARTESIAN_POINT('Ctrl Pts',(16.8451608367736,23.6666666666667,-5.76812383941026));
#8731=CARTESIAN_POINT('Ctrl Pts',(16.6491134810892,23.6666666666667,-5.77399676718336));
#8732=CARTESIAN_POINT('Ctrl Pts',(16.2680191891182,23.6666666666667,-5.77668252563591));
#8733=CARTESIAN_POINT('Ctrl Pts',(15.8412862117333,23.6666666666667,-5.77904198180861));
#8734=CARTESIAN_POINT('Ctrl Pts',(15.6330329488343,23.6666666666667,-5.7807392613884));
#8735=CARTESIAN_POINT('Ctrl Pts',(18.3577469195626,23.8333333333333,-5.80232642412932));
#8736=CARTESIAN_POINT('Ctrl Pts',(18.3490692976305,23.8333333333333,-5.80425697392162));
#8737=CARTESIAN_POINT('Ctrl Pts',(18.3405292196035,23.8333333333333,-5.80611834776321));
#8738=CARTESIAN_POINT('Ctrl Pts',(18.2905820488291,23.8333333333333,-5.81721010916679));
#8739=CARTESIAN_POINT('Ctrl Pts',(18.1988974975453,23.8333333333333,-5.83795898999928));
#8740=CARTESIAN_POINT('Ctrl Pts',(17.9911781172855,23.8333333333333,-5.8723847490341));
#8741=CARTESIAN_POINT('Ctrl Pts',(17.7269252800519,23.8333333333333,-5.89482725955907));
#8742=CARTESIAN_POINT('Ctrl Pts',(17.423906654605,23.8333333333333,-5.91357224944635));
#8743=CARTESIAN_POINT('Ctrl Pts',(17.1074217768585,23.8333333333333,-5.92694461772461));
#8744=CARTESIAN_POINT('Ctrl Pts',(16.8496494158827,23.8333333333333,-5.93473661010166));
#8745=CARTESIAN_POINT('Ctrl Pts',(16.6512721735671,23.8333333333333,-5.94065060167798));
#8746=CARTESIAN_POINT('Ctrl Pts',(16.2674560982998,23.8333333333333,-5.9433623084614));
#8747=CARTESIAN_POINT('Ctrl Pts',(15.8421039900917,23.8333333333333,-5.945705132294));
#8748=CARTESIAN_POINT('Ctrl Pts',(15.6343922055426,23.8333333333333,-5.9474003852265));
#8749=CARTESIAN_POINT('Ctrl Pts',(18.39371553302,24.,-5.96506559158365));
#8750=CARTESIAN_POINT('Ctrl Pts',(18.3850889940547,24.,-5.96697222936712));
#8751=CARTESIAN_POINT('Ctrl Pts',(18.3764463542414,24.,-5.96888130991785));
#8752=CARTESIAN_POINT('Ctrl Pts',(18.3268036957154,24.,-5.97983752731146));
#8753=CARTESIAN_POINT('Ctrl Pts',(18.2317227280208,24.,-6.00155205697523));
#8754=CARTESIAN_POINT('Ctrl Pts',(18.01010943885,24.,-6.03811803561679));
#8755=CARTESIAN_POINT('Ctrl Pts',(17.7379040047699,24.,-6.06113718354204));
#8756=CARTESIAN_POINT('Ctrl Pts',(17.4329237509133,24.,-6.08000269826016));
#8757=CARTESIAN_POINT('Ctrl Pts',(17.1130321146469,24.,-6.09352602351757));
#8758=CARTESIAN_POINT('Ctrl Pts',(16.8547700737336,24.,-6.10132094576931));
#8759=CARTESIAN_POINT('Ctrl Pts',(16.6541480613504,24.,-6.10730554354703));
#8760=CARTESIAN_POINT('Ctrl Pts',(16.2672695836426,24.,-6.11003220513606));
#8761=CARTESIAN_POINT('Ctrl Pts',(15.8437339859749,24.,-6.11236524280845));
#8762=CARTESIAN_POINT('Ctrl Pts',(15.6357514622509,24.,-6.1140615090646));
#8763=CARTESIAN_POINT('',(15.6357514961537,24.,-6.11406150878809));
#8764=CARTESIAN_POINT('Ctrl Pts',(18.39371553302,24.,-5.96506559158365));
#8765=CARTESIAN_POINT('Ctrl Pts',(18.3850889940547,24.,-5.96697222936712));
#8766=CARTESIAN_POINT('Ctrl Pts',(18.3764463542414,24.,-5.96888130991785));
#8767=CARTESIAN_POINT('Ctrl Pts',(18.3268036957154,24.,-5.97983752731146));
#8768=CARTESIAN_POINT('Ctrl Pts',(18.2317227280208,24.,-6.00155205697523));
#8769=CARTESIAN_POINT('Ctrl Pts',(18.01010943885,24.,-6.03811803561679));
#8770=CARTESIAN_POINT('Ctrl Pts',(17.7379040047699,24.,-6.06113718354204));
#8771=CARTESIAN_POINT('Ctrl Pts',(17.4329237509133,24.,-6.08000269826016));
#8772=CARTESIAN_POINT('Ctrl Pts',(17.1130321146469,24.,-6.09352602351757));
#8773=CARTESIAN_POINT('Ctrl Pts',(16.8547700737336,24.,-6.10132094576931));
#8774=CARTESIAN_POINT('Ctrl Pts',(16.6541480613504,24.,-6.10730554354703));
#8775=CARTESIAN_POINT('Ctrl Pts',(16.2672695941579,24.,-6.11003220506195));
#8776=CARTESIAN_POINT('Ctrl Pts',(15.843734022264,24.,-6.11236524260856));
#8777=CARTESIAN_POINT('Ctrl Pts',(15.6357515300566,24.,-6.11406150851159));
#8778=CARTESIAN_POINT('',(15.6337051236552,23.5000000888842,-5.61406153039353));
#8779=CARTESIAN_POINT('Ctrl Pts',(15.6357514961537,24.,-6.11406150878809));
#8780=CARTESIAN_POINT('Ctrl Pts',(15.6350718451972,23.8333333333334,-5.94739484221358));
#8781=CARTESIAN_POINT('Ctrl Pts',(15.6343921943069,23.6666666585065,-5.78072818379895));
#8782=CARTESIAN_POINT('Ctrl Pts',(15.6337125434001,23.5,-5.6140615232791));
#8783=CARTESIAN_POINT('Ctrl Pts',(15.6337125433994,23.5,-5.61406152327911));
#8784=CARTESIAN_POINT('Ctrl Pts',(15.8407606756348,23.5,-5.61237576465924));
#8785=CARTESIAN_POINT('Ctrl Pts',(16.2685148483925,23.5,-5.6100104448477));
#8786=CARTESIAN_POINT('Ctrl Pts',(16.6462375933059,23.5,-5.60734182531431));
#8787=CARTESIAN_POINT('Ctrl Pts',(16.8400401789226,23.5,-5.6015395037426));
#8788=CARTESIAN_POINT('Ctrl Pts',(17.0964209618579,23.5,-5.59378721347799));
#8789=CARTESIAN_POINT('Ctrl Pts',(17.4062673413092,23.5,-5.580663850473));
#8790=CARTESIAN_POINT('Ctrl Pts',(17.7056714249097,23.5,-5.56213857489593));
#8791=CARTESIAN_POINT('Ctrl Pts',(17.95499399,23.5,-5.54063560886232));
#8792=CARTESIAN_POINT('Ctrl Pts',(18.1334070692212,23.5,-5.51083741467955));
#8793=CARTESIAN_POINT('Ctrl Pts',(18.2186954776215,23.5,-5.49168562213049));
#8794=CARTESIAN_POINT('Ctrl Pts',(18.2599274576489,23.5,-5.48256828969359));
#8795=CARTESIAN_POINT('Origin',(15.8245377224334,23.75,-5.8640615090646));
#8796=CARTESIAN_POINT('',(14.8524625432842,24.,-6.1140615090646));
#8797=CARTESIAN_POINT('',(15.8245377224334,24.,-6.1140615090646));
#8798=CARTESIAN_POINT('',(14.8524625432842,23.5,-5.6140615090646));
#8799=CARTESIAN_POINT('',(14.8524625432842,24.,-6.1140615090646));
#8800=CARTESIAN_POINT('',(15.8245377224334,23.5,-5.6140615090646));
#8801=CARTESIAN_POINT('Origin',(14.8524625432842,23.75,-3.8640615090646));
#8802=CARTESIAN_POINT('',(12.6024625432842,24.,-3.8640615090646));
#8803=CARTESIAN_POINT('',(13.1024625432842,23.5,-3.8640615090646));
#8804=CARTESIAN_POINT('',(12.6024625432842,24.,-3.8640615090646));
#8805=CARTESIAN_POINT('Origin',(14.8524625432842,23.5,-3.8640615090646));
#8806=CARTESIAN_POINT('Origin',(14.8524625432842,24.,-3.8640615090646));
#8807=CARTESIAN_POINT('Origin',(12.8524625432842,23.75,-1.28776280776589));
#8808=CARTESIAN_POINT('',(12.6024625432842,24.,-2.92250306750616));
#8809=CARTESIAN_POINT('',(13.1024625432842,23.5,-2.92250306750616));
#8810=CARTESIAN_POINT('',(12.6024625432842,24.,-2.92250306750616));
#8811=CARTESIAN_POINT('',(13.1024625432842,23.5,-1.28776280776589));
#8812=CARTESIAN_POINT('',(12.6024625432842,24.,-1.28776280776589));
#8813=CARTESIAN_POINT('Origin',(14.8524625432842,23.75,-2.92250306750616));
#8814=CARTESIAN_POINT('',(14.8524625432842,24.,-0.672503067506159));
#8815=CARTESIAN_POINT('',(14.8524625432842,23.5,-1.17250306750616));
#8816=CARTESIAN_POINT('',(14.8524625432842,24.,-0.672503067506159));
#8817=CARTESIAN_POINT('Origin',(14.8524625432842,23.5,-2.92250306750616));
#8818=CARTESIAN_POINT('Origin',(14.8524625432842,24.,-2.92250306750616));
#8819=CARTESIAN_POINT('Origin',(16.1494159691866,23.75,-0.922503067506157));
#8820=CARTESIAN_POINT('',(16.1494159691866,23.5,-1.17250306750616));
#8821=CARTESIAN_POINT('',(16.1494159691866,24.,-0.672503067506157));
#8822=CARTESIAN_POINT('Origin',(14.8524625432842,19.,-2.92250306750616));
#8823=CARTESIAN_POINT('',(14.8524625432842,19.,-1.17250306750616));
#8824=CARTESIAN_POINT('',(14.8524625432842,23.4999999999992,-1.17250306750616));
#8825=CARTESIAN_POINT('',(13.1024625432842,19.,-2.92250306750616));
#8826=CARTESIAN_POINT('Origin',(14.8524625432842,19.,-2.92250306750616));
#8827=CARTESIAN_POINT('',(13.1024625432842,23.4999999999954,-2.92250306750616));
#8828=CARTESIAN_POINT('Origin',(15.5022190367907,19.,-1.17250306750616));
#8829=CARTESIAN_POINT('',(15.5022190367907,19.,-1.17250306750616));
#8830=CARTESIAN_POINT('',(15.5022190367907,23.4999999999992,-1.17250306750616));
#8831=CARTESIAN_POINT('',(14.8524625432842,19.,-1.17250306750616));
#8832=CARTESIAN_POINT('Ctrl Pts',(19.6479170887387,19.,-3.44076605451914));
#8833=CARTESIAN_POINT('Ctrl Pts',(19.6479170887387,24.5,-3.44076605451914));
#8834=CARTESIAN_POINT('Ctrl Pts',(19.6445618076221,19.,-3.30161786282448));
#8835=CARTESIAN_POINT('Ctrl Pts',(19.6445618076221,24.5,-3.30161786282448));
#8836=CARTESIAN_POINT('Ctrl Pts',(19.6381859039669,19.,-3.03720023783039));
#8837=CARTESIAN_POINT('Ctrl Pts',(19.6381859039669,24.5,-3.03720023783039));
#8838=CARTESIAN_POINT('Ctrl Pts',(19.5673720787995,19.,-2.66180576751596));
#8839=CARTESIAN_POINT('Ctrl Pts',(19.5673720787995,24.5,-2.66180576751596));
#8840=CARTESIAN_POINT('Ctrl Pts',(19.452618279881,19.,-2.32817709852395));
#8841=CARTESIAN_POINT('Ctrl Pts',(19.452618279881,24.5,-2.32817709852395));
#8842=CARTESIAN_POINT('Ctrl Pts',(19.285369171091,19.,-2.04097543238024));
#8843=CARTESIAN_POINT('Ctrl Pts',(19.285369171091,24.5,-2.04097543238024));
#8844=CARTESIAN_POINT('Ctrl Pts',(19.0843882464318,19.,-1.79700046638306));
#8845=CARTESIAN_POINT('Ctrl Pts',(19.0843882464318,24.5,-1.79700046638306));
#8846=CARTESIAN_POINT('Ctrl Pts',(18.8492894455119,19.,-1.60161282864135));
#8847=CARTESIAN_POINT('Ctrl Pts',(18.8492894455119,24.5,-1.60161282864135));
#8848=CARTESIAN_POINT('Ctrl Pts',(18.5897330259239,19.,-1.44394826512302));
#8849=CARTESIAN_POINT('Ctrl Pts',(18.5897330259239,24.5,-1.44394826512302));
#8850=CARTESIAN_POINT('Ctrl Pts',(18.3428916459588,19.,-1.35014265530753));
#8851=CARTESIAN_POINT('Ctrl Pts',(18.3428916459588,24.5,-1.35014265530753));
#8852=CARTESIAN_POINT('Ctrl Pts',(18.1100735630797,19.,-1.29936063947762));
#8853=CARTESIAN_POINT('Ctrl Pts',(18.1100735630797,24.5,-1.29936063947762));
#8854=CARTESIAN_POINT('Ctrl Pts',(17.8846981035062,19.,-1.2624569587496));
#8855=CARTESIAN_POINT('Ctrl Pts',(17.8846981035062,24.5,-1.2624569587496));
#8856=CARTESIAN_POINT('Ctrl Pts',(17.6101883264806,19.,-1.23540389940586));
#8857=CARTESIAN_POINT('Ctrl Pts',(17.6101883264806,24.5,-1.23540389940586));
#8858=CARTESIAN_POINT('Ctrl Pts',(17.284874975523,19.,-1.21426920548026));
#8859=CARTESIAN_POINT('Ctrl Pts',(17.284874975523,24.5,-1.21426920548026));
#8860=CARTESIAN_POINT('Ctrl Pts',(16.911011990601,19.,-1.19671414728284));
#8861=CARTESIAN_POINT('Ctrl Pts',(16.911011990601,24.5,-1.19671414728284));
#8862=CARTESIAN_POINT('Ctrl Pts',(16.4861004187051,19.,-1.18121722982031));
#8863=CARTESIAN_POINT('Ctrl Pts',(16.4861004187051,24.5,-1.18121722982031));
#8864=CARTESIAN_POINT('Ctrl Pts',(16.0111611113332,19.,-1.17548297121836));
#8865=CARTESIAN_POINT('Ctrl Pts',(16.0111611113332,24.5,-1.17548297121836));
#8866=CARTESIAN_POINT('Ctrl Pts',(15.6775432263188,19.,-1.173529607125));
#8867=CARTESIAN_POINT('Ctrl Pts',(15.6775432263188,24.5,-1.173529607125));
#8868=CARTESIAN_POINT('Ctrl Pts',(15.5022190367907,19.,-1.17250306750616));
#8869=CARTESIAN_POINT('Ctrl Pts',(15.5022190367907,24.5,-1.17250306750616));
#8870=CARTESIAN_POINT('',(19.6479170887387,19.,-3.44076605451914));
#8871=CARTESIAN_POINT('',(19.6479170887387,23.4999999999943,-3.44076605451914));
#8872=CARTESIAN_POINT('Ctrl Pts',(15.5022190367907,19.,-1.17250306750616));
#8873=CARTESIAN_POINT('Ctrl Pts',(15.6775432263188,19.,-1.173529607125));
#8874=CARTESIAN_POINT('Ctrl Pts',(16.0111611113332,19.,-1.17548297121836));
#8875=CARTESIAN_POINT('Ctrl Pts',(16.4861004187051,19.,-1.18121722982031));
#8876=CARTESIAN_POINT('Ctrl Pts',(16.911011990601,19.,-1.19671414728284));
#8877=CARTESIAN_POINT('Ctrl Pts',(17.284874975523,19.,-1.21426920548026));
#8878=CARTESIAN_POINT('Ctrl Pts',(17.6101883264806,19.,-1.23540389940586));
#8879=CARTESIAN_POINT('Ctrl Pts',(17.8846981035062,19.,-1.2624569587496));
#8880=CARTESIAN_POINT('Ctrl Pts',(18.1100735630797,19.,-1.29936063947762));
#8881=CARTESIAN_POINT('Ctrl Pts',(18.3428916459588,19.,-1.35014265530753));
#8882=CARTESIAN_POINT('Ctrl Pts',(18.5897330259239,19.,-1.44394826512302));
#8883=CARTESIAN_POINT('Ctrl Pts',(18.8492894455119,19.,-1.60161282864135));
#8884=CARTESIAN_POINT('Ctrl Pts',(19.0843882464318,19.,-1.79700046638306));
#8885=CARTESIAN_POINT('Ctrl Pts',(19.285369171091,19.,-2.04097543238024));
#8886=CARTESIAN_POINT('Ctrl Pts',(19.452618279881,19.,-2.32817709852395));
#8887=CARTESIAN_POINT('Ctrl Pts',(19.5673720787995,19.,-2.66180576751596));
#8888=CARTESIAN_POINT('Ctrl Pts',(19.6381859039669,19.,-3.03720023783039));
#8889=CARTESIAN_POINT('Ctrl Pts',(19.6445618076221,19.,-3.30161786282448));
#8890=CARTESIAN_POINT('Ctrl Pts',(19.6479170887387,19.,-3.44076605451914));
#8891=CARTESIAN_POINT('Ctrl Pts',(18.2599300757517,19.,-5.48256800257109));
#8892=CARTESIAN_POINT('Ctrl Pts',(18.2599300757517,24.5,-5.48256800257109));
#8893=CARTESIAN_POINT('Ctrl Pts',(18.3624108916115,19.,-5.44821517558691));
#8894=CARTESIAN_POINT('Ctrl Pts',(18.3624108916115,24.5,-5.44821517558691));
#8895=CARTESIAN_POINT('Ctrl Pts',(18.5648880907731,19.,-5.38034233389761));
#8896=CARTESIAN_POINT('Ctrl Pts',(18.5648880907731,24.5,-5.38034233389761));
#8897=CARTESIAN_POINT('Ctrl Pts',(18.8388595863684,19.,-5.22169393819124));
#8898=CARTESIAN_POINT('Ctrl Pts',(18.8388595863684,24.5,-5.22169393819124));
#8899=CARTESIAN_POINT('Ctrl Pts',(19.0779776744335,19.,-5.02275072241701));
#8900=CARTESIAN_POINT('Ctrl Pts',(19.0779776744335,24.5,-5.02275072241701));
#8901=CARTESIAN_POINT('Ctrl Pts',(19.284783512761,19.,-4.78827263934096));
#8902=CARTESIAN_POINT('Ctrl Pts',(19.284783512761,24.5,-4.78827263934096));
#8903=CARTESIAN_POINT('Ctrl Pts',(19.4515066973106,19.,-4.51071286386541));
#8904=CARTESIAN_POINT('Ctrl Pts',(19.4515066973106,24.5,-4.51071286386541));
#8905=CARTESIAN_POINT('Ctrl Pts',(19.5682138544106,19.,-4.18985287540835));
#8906=CARTESIAN_POINT('Ctrl Pts',(19.5682138544106,24.5,-4.18985287540835));
#8907=CARTESIAN_POINT('Ctrl Pts',(19.6376163708869,19.,-3.82849491554154));
#8908=CARTESIAN_POINT('Ctrl Pts',(19.6376163708869,24.5,-3.82849491554154));
#8909=CARTESIAN_POINT('Ctrl Pts',(19.6443827157208,19.,-3.57380323157686));
#8910=CARTESIAN_POINT('Ctrl Pts',(19.6443827157208,24.5,-3.57380323157686));
#8911=CARTESIAN_POINT('Ctrl Pts',(19.6479170887387,19.,-3.44076605451914));
#8912=CARTESIAN_POINT('Ctrl Pts',(19.6479170887387,24.5,-3.44076605451914));
#8913=CARTESIAN_POINT('',(18.2599300757517,19.,-5.48256800257109));
#8914=CARTESIAN_POINT('',(18.2599300757517,23.4999999999901,-5.48256800257109));
#8915=CARTESIAN_POINT('Ctrl Pts',(19.6479170887387,19.,-3.44076605451914));
#8916=CARTESIAN_POINT('Ctrl Pts',(19.6443827157208,19.,-3.57380323157686));
#8917=CARTESIAN_POINT('Ctrl Pts',(19.6376163708869,19.,-3.82849491554154));
#8918=CARTESIAN_POINT('Ctrl Pts',(19.5682138544106,19.,-4.18985287540835));
#8919=CARTESIAN_POINT('Ctrl Pts',(19.4515066973106,19.,-4.51071286386541));
#8920=CARTESIAN_POINT('Ctrl Pts',(19.284783512761,19.,-4.78827263934096));
#8921=CARTESIAN_POINT('Ctrl Pts',(19.0779776744335,19.,-5.02275072241701));
#8922=CARTESIAN_POINT('Ctrl Pts',(18.8388595863684,19.,-5.22169393819124));
#8923=CARTESIAN_POINT('Ctrl Pts',(18.5648880907731,19.,-5.38034233389761));
#8924=CARTESIAN_POINT('Ctrl Pts',(18.3624108916115,19.,-5.44821517558691));
#8925=CARTESIAN_POINT('Ctrl Pts',(18.2599300757517,19.,-5.48256800257109));
#8926=CARTESIAN_POINT('Origin',(16.7966129015826,24.,0.346977451974361));
#8927=CARTESIAN_POINT('',(17.1905469030625,24.,3.1318725927567));
#8928=CARTESIAN_POINT('',(12.6024625432843,24.,4.50661027917154));
#8929=CARTESIAN_POINT('Ctrl Pts',(17.1905469030625,24.,3.1318725927567));
#8930=CARTESIAN_POINT('Ctrl Pts',(16.8544984795705,24.,2.62144979417041));
#8931=CARTESIAN_POINT('Ctrl Pts',(16.0626869885864,24.,2.05815204866633));
#8932=CARTESIAN_POINT('Ctrl Pts',(14.5156014293319,24.,1.94021815197846));
#8933=CARTESIAN_POINT('Ctrl Pts',(13.0714437587748,24.,2.67807826413937));
#8934=CARTESIAN_POINT('Ctrl Pts',(12.6024625432843,24.,3.89549656123673));
#8935=CARTESIAN_POINT('Ctrl Pts',(12.6024625432843,24.,4.50661027917154));
#8936=CARTESIAN_POINT('',(18.4065531615829,24.,5.17057125111479));
#8937=CARTESIAN_POINT('Ctrl Pts',(18.4065531572502,24.,5.17057124608919));
#8938=CARTESIAN_POINT('Ctrl Pts',(18.2598869303757,24.,4.91081725960518));
#8939=CARTESIAN_POINT('Ctrl Pts',(18.0348631580913,24.,4.51536010868773));
#8940=CARTESIAN_POINT('Ctrl Pts',(17.7288276249658,24.,3.99914394037707));
#8941=CARTESIAN_POINT('Ctrl Pts',(17.5756388401962,24.,3.74090122392138));
#8942=CARTESIAN_POINT('Ctrl Pts',(17.4143517289261,24.,3.47828425198366));
#8943=CARTESIAN_POINT('Ctrl Pts',(17.313097164519,24.,3.31894250972151));
#8944=CARTESIAN_POINT('Ctrl Pts',(17.2098763202017,24.,3.1612319781949));
#8945=CARTESIAN_POINT('Ctrl Pts',(17.1905469030625,24.,3.13187259275671));
#8946=CARTESIAN_POINT('',(20.4907611379066,24.,8.84697745197436));
#8947=CARTESIAN_POINT('',(17.1760374868648,24.,3.00002229046457));
#8948=CARTESIAN_POINT('',(23.2634905326083,24.,8.84697745197436));
#8949=CARTESIAN_POINT('',(18.6436870197446,24.,8.84697745197436));
#8950=CARTESIAN_POINT('',(21.8017468429725,24.,6.05374446088818));
#8951=CARTESIAN_POINT('',(20.8224039286663,24.,4.18232681275852));
#8952=CARTESIAN_POINT('',(20.1994257339231,24.,3.3789843734052));
#8953=CARTESIAN_POINT('Ctrl Pts',(20.1994257336582,24.,3.37898437306473));
#8954=CARTESIAN_POINT('Ctrl Pts',(20.2690478290371,24.,3.46845685526027));
#8955=CARTESIAN_POINT('Ctrl Pts',(20.4172112304776,24.,3.67483883636768));
#8956=CARTESIAN_POINT('Ctrl Pts',(20.6298108111783,24.,3.99115805602819));
#8957=CARTESIAN_POINT('Ctrl Pts',(20.8662111836676,24.,4.37165032625212));
#8958=CARTESIAN_POINT('Ctrl Pts',(21.0424592746493,24.,4.67452307778678));
#8959=CARTESIAN_POINT('Ctrl Pts',(21.1094107581203,24.,4.7896721141457));
#8960=CARTESIAN_POINT('Ctrl Pts',(21.2527388798454,24.,5.03869933669099));
#8961=CARTESIAN_POINT('Ctrl Pts',(21.4631430253188,24.,5.41331316659844));
#8962=CARTESIAN_POINT('Ctrl Pts',(21.6577830891627,24.,5.77817806365809));
#8963=CARTESIAN_POINT('Ctrl Pts',(21.8017469503621,24.,6.05374440478482));
#8964=CARTESIAN_POINT('',(20.7038873026605,24.,0.140776265302009));
#8965=CARTESIAN_POINT('Origin',(21.9751566796932,24.,1.99721753047012));
#8966=CARTESIAN_POINT('',(22.4205600346767,24.,-3.61359680386213));
#8967=CARTESIAN_POINT('Ctrl Pts',(22.4205600346767,24.,-3.61359680386208));
#8968=CARTESIAN_POINT('Ctrl Pts',(22.4171131417145,24.,-3.44819567026358));
#8969=CARTESIAN_POINT('Ctrl Pts',(22.4117815319719,24.,-3.10324260311781));
#8970=CARTESIAN_POINT('Ctrl Pts',(22.343215251771,24.,-2.53379190698042));
#8971=CARTESIAN_POINT('Ctrl Pts',(22.2231781346353,24.,-1.98931996612772));
#8972=CARTESIAN_POINT('Ctrl Pts',(22.0277072435743,24.,-1.44595655214239));
#8973=CARTESIAN_POINT('Ctrl Pts',(21.7869674420247,24.,-0.981586145332506));
#8974=CARTESIAN_POINT('Ctrl Pts',(21.4747807680442,24.,-0.543132871677844));
#8975=CARTESIAN_POINT('Ctrl Pts',(21.0831474202073,24.,-0.142455074579536));
#8976=CARTESIAN_POINT('Ctrl Pts',(20.8252148682748,24.,0.0576925601240755));
#8977=CARTESIAN_POINT('Ctrl Pts',(20.7038873026605,24.,0.140776265302007));
#8978=CARTESIAN_POINT('',(16.6327900647917,24.,-8.15302254802564));
#8979=CARTESIAN_POINT('Ctrl Pts',(16.6327908113626,24.,-8.1530223433196));
#8980=CARTESIAN_POINT('Ctrl Pts',(16.9966246434754,23.9999999999999,-8.15035863024329));
#8981=CARTESIAN_POINT('Ctrl Pts',(17.5530018986607,24.,-8.14741374291661));
#8982=CARTESIAN_POINT('Ctrl Pts',(18.3263210445654,24.,-8.08823729429964));
#8983=CARTESIAN_POINT('Ctrl Pts',(18.8766451829405,24.0000000000001,-8.03341583686855));
#8984=CARTESIAN_POINT('Ctrl Pts',(19.2199433671223,24.0000000000001,-7.97338207456073));
#8985=CARTESIAN_POINT('Ctrl Pts',(19.399591812126,24.0000000000001,-7.93586159384302));
#8986=CARTESIAN_POINT('Ctrl Pts',(19.595610076201,24.0000000000001,-7.89439696379949));
#8987=CARTESIAN_POINT('Ctrl Pts',(19.9388550923525,24.,-7.80572609469796));
#8988=CARTESIAN_POINT('Ctrl Pts',(20.3332013696144,24.,-7.63876241010096));
#8989=CARTESIAN_POINT('Ctrl Pts',(20.5803532385463,24.,-7.48949474107736));
#8990=CARTESIAN_POINT('Ctrl Pts',(20.7207854546761,24.,-7.39308273174284));
#8991=CARTESIAN_POINT('Ctrl Pts',(20.8798361471225,24.,-7.27836165867218));
#8992=CARTESIAN_POINT('Ctrl Pts',(21.159701948395,24.,-7.04108400256388));
#8993=CARTESIAN_POINT('Ctrl Pts',(21.5113698458411,24.,-6.6359337401608));
#8994=CARTESIAN_POINT('Ctrl Pts',(21.8183658956512,24.,-6.16614606973518));
#8995=CARTESIAN_POINT('Ctrl Pts',(22.0474343327299,24.,-5.70334793168303));
#8996=CARTESIAN_POINT('Ctrl Pts',(22.1965309195145,24.,-5.28266555397121));
#8997=CARTESIAN_POINT('Ctrl Pts',(22.2830662092089,24.,-4.944829340152));
#8998=CARTESIAN_POINT('Ctrl Pts',(22.352917594554,24.,-4.5743457477494));
#8999=CARTESIAN_POINT('Ctrl Pts',(22.4141924315337,24.,-4.12146292485764));
#9000=CARTESIAN_POINT('Ctrl Pts',(22.4176202713509,24.,-3.79500189650569));
#9001=CARTESIAN_POINT('Ctrl Pts',(22.4205600346767,24.,-3.61359680386213));
#9002=CARTESIAN_POINT('',(10.3297352705569,24.,-8.15302254802564));
#9003=CARTESIAN_POINT('',(16.7147014831873,24.,-8.15302254802564));
#9004=CARTESIAN_POINT('',(10.3297352705569,24.,8.84697745197436));
#9005=CARTESIAN_POINT('',(10.3297352705569,24.,-3.90302254802564));
#9006=CARTESIAN_POINT('',(12.6024625432842,24.,8.84697745197435));
#9007=CARTESIAN_POINT('',(13.5631740860697,24.,8.84697745197436));
#9008=CARTESIAN_POINT('',(12.6024625432843,24.,4.59697745197432));
#9009=CARTESIAN_POINT('Origin',(13.5631740860697,23.75,9.09697745197436));
#9010=CARTESIAN_POINT('',(10.3297352705569,23.5,9.34697745197436));
#9011=CARTESIAN_POINT('',(10.3297352705569,24.,8.84697745197436));
#9012=CARTESIAN_POINT('',(12.6024625432842,23.5,9.34697745197436));
#9013=CARTESIAN_POINT('',(13.5631740860697,23.5,9.34697745197436));
#9014=CARTESIAN_POINT('',(12.6024625432842,23.5,9.34697745197436));
#9015=CARTESIAN_POINT('Origin',(10.0797352705569,23.75,-3.90302254802564));
#9016=CARTESIAN_POINT('',(9.82973527055691,23.5,-8.15302254802564));
#9017=CARTESIAN_POINT('',(10.3297352705569,24.,-8.15302254802564));
#9018=CARTESIAN_POINT('',(9.82973527055691,23.5,8.84697745197436));
#9019=CARTESIAN_POINT('',(9.82973527055691,23.5,-3.90302254802564));
#9020=CARTESIAN_POINT('',(9.82973527055691,23.5,8.84697745197436));
#9021=CARTESIAN_POINT('Ctrl Pts',(16.6332289777067,23.5,-8.65303153309545));
#9022=CARTESIAN_POINT('Ctrl Pts',(16.6342387826096,23.5,-8.65302452825844));
#9023=CARTESIAN_POINT('Ctrl Pts',(16.6352485886787,23.5,-8.65301758836987));
#9024=CARTESIAN_POINT('Ctrl Pts',(16.9995646608525,23.5000000000001,-8.65044236681307));
#9025=CARTESIAN_POINT('Ctrl Pts',(17.5737171838495,23.5,-8.64763652918938));
#9026=CARTESIAN_POINT('Ctrl Pts',(18.3699615678453,23.5000000000001,-8.58697248913258));
#9027=CARTESIAN_POINT('Ctrl Pts',(18.93783226553,23.5000000000001,-8.5305665147876));
#9028=CARTESIAN_POINT('Ctrl Pts',(19.3112853916317,23.5000000000001,-8.46591116591017));
#9029=CARTESIAN_POINT('Ctrl Pts',(19.5024893332753,23.5000000000001,-8.42595796480657));
#9030=CARTESIAN_POINT('Ctrl Pts',(19.7108696489495,23.5000000000001,-8.38191042500998));
#9031=CARTESIAN_POINT('Ctrl Pts',(20.0948682885895,23.5,-8.28381086615476));
#9032=CARTESIAN_POINT('Ctrl Pts',(20.5597674226165,23.5,-8.08792893565492));
#9033=CARTESIAN_POINT('Ctrl Pts',(20.8486210424346,23.5,-7.91322966154013));
#9034=CARTESIAN_POINT('Ctrl Pts',(21.0104734776882,23.5,-7.80214027522249));
#9035=CARTESIAN_POINT('Ctrl Pts',(21.192126037515,23.5,-7.67116700929125));
#9036=CARTESIAN_POINT('Ctrl Pts',(21.513743329355,23.5,-7.39876011498982));
#9037=CARTESIAN_POINT('Ctrl Pts',(21.9132227535559,23.5,-6.93756146621376));
#9038=CARTESIAN_POINT('Ctrl Pts',(22.2533810389861,23.5,-6.41750588635406));
#9039=CARTESIAN_POINT('Ctrl Pts',(22.509195990193,23.5,-5.89934183446528));
#9040=CARTESIAN_POINT('Ctrl Pts',(22.6743009343138,23.5,-5.4353933333373));
#9041=CARTESIAN_POINT('Ctrl Pts',(22.7720743767577,23.5,-5.05167224957731));
#9042=CARTESIAN_POINT('Ctrl Pts',(22.8470511394666,23.5,-4.65502758842563));
#9043=CARTESIAN_POINT('Ctrl Pts',(22.9136174749634,23.5,-4.15908455130364));
#9044=CARTESIAN_POINT('Ctrl Pts',(22.917543811509,23.5,-3.80377114633339));
#9045=CARTESIAN_POINT('Ctrl Pts',(22.9204943929096,23.5,-3.62169849863943));
#9046=CARTESIAN_POINT('Ctrl Pts',(16.6320728684988,23.6666666666667,-8.48636887624252));
#9047=CARTESIAN_POINT('Ctrl Pts',(16.6330924351617,23.6666666666667,-8.48636128563525));
#9048=CARTESIAN_POINT('Ctrl Pts',(16.6340840969252,23.6666666666667,-8.48635541396239));
#9049=CARTESIAN_POINT('Ctrl Pts',(16.9999316408689,23.6666666666668,-8.48371796849079));
#9050=CARTESIAN_POINT('Ctrl Pts',(17.566233234693,23.6666666666667,-8.48105382078684));
#9051=CARTESIAN_POINT('Ctrl Pts',(18.3554893869274,23.6666666666667,-8.42091647300383));
#9052=CARTESIAN_POINT('Ctrl Pts',(18.9173993140813,23.6666666666667,-8.36507119677287));
#9053=CARTESIAN_POINT('Ctrl Pts',(19.2800456050798,23.6666666666667,-8.30207279111817));
#9054=CARTESIAN_POINT('Ctrl Pts',(19.4681548115315,23.6666666666668,-8.26286991029009));
#9055=CARTESIAN_POINT('Ctrl Pts',(19.6726756843756,23.6666666666667,-8.21962560736031));
#9056=CARTESIAN_POINT('Ctrl Pts',(20.042755989262,23.6666666666667,-8.12481564982137));
#9057=CARTESIAN_POINT('Ctrl Pts',(20.4843687672695,23.6666666666667,-7.93857175575957));
#9058=CARTESIAN_POINT('Ctrl Pts',(20.7593111807238,23.6666666666666,-7.77239412623025));
#9059=CARTESIAN_POINT('Ctrl Pts',(20.9139822953217,23.6666666666666,-7.66621058266169));
#9060=CARTESIAN_POINT('Ctrl Pts',(21.0881830870763,23.6666666666666,-7.54065427763174));
#9061=CARTESIAN_POINT('Ctrl Pts',(21.3957940035385,23.6666666666667,-7.27999573717763));
#9062=CARTESIAN_POINT('Ctrl Pts',(21.7793808973168,23.6666666666667,-6.83756369045357));
#9063=CARTESIAN_POINT('Ctrl Pts',(22.1083677468191,23.6666666666667,-6.33438795499284));
#9064=CARTESIAN_POINT('Ctrl Pts',(22.3552587300911,23.6666666666667,-5.83477727349484));
#9065=CARTESIAN_POINT('Ctrl Pts',(22.5150287583471,23.6666666666667,-5.38511928239757));
#9066=CARTESIAN_POINT('Ctrl Pts',(22.6090313118882,23.6666666666667,-5.01692865747155));
#9067=CARTESIAN_POINT('Ctrl Pts',(22.6823738314117,23.6666666666667,-4.62841001193685));
#9068=CARTESIAN_POINT('Ctrl Pts',(22.7471526660648,23.6666666666667,-4.14647218757724));
#9069=CARTESIAN_POINT('Ctrl Pts',(22.7508066439178,23.6666666666667,-3.80238357105971));
#9070=CARTESIAN_POINT('Ctrl Pts',(22.753849606832,23.6666666666667,-3.61899793371366));
#9071=CARTESIAN_POINT('Ctrl Pts',(16.6309167592909,23.8333333333333,-8.31970621938959));
#9072=CARTESIAN_POINT('Ctrl Pts',(16.6319168024338,23.8333333333333,-8.31969980032284));
#9073=CARTESIAN_POINT('Ctrl Pts',(16.6329440328544,23.8333333333333,-8.31969192147458));
#9074=CARTESIAN_POINT('Ctrl Pts',(16.996257663459,23.8333333333332,-8.31708302856557));
#9075=CARTESIAN_POINT('Ctrl Pts',(17.5604858478172,23.8333333333334,-8.31399645131915));
#9076=CARTESIAN_POINT('Ctrl Pts',(18.3407932254833,23.8333333333334,-8.25429331042839));
#9077=CARTESIAN_POINT('Ctrl Pts',(18.8970781343892,23.8333333333334,-8.19891115488327));
#9078=CARTESIAN_POINT('Ctrl Pts',(19.2511831536742,23.8333333333334,-8.13722044935273));
#9079=CARTESIAN_POINT('Ctrl Pts',(19.4339263338699,23.8333333333334,-8.0989496483595));
#9080=CARTESIAN_POINT('Ctrl Pts',(19.6338040407748,23.8333333333334,-8.05668178144915));
#9081=CARTESIAN_POINT('Ctrl Pts',(19.99096739168,23.8333333333333,-7.96472131103135));
#9082=CARTESIAN_POINT('Ctrl Pts',(20.4086000249614,23.8333333333333,-7.7881195899963));
#9083=CARTESIAN_POINT('Ctrl Pts',(20.6696631002572,23.8333333333333,-7.63033027638724));
#9084=CARTESIAN_POINT('Ctrl Pts',(20.8172766370427,23.8333333333333,-7.52901242430364));
#9085=CARTESIAN_POINT('Ctrl Pts',(20.9837790975612,23.8333333333333,-7.4088743903317));
#9086=CARTESIAN_POINT('Ctrl Pts',(21.2776512742116,23.8333333333333,-7.15984838037608));
#9087=CARTESIAN_POINT('Ctrl Pts',(21.6452117020802,23.8333333333333,-6.73593151592099));
#9088=CARTESIAN_POINT('Ctrl Pts',(21.9633791878181,23.8333333333333,-6.24926400109639));
#9089=CARTESIAN_POINT('Ctrl Pts',(22.2013715928318,23.8333333333333,-5.76791249265347));
#9090=CARTESIAN_POINT('Ctrl Pts',(22.3558030954811,23.8333333333333,-5.33293960491095));
#9091=CARTESIAN_POINT('Ctrl Pts',(22.4461092740784,23.8333333333333,-4.97957293225777));
#9092=CARTESIAN_POINT('Ctrl Pts',(22.5175949026089,23.8333333333333,-4.60096332423818));
#9093=CARTESIAN_POINT('Ctrl Pts',(22.5806572404324,23.8333333333333,-4.13407528858404));
#9094=CARTESIAN_POINT('Ctrl Pts',(22.5843574389422,23.8333333333333,-3.79638947177937));
#9095=CARTESIAN_POINT('Ctrl Pts',(22.5872048207543,23.8333333333333,-3.6162973687879));
#9096=CARTESIAN_POINT('Ctrl Pts',(16.629760650083,24.,-8.15304356253666));
#9097=CARTESIAN_POINT('Ctrl Pts',(16.6307704549859,24.,-8.15303655769965));
#9098=CARTESIAN_POINT('Ctrl Pts',(16.6317795411009,24.,-8.15302974706709));
#9099=CARTESIAN_POINT('Ctrl Pts',(16.9966246434754,23.9999999999999,-8.15035863024329));
#9100=CARTESIAN_POINT('Ctrl Pts',(17.5530018986607,24.,-8.14741374291661));
#9101=CARTESIAN_POINT('Ctrl Pts',(18.3263210445654,24.,-8.08823729429964));
#9102=CARTESIAN_POINT('Ctrl Pts',(18.8766451829405,24.0000000000001,-8.03341583686855));
#9103=CARTESIAN_POINT('Ctrl Pts',(19.2199433671223,24.0000000000001,-7.97338207456073));
#9104=CARTESIAN_POINT('Ctrl Pts',(19.399591812126,24.0000000000001,-7.93586159384302));
#9105=CARTESIAN_POINT('Ctrl Pts',(19.595610076201,24.0000000000001,-7.89439696379949));
#9106=CARTESIAN_POINT('Ctrl Pts',(19.9388550923525,24.,-7.80572609469796));
#9107=CARTESIAN_POINT('Ctrl Pts',(20.3332013696144,24.,-7.63876241010096));
#9108=CARTESIAN_POINT('Ctrl Pts',(20.5803532385463,24.,-7.48949474107736));
#9109=CARTESIAN_POINT('Ctrl Pts',(20.7207854546761,24.,-7.39308273174284));
#9110=CARTESIAN_POINT('Ctrl Pts',(20.8798361471225,24.,-7.27836165867218));
#9111=CARTESIAN_POINT('Ctrl Pts',(21.159701948395,24.,-7.04108400256388));
#9112=CARTESIAN_POINT('Ctrl Pts',(21.5113698458411,24.,-6.6359337401608));
#9113=CARTESIAN_POINT('Ctrl Pts',(21.8183658956512,24.,-6.16614606973518));
#9114=CARTESIAN_POINT('Ctrl Pts',(22.0474343327299,24.,-5.70334793168303));
#9115=CARTESIAN_POINT('Ctrl Pts',(22.1965309195145,24.,-5.28266555397121));
#9116=CARTESIAN_POINT('Ctrl Pts',(22.2830662092089,24.,-4.944829340152));
#9117=CARTESIAN_POINT('Ctrl Pts',(22.352917594554,24.,-4.5743457477494));
#9118=CARTESIAN_POINT('Ctrl Pts',(22.4141924315337,24.,-4.12146292485764));
#9119=CARTESIAN_POINT('Ctrl Pts',(22.4176202713509,24.,-3.79500189650569));
#9120=CARTESIAN_POINT('Ctrl Pts',(22.4205600346767,24.,-3.61359680386213));
#9121=CARTESIAN_POINT('',(22.9204943929096,23.5,-3.62169849863943));
#9122=CARTESIAN_POINT('',(22.4205600346767,24.,-3.61359680386213));
#9123=CARTESIAN_POINT('',(16.6332289048206,23.4999999999877,-8.65302102596633));
#9124=CARTESIAN_POINT('Ctrl Pts',(22.9204943929096,23.5,-3.62169849863943));
#9125=CARTESIAN_POINT('Ctrl Pts',(22.917543811509,23.5,-3.80377114633339));
#9126=CARTESIAN_POINT('Ctrl Pts',(22.9136174749634,23.5,-4.15908455130364));
#9127=CARTESIAN_POINT('Ctrl Pts',(22.8470511394666,23.5,-4.65502758842563));
#9128=CARTESIAN_POINT('Ctrl Pts',(22.7720743767577,23.5,-5.05167224957731));
#9129=CARTESIAN_POINT('Ctrl Pts',(22.6743009343138,23.5,-5.4353933333373));
#9130=CARTESIAN_POINT('Ctrl Pts',(22.509195990193,23.5,-5.89934183446528));
#9131=CARTESIAN_POINT('Ctrl Pts',(22.2533810389861,23.5,-6.41750588635406));
#9132=CARTESIAN_POINT('Ctrl Pts',(21.9132227535559,23.5,-6.93756146621376));
#9133=CARTESIAN_POINT('Ctrl Pts',(21.513743329355,23.5,-7.39876011498982));
#9134=CARTESIAN_POINT('Ctrl Pts',(21.192126037515,23.5,-7.67116700929125));
#9135=CARTESIAN_POINT('Ctrl Pts',(21.0104734776882,23.5,-7.80214027522249));
#9136=CARTESIAN_POINT('Ctrl Pts',(20.8486210424346,23.5,-7.91322966154013));
#9137=CARTESIAN_POINT('Ctrl Pts',(20.5597674226165,23.5,-8.08792893565492));
#9138=CARTESIAN_POINT('Ctrl Pts',(20.0948682885895,23.5,-8.28381086615476));
#9139=CARTESIAN_POINT('Ctrl Pts',(19.7108696489495,23.5000000000001,-8.38191042500998));
#9140=CARTESIAN_POINT('Ctrl Pts',(19.5024893332753,23.5000000000001,-8.42595796480657));
#9141=CARTESIAN_POINT('Ctrl Pts',(19.3112853916317,23.5000000000001,-8.46591116591017));
#9142=CARTESIAN_POINT('Ctrl Pts',(18.93783226553,23.5000000000001,-8.5305665147876));
#9143=CARTESIAN_POINT('Ctrl Pts',(18.3699615678453,23.5000000000001,-8.58697248913258));
#9144=CARTESIAN_POINT('Ctrl Pts',(17.5737171838495,23.5,-8.64763652918938));
#9145=CARTESIAN_POINT('Ctrl Pts',(16.9995646608525,23.5000000000001,-8.65044236681307));
#9146=CARTESIAN_POINT('Ctrl Pts',(16.6352485886787,23.5,-8.65301758836987));
#9147=CARTESIAN_POINT('Ctrl Pts',(16.6342387826096,23.5,-8.65302452825844));
#9148=CARTESIAN_POINT('Ctrl Pts',(16.6332289777067,23.5,-8.65303153309545));
#9149=CARTESIAN_POINT('',(16.6362583924154,23.4999999999882,-8.65301051858442));
#9150=CARTESIAN_POINT('Origin',(16.7147014831873,23.75,-8.40302254802564));
#9151=CARTESIAN_POINT('',(10.3297352705569,23.5,-8.65302254802564));
#9152=CARTESIAN_POINT('',(16.7147014831873,23.5,-8.65302254802564));
#9153=CARTESIAN_POINT('',(10.3297352705569,23.5,-8.65302254802564));
#9154=CARTESIAN_POINT('Origin',(21.0439067229646,23.75,4.06641084268528));
#9155=CARTESIAN_POINT('',(22.2449413869071,23.5000000000128,5.82227350730233));
#9156=CARTESIAN_POINT('',(22.2448331064358,23.5000000000124,5.82206641936097));
#9157=CARTESIAN_POINT('',(23.706496121205,23.5,8.61514551182789));
#9158=CARTESIAN_POINT('',(23.2634905326083,24.,8.84697745197436));
#9159=CARTESIAN_POINT('',(21.265409517263,23.5,3.95049487261205));
#9160=CARTESIAN_POINT('Ctrl Pts',(20.594032610471,23.5,3.07192507460257));
#9161=CARTESIAN_POINT('Ctrl Pts',(20.6715848053138,23.5,3.17158865603518));
#9162=CARTESIAN_POINT('Ctrl Pts',(20.8283713749016,23.5,3.39019182472302));
#9163=CARTESIAN_POINT('Ctrl Pts',(21.048795637516,23.5,3.71819406528556));
#9164=CARTESIAN_POINT('Ctrl Pts',(21.2962677419054,23.5,4.11641631355929));
#9165=CARTESIAN_POINT('Ctrl Pts',(21.4739990255545,23.5,4.42218039914518));
#9166=CARTESIAN_POINT('Ctrl Pts',(21.5419865590071,23.5,4.53900215432656));
#9167=CARTESIAN_POINT('Ctrl Pts',(21.6872971892068,23.5,4.79152206648714));
#9168=CARTESIAN_POINT('Ctrl Pts',(21.9017049540339,23.5,5.17310971396806));
#9169=CARTESIAN_POINT('Ctrl Pts',(22.1009648231538,23.5,5.54668245129864));
#9170=CARTESIAN_POINT('Ctrl Pts',(22.2449413146789,23.5,5.82227354503635));
#9171=CARTESIAN_POINT('Ctrl Pts',(20.4624969848667,23.6666666666667,3.17427817408996));
#9172=CARTESIAN_POINT('Ctrl Pts',(20.5370725666026,23.6666666666667,3.27005607650296));
#9173=CARTESIAN_POINT('Ctrl Pts',(20.6913662812247,23.6666666666667,3.48514265617607));
#9174=CARTESIAN_POINT('Ctrl Pts',(20.9089199474554,23.6666666666667,3.80887514008626));
#9175=CARTESIAN_POINT('Ctrl Pts',(21.1529194943944,23.6666666666667,4.20149807793342));
#9176=CARTESIAN_POINT('Ctrl Pts',(21.3300375061874,23.6666666666667,4.50614578065834));
#9177=CARTESIAN_POINT('Ctrl Pts',(21.3976755075037,23.6666666666667,4.6223875488877));
#9178=CARTESIAN_POINT('Ctrl Pts',(21.5424068960316,23.6666666666667,4.87389386314127));
#9179=CARTESIAN_POINT('Ctrl Pts',(21.7553782058422,23.6666666666667,5.25293699607215));
#9180=CARTESIAN_POINT('Ctrl Pts',(21.9535374422496,23.6666666666667,5.62442253182118));
#9181=CARTESIAN_POINT('Ctrl Pts',(22.0972189253558,23.6666666666667,5.8994478508022));
#9182=CARTESIAN_POINT('Ctrl Pts',(20.3309613592624,23.8333333333333,3.27663127357734));
#9183=CARTESIAN_POINT('Ctrl Pts',(20.4035600677483,23.8333333333333,3.36998943479249));
#9184=CARTESIAN_POINT('Ctrl Pts',(20.5542163241545,23.8333333333333,3.57988800491462));
#9185=CARTESIAN_POINT('Ctrl Pts',(20.769686501239,23.8333333333333,3.9004769812275));
#9186=CARTESIAN_POINT('Ctrl Pts',(21.0095594311786,23.8333333333333,4.28656856187799));
#9187=CARTESIAN_POINT('Ctrl Pts',(21.1864207940164,23.8333333333333,4.59055769627363));
#9188=CARTESIAN_POINT('Ctrl Pts',(21.2537218096237,23.8333333333333,4.70628671958457));
#9189=CARTESIAN_POINT('Ctrl Pts',(21.3976291730206,23.8333333333333,4.95632754003686));
#9190=CARTESIAN_POINT('Ctrl Pts',(21.6094769212737,23.8333333333333,5.33349861072163));
#9191=CARTESIAN_POINT('Ctrl Pts',(21.8052250360887,23.8333333333333,5.70046528807391));
#9192=CARTESIAN_POINT('Ctrl Pts',(21.9494965360326,23.8333333333333,5.97662215656805));
#9193=CARTESIAN_POINT('Ctrl Pts',(20.1994257336582,24.,3.37898437306473));
#9194=CARTESIAN_POINT('Ctrl Pts',(20.2690478290371,24.,3.46845685526027));
#9195=CARTESIAN_POINT('Ctrl Pts',(20.4172112304776,24.,3.67483883636768));
#9196=CARTESIAN_POINT('Ctrl Pts',(20.6298108111783,24.,3.99115805602819));
#9197=CARTESIAN_POINT('Ctrl Pts',(20.8662111836676,24.,4.37165032625212));
#9198=CARTESIAN_POINT('Ctrl Pts',(21.0424592746493,24.,4.67452307778678));
#9199=CARTESIAN_POINT('Ctrl Pts',(21.1094107581203,24.,4.7896721141457));
#9200=CARTESIAN_POINT('Ctrl Pts',(21.2527388798454,24.,5.03869933669099));
#9201=CARTESIAN_POINT('Ctrl Pts',(21.4631501730821,24.,5.41332589282573));
#9202=CARTESIAN_POINT('Ctrl Pts',(21.6577976551845,24.,5.77820536859645));
#9203=CARTESIAN_POINT('Ctrl Pts',(21.8017741467095,24.,6.05379646233391));
#9204=CARTESIAN_POINT('',(20.5940326105692,23.500000000008,3.07192507472947));
#9205=CARTESIAN_POINT('Ctrl Pts',(22.2449413146789,23.5,5.82227354503635));
#9206=CARTESIAN_POINT('Ctrl Pts',(22.1009648231538,23.5,5.54668245129864));
#9207=CARTESIAN_POINT('Ctrl Pts',(21.9017049540339,23.5,5.17310971396806));
#9208=CARTESIAN_POINT('Ctrl Pts',(21.6872971892068,23.5,4.79152206648714));
#9209=CARTESIAN_POINT('Ctrl Pts',(21.5419865590071,23.5,4.53900215432656));
#9210=CARTESIAN_POINT('Ctrl Pts',(21.4739990255545,23.5,4.42218039914518));
#9211=CARTESIAN_POINT('Ctrl Pts',(21.2962677419054,23.5,4.11641631355929));
#9212=CARTESIAN_POINT('Ctrl Pts',(21.048795637516,23.5,3.71819406528556));
#9213=CARTESIAN_POINT('Ctrl Pts',(20.8283713749016,23.5,3.39019182472302));
#9214=CARTESIAN_POINT('Ctrl Pts',(20.6715848053138,23.5,3.17158865603518));
#9215=CARTESIAN_POINT('Ctrl Pts',(20.594032610471,23.5,3.07192507460257));
#9216=CARTESIAN_POINT('',(20.5940326107661,23.500000000008,3.07192507498183));
#9217=CARTESIAN_POINT('Origin',(21.9751566796932,23.75,1.99721753047012));
#9218=CARTESIAN_POINT('',(20.9863916086677,23.5,0.553318768672702));
#9219=CARTESIAN_POINT('Origin',(21.9751566796932,23.5,1.99721753047012));
#9220=CARTESIAN_POINT('',(20.9863916086677,23.5,0.553318768672702));
#9221=CARTESIAN_POINT('Ctrl Pts',(22.9204514978272,23.5,-3.60317926724231));
#9222=CARTESIAN_POINT('Ctrl Pts',(22.9169702239725,23.5,-3.43612834681924));
#9223=CARTESIAN_POINT('Ctrl Pts',(22.9114839979573,23.5,-3.07210567177612));
#9224=CARTESIAN_POINT('Ctrl Pts',(22.8367850277445,23.5,-2.44770462235808));
#9225=CARTESIAN_POINT('Ctrl Pts',(22.7052441953386,23.5,-1.85208490482951));
#9226=CARTESIAN_POINT('Ctrl Pts',(22.4869068392824,23.5,-1.24392642071359));
#9227=CARTESIAN_POINT('Ctrl Pts',(22.216093700654,23.5,-0.721253254928267));
#9228=CARTESIAN_POINT('Ctrl Pts',(21.857667633761,23.5,-0.218255184963606));
#9229=CARTESIAN_POINT('Ctrl Pts',(21.4165254262565,23.5,0.232449851194793));
#9230=CARTESIAN_POINT('Ctrl Pts',(21.1259188281798,23.5,0.457772152274857));
#9231=CARTESIAN_POINT('Ctrl Pts',(20.9863916086677,23.5,0.553318768672707));
#9232=CARTESIAN_POINT('Ctrl Pts',(22.7538210101104,23.6666666666667,-3.6066517794489));
#9233=CARTESIAN_POINT('Ctrl Pts',(22.7503496675283,23.6666666666667,-3.43919554574309));
#9234=CARTESIAN_POINT('Ctrl Pts',(22.7448696512665,23.6666666666667,-3.08259923473861));
#9235=CARTESIAN_POINT('Ctrl Pts',(22.6721924872862,23.6666666666667,-2.47568198257675));
#9236=CARTESIAN_POINT('Ctrl Pts',(22.5444893986174,23.6666666666667,-1.89759730983534));
#9237=CARTESIAN_POINT('Ctrl Pts',(22.3337126925546,23.6666666666667,-1.31082879655175));
#9238=CARTESIAN_POINT('Ctrl Pts',(22.0729673792298,23.6666666666667,-0.807751612961544));
#9239=CARTESIAN_POINT('Ctrl Pts',(21.7297237787588,23.6666666666667,-0.326114712535448));
#9240=CARTESIAN_POINT('Ctrl Pts',(21.3054320295469,23.6666666666667,0.107592190584647));
#9241=CARTESIAN_POINT('Ctrl Pts',(21.025257622538,23.6666666666667,0.324727810189406));
#9242=CARTESIAN_POINT('Ctrl Pts',(20.8922235066653,23.6666666666667,0.415804600882474));
#9243=CARTESIAN_POINT('Ctrl Pts',(22.5871905223936,23.8333333333333,-3.61012429165549));
#9244=CARTESIAN_POINT('Ctrl Pts',(22.5837336981587,23.8333333333333,-3.44512847133973));
#9245=CARTESIAN_POINT('Ctrl Pts',(22.5783958786626,23.8333333333333,-3.09274904015532));
#9246=CARTESIAN_POINT('Ctrl Pts',(22.5078077922293,23.8333333333333,-2.50581454676175));
#9247=CARTESIAN_POINT('Ctrl Pts',(22.3839329313565,23.8333333333333,-1.9438075611219));
#9248=CARTESIAN_POINT('Ctrl Pts',(22.180901390302,23.8333333333333,-1.37905417630424));
#9249=CARTESIAN_POINT('Ctrl Pts',(21.9300937634489,23.8333333333333,-0.895087787299229));
#9250=CARTESIAN_POINT('Ctrl Pts',(21.6027246230464,23.8333333333333,-0.435273344106003));
#9251=CARTESIAN_POINT('Ctrl Pts',(21.1942408169169,23.8333333333333,-0.0175974139693902));
#9252=CARTESIAN_POINT('Ctrl Pts',(20.9258760739166,23.8333333333333,0.190736902209526));
#9253=CARTESIAN_POINT('Ctrl Pts',(20.7980554046629,23.8333333333333,0.278290433092241));
#9254=CARTESIAN_POINT('Ctrl Pts',(22.4205600346767,24.,-3.61359680386208));
#9255=CARTESIAN_POINT('Ctrl Pts',(22.4171131417145,24.,-3.44819567026358));
#9256=CARTESIAN_POINT('Ctrl Pts',(22.4117815319719,24.,-3.10324260311781));
#9257=CARTESIAN_POINT('Ctrl Pts',(22.343215251771,24.,-2.53379190698042));
#9258=CARTESIAN_POINT('Ctrl Pts',(22.2231781346353,24.,-1.98931996612772));
#9259=CARTESIAN_POINT('Ctrl Pts',(22.0277072435743,24.,-1.44595655214239));
#9260=CARTESIAN_POINT('Ctrl Pts',(21.7869674420247,24.,-0.981586145332506));
#9261=CARTESIAN_POINT('Ctrl Pts',(21.4747807680442,24.,-0.543132871677844));
#9262=CARTESIAN_POINT('Ctrl Pts',(21.0831474202073,24.,-0.142455074579536));
#9263=CARTESIAN_POINT('Ctrl Pts',(20.8252148682748,24.,0.0576925601240755));
#9264=CARTESIAN_POINT('Ctrl Pts',(20.7038873026605,24.,0.140776265302007));
#9265=CARTESIAN_POINT('',(22.9204514978272,23.5,-3.60317926724231));
#9266=CARTESIAN_POINT('Ctrl Pts',(20.9863916086677,23.5,0.553318768672707));
#9267=CARTESIAN_POINT('Ctrl Pts',(21.1259188281798,23.5,0.457772152274857));
#9268=CARTESIAN_POINT('Ctrl Pts',(21.4165254262565,23.5,0.232449851194793));
#9269=CARTESIAN_POINT('Ctrl Pts',(21.857667633761,23.5,-0.218255184963606));
#9270=CARTESIAN_POINT('Ctrl Pts',(22.216093700654,23.5,-0.721253254928267));
#9271=CARTESIAN_POINT('Ctrl Pts',(22.4869068392824,23.5,-1.24392642071359));
#9272=CARTESIAN_POINT('Ctrl Pts',(22.7052441953386,23.5,-1.85208490482951));
#9273=CARTESIAN_POINT('Ctrl Pts',(22.8367850277445,23.5,-2.44770462235808));
#9274=CARTESIAN_POINT('Ctrl Pts',(22.9114839979573,23.5,-3.07210567177612));
#9275=CARTESIAN_POINT('Ctrl Pts',(22.9169702239725,23.5,-3.43612834681924));
#9276=CARTESIAN_POINT('Ctrl Pts',(22.9204514978272,23.5,-3.60317926724231));
#9277=CARTESIAN_POINT('',(22.9204514978272,23.5,-3.60317926724231));
#9278=CARTESIAN_POINT('Origin',(18.6436870197446,23.75,9.09697745197436));
#9279=CARTESIAN_POINT('',(20.4907611379066,23.5,9.34697745197436));
#9280=CARTESIAN_POINT('',(20.4907611379066,24.,8.84697745197436));
#9281=CARTESIAN_POINT('',(23.2634905326083,23.5,9.34697745197436));
#9282=CARTESIAN_POINT('',(18.6436870197446,23.5,9.34697745197436));
#9283=CARTESIAN_POINT('',(23.2634905326083,23.5,9.34697745197436));
#9284=CARTESIAN_POINT('Ctrl Pts',(12.6024625432843,24.,4.50661027917154));
#9285=CARTESIAN_POINT('Ctrl Pts',(12.6024625432843,24.,3.89549656123673));
#9286=CARTESIAN_POINT('Ctrl Pts',(13.0714437587748,24.,2.67807826413937));
#9287=CARTESIAN_POINT('Ctrl Pts',(14.5156014293319,24.,1.94021815197846));
#9288=CARTESIAN_POINT('Ctrl Pts',(16.0626869885864,24.,2.05815204866633));
#9289=CARTESIAN_POINT('Ctrl Pts',(16.8544984795705,24.,2.62144979417041));
#9290=CARTESIAN_POINT('Ctrl Pts',(17.1905469030625,24.,3.1318725927567));
#9291=CARTESIAN_POINT('Ctrl Pts',(12.7691292099509,23.8333333333333,4.50661027917154));
#9292=CARTESIAN_POINT('Ctrl Pts',(12.7691292099509,23.8333333333333,3.93623747576572));
#9293=CARTESIAN_POINT('Ctrl Pts',(13.2068450110754,23.8333333333333,2.79998039847485));
#9294=CARTESIAN_POINT('Ctrl Pts',(14.5547255035954,23.8333333333333,2.11131096045801));
#9295=CARTESIAN_POINT('Ctrl Pts',(15.9986720255662,23.8333333333333,2.22138259736668));
#9296=CARTESIAN_POINT('Ctrl Pts',(16.7376960838181,23.8333333333333,2.74712715983717));
#9297=CARTESIAN_POINT('Ctrl Pts',(17.0513412790773,23.8333333333333,3.22352177185103));
#9298=CARTESIAN_POINT('Ctrl Pts',(12.9357958766176,23.6666666666667,4.50661027917155));
#9299=CARTESIAN_POINT('Ctrl Pts',(12.9357958766176,23.6666666666667,3.97697839029471));
#9300=CARTESIAN_POINT('Ctrl Pts',(13.3422462633761,23.6666666666667,2.92188253281034));
#9301=CARTESIAN_POINT('Ctrl Pts',(14.5938495778589,23.6666666666667,2.28240376893756));
#9302=CARTESIAN_POINT('Ctrl Pts',(15.9346570625461,23.6666666666667,2.38461314606704));
#9303=CARTESIAN_POINT('Ctrl Pts',(16.6208936880657,23.6666666666667,2.87280452550393));
#9304=CARTESIAN_POINT('Ctrl Pts',(16.9121356550921,23.6666666666667,3.31517095094536));
#9305=CARTESIAN_POINT('Ctrl Pts',(13.1024625432843,23.5,4.50661027917155));
#9306=CARTESIAN_POINT('Ctrl Pts',(13.1024625432843,23.5,4.01771930482371));
#9307=CARTESIAN_POINT('Ctrl Pts',(13.4776475156767,23.5,3.04378466714582));
#9308=CARTESIAN_POINT('Ctrl Pts',(14.6329736521224,23.5,2.45349657741711));
#9309=CARTESIAN_POINT('Ctrl Pts',(15.870642099526,23.5,2.5478436947674));
#9310=CARTESIAN_POINT('Ctrl Pts',(16.5040912923133,23.5,2.99848189117068));
#9311=CARTESIAN_POINT('Ctrl Pts',(16.7729300311069,23.5,3.40682013003968));
#9312=CARTESIAN_POINT('',(16.7729300311069,23.5,3.40682013003968));
#9313=CARTESIAN_POINT('',(16.7729300311069,23.5,3.40682013003968));
#9314=CARTESIAN_POINT('',(13.1024625432843,23.5,4.50661027917155));
#9315=CARTESIAN_POINT('',(12.6024625432843,24.,4.50661027917154));
#9316=CARTESIAN_POINT('Ctrl Pts',(13.1024625432843,23.5,4.50661027917155));
#9317=CARTESIAN_POINT('Ctrl Pts',(13.1024625432843,23.5,4.01771930482371));
#9318=CARTESIAN_POINT('Ctrl Pts',(13.4776475156767,23.5,3.04378466714582));
#9319=CARTESIAN_POINT('Ctrl Pts',(14.6329736521224,23.5,2.45349657741711));
#9320=CARTESIAN_POINT('Ctrl Pts',(15.870642099526,23.5,2.5478436947674));
#9321=CARTESIAN_POINT('Ctrl Pts',(16.5040912923133,23.5,2.99848189117068));
#9322=CARTESIAN_POINT('Ctrl Pts',(16.7729300311069,23.5,3.40682013003968));
#9323=CARTESIAN_POINT('Ctrl Pts',(17.9714510878125,23.5,5.41691761474135));
#9324=CARTESIAN_POINT('Ctrl Pts',(17.8246929293263,23.5,5.15699812218262));
#9325=CARTESIAN_POINT('Ctrl Pts',(17.6032746675594,23.5,4.76784369371707));
#9326=CARTESIAN_POINT('Ctrl Pts',(17.2989267255538,23.5,4.25443869003689));
#9327=CARTESIAN_POINT('Ctrl Pts',(17.1467153360234,23.5,3.99789208812487));
#9328=CARTESIAN_POINT('Ctrl Pts',(16.9910284294991,23.5,3.74441547193888));
#9329=CARTESIAN_POINT('Ctrl Pts',(16.8925342807257,23.5,3.58938946998055));
#9330=CARTESIAN_POINT('Ctrl Pts',(16.7917630814418,23.5,3.43542558564037));
#9331=CARTESIAN_POINT('Ctrl Pts',(16.7729300311069,23.5,3.40682013003967));
#9332=CARTESIAN_POINT('Ctrl Pts',(18.1165814415412,23.6666666666667,5.33497276618843));
#9333=CARTESIAN_POINT('Ctrl Pts',(17.9698318079148,23.6666666666667,5.07505718463182));
#9334=CARTESIAN_POINT('Ctrl Pts',(17.7472143039155,23.6666666666667,4.68381320001165));
#9335=CARTESIAN_POINT('Ctrl Pts',(17.442212317915,23.6666666666667,4.16931239228273));
#9336=CARTESIAN_POINT('Ctrl Pts',(17.2897798868791,23.6666666666667,3.91238296509693));
#9337=CARTESIAN_POINT('Ctrl Pts',(17.1320471467808,23.6666666666667,3.65555090054217));
#9338=CARTESIAN_POINT('Ctrl Pts',(17.0328062348835,23.6666666666667,3.49938749134283));
#9339=CARTESIAN_POINT('Ctrl Pts',(16.9311182126482,23.6666666666667,3.34399888478197));
#9340=CARTESIAN_POINT('Ctrl Pts',(16.9121356550921,23.6666666666667,3.31517095094535));
#9341=CARTESIAN_POINT('Ctrl Pts',(18.2617117952699,23.8333333333333,5.25302791763551));
#9342=CARTESIAN_POINT('Ctrl Pts',(18.1149451119238,23.8333333333333,4.99310451407466));
#9343=CARTESIAN_POINT('Ctrl Pts',(17.8910240210803,23.8333333333333,4.59956012318811));
#9344=CARTESIAN_POINT('Ctrl Pts',(17.5855420326046,23.8333333333333,4.08427023813124));
#9345=CARTESIAN_POINT('Ctrl Pts',(17.4325742893405,23.8333333333333,3.82641034694932));
#9346=CARTESIAN_POINT('Ctrl Pts',(17.2733330116444,23.8333333333333,3.56714882338037));
#9347=CARTESIAN_POINT('Ctrl Pts',(17.1728252103612,23.8333333333333,3.40894448835922));
#9348=CARTESIAN_POINT('Ctrl Pts',(17.0705211889953,23.8333333333333,3.2526586790533));
#9349=CARTESIAN_POINT('Ctrl Pts',(17.0513412790773,23.8333333333333,3.22352177185103));
#9350=CARTESIAN_POINT('Ctrl Pts',(18.4068421489986,24.,5.1710830690826));
#9351=CARTESIAN_POINT('Ctrl Pts',(18.2600839905124,24.,4.91116357652387));
#9352=CARTESIAN_POINT('Ctrl Pts',(18.0349636574364,24.,4.51552962948268));
#9353=CARTESIAN_POINT('Ctrl Pts',(17.7288276249658,24.,3.99914394037707));
#9354=CARTESIAN_POINT('Ctrl Pts',(17.5756388401962,24.,3.74090122392138));
#9355=CARTESIAN_POINT('Ctrl Pts',(17.4143517289261,24.,3.47828425198366));
#9356=CARTESIAN_POINT('Ctrl Pts',(17.313097164519,24.,3.31894250972151));
#9357=CARTESIAN_POINT('Ctrl Pts',(17.2098763202017,24.,3.1612319781949));
#9358=CARTESIAN_POINT('Ctrl Pts',(17.1905469030625,24.,3.13187259275671));
#9359=CARTESIAN_POINT('',(17.9714515308141,23.5000000000121,5.41691736460965));
#9360=CARTESIAN_POINT('Ctrl Pts',(16.7729300311069,23.5,3.40682013003967));
#9361=CARTESIAN_POINT('Ctrl Pts',(16.7917630814418,23.5,3.43542558564037));
#9362=CARTESIAN_POINT('Ctrl Pts',(16.8925342807257,23.5,3.58938946998055));
#9363=CARTESIAN_POINT('Ctrl Pts',(16.9910284294991,23.5,3.74441547193888));
#9364=CARTESIAN_POINT('Ctrl Pts',(17.1467153360234,23.5,3.99789208812487));
#9365=CARTESIAN_POINT('Ctrl Pts',(17.2989267255538,23.5,4.25443869003689));
#9366=CARTESIAN_POINT('Ctrl Pts',(17.6032746675594,23.5,4.76784369371707));
#9367=CARTESIAN_POINT('Ctrl Pts',(17.8246929293263,23.5,5.15699812218262));
#9368=CARTESIAN_POINT('Ctrl Pts',(17.9714510878125,23.5,5.41691761474135));
#9369=CARTESIAN_POINT('',(17.9711621003968,23.5000000000114,5.41640579677354));
#9370=CARTESIAN_POINT('Origin',(16.9585550632238,23.75,3.12331622951758));
#9371=CARTESIAN_POINT('',(20.0557962906245,23.5,9.0935653300804));
#9372=CARTESIAN_POINT('',(16.7410726395827,23.5,3.2466101685706));
#9373=CARTESIAN_POINT('',(20.0557962906245,23.5,9.0935653300804));
#9374=CARTESIAN_POINT('Origin',(12.8524625432843,23.75,4.59697745197432));
#9375=CARTESIAN_POINT('',(13.1024625432842,23.5,8.84697745197436));
#9376=CARTESIAN_POINT('',(12.6024625432842,24.,8.84697745197435));
#9377=CARTESIAN_POINT('',(13.1024625432843,23.5,4.59697745197433));
#9378=CARTESIAN_POINT('Origin',(20.4907611379066,23.5,8.84697745197436));
#9379=CARTESIAN_POINT('Origin',(20.4907611379066,23.5,8.84697745197436));
#9380=CARTESIAN_POINT('Origin',(23.2634905326083,23.5,8.84697745197436));
#9381=CARTESIAN_POINT('Origin',(23.2634905326083,23.5,8.84697745197436));
#9382=CARTESIAN_POINT('Origin',(22.4205600346704,23.5,-3.61359680386225));
#9383=CARTESIAN_POINT('Origin',(22.4205600346704,23.5,-3.61359680386225));
#9384=CARTESIAN_POINT('Origin',(10.3297352705569,23.5,-8.15302254802564));
#9385=CARTESIAN_POINT('Origin',(10.3297352705569,23.5,-8.15302254802564));
#9386=CARTESIAN_POINT('Origin',(10.3297352705569,23.5,8.84697745197436));
#9387=CARTESIAN_POINT('Origin',(10.3297352705569,23.5,8.84697745197436));
#9388=CARTESIAN_POINT('Origin',(12.6024625432842,23.5,8.84697745197436));
#9389=CARTESIAN_POINT('Origin',(12.6024625432842,23.5,8.84697745197436));
#9390=CARTESIAN_POINT('Ctrl Pts',(20.9863916086678,19.,0.553318768672702));
#9391=CARTESIAN_POINT('Ctrl Pts',(20.9863916086678,24.5,0.553318768672702));
#9392=CARTESIAN_POINT('Ctrl Pts',(21.3090115605337,19.,0.33239237960657));
#9393=CARTESIAN_POINT('Ctrl Pts',(21.3090115605337,24.5,0.33239237960657));
#9394=CARTESIAN_POINT('Ctrl Pts',(21.6162721763445,18.9999999999999,0.0493372964924878));
#9395=CARTESIAN_POINT('Ctrl Pts',(21.6162721763445,24.4999999999999,0.0493372964924878));
#9396=CARTESIAN_POINT('Ctrl Pts',(22.1198192926968,18.9999999999999,-0.560531422495102));
#9397=CARTESIAN_POINT('Ctrl Pts',(22.1198192926968,24.4999999999999,-0.560531422495102));
#9398=CARTESIAN_POINT('Ctrl Pts',(22.323787922143,19.,-0.900764995576293));
#9399=CARTESIAN_POINT('Ctrl Pts',(22.323787922143,24.5,-0.900764995576293));
#9400=CARTESIAN_POINT('Ctrl Pts',(22.8829412932435,19.,-2.19368299760683));
#9401=CARTESIAN_POINT('Ctrl Pts',(22.8829412932435,24.5,-2.19368299760683));
#9402=CARTESIAN_POINT('Ctrl Pts',(22.909507529738,19.,-3.07802668842642));
#9403=CARTESIAN_POINT('Ctrl Pts',(22.909507529738,24.5,-3.07802668842642));
#9404=CARTESIAN_POINT('Ctrl Pts',(22.9204514978272,19.,-3.60317926724231));
#9405=CARTESIAN_POINT('Ctrl Pts',(22.9204514978272,24.5,-3.60317926724231));
#9406=CARTESIAN_POINT('',(20.9863916086677,19.,0.553318768672701));
#9407=CARTESIAN_POINT('',(20.9863916086677,23.5000000007914,0.553318768672702));
#9408=CARTESIAN_POINT('',(22.9204514978272,19.,-3.60317926724231));
#9409=CARTESIAN_POINT('Ctrl Pts',(22.9204514978272,19.,-3.60317926724231));
#9410=CARTESIAN_POINT('Ctrl Pts',(22.909507529738,19.,-3.07802668842642));
#9411=CARTESIAN_POINT('Ctrl Pts',(22.8829412932435,19.,-2.19368299760683));
#9412=CARTESIAN_POINT('Ctrl Pts',(22.4834298688313,19.,-1.26990154633387));
#9413=CARTESIAN_POINT('Ctrl Pts',(22.323787922143,19.,-0.900764995576293));
#9414=CARTESIAN_POINT('Ctrl Pts',(22.1198192926968,18.9999999999999,-0.560531422495101));
#9415=CARTESIAN_POINT('Ctrl Pts',(21.8648471525102,18.9999999999999,-0.251723115460149));
#9416=CARTESIAN_POINT('Ctrl Pts',(21.6162721763445,18.9999999999999,0.0493372964924877));
#9417=CARTESIAN_POINT('Ctrl Pts',(21.3090115605337,19.,0.33239237960657));
#9418=CARTESIAN_POINT('Ctrl Pts',(20.9863916086678,19.,0.553318768672702));
#9419=CARTESIAN_POINT('',(22.9204514978272,23.4999999999965,-3.60317926724231));
#9420=CARTESIAN_POINT('Origin',(21.9751566796932,19.,1.99721753047012));
#9421=CARTESIAN_POINT('',(20.594032610471,19.,3.07192507460258));
#9422=CARTESIAN_POINT('',(20.5940326107661,23.5000000000084,3.07192507498183));
#9423=CARTESIAN_POINT('Origin',(21.9751566796932,19.,1.99721753047012));
#9424=CARTESIAN_POINT('Ctrl Pts',(22.2592281382105,19.,5.84962051870816));
#9425=CARTESIAN_POINT('Ctrl Pts',(22.2592281382105,24.,5.84962051870816));
#9426=CARTESIAN_POINT('Ctrl Pts',(22.2576292047309,19.,5.84655993692995));
#9427=CARTESIAN_POINT('Ctrl Pts',(22.2576292047309,24.,5.84655993692995));
#9428=CARTESIAN_POINT('Ctrl Pts',(22.2464366770901,19.,5.82513586097369));
#9429=CARTESIAN_POINT('Ctrl Pts',(22.2464366770901,24.,5.82513586097369));
#9430=CARTESIAN_POINT('Ctrl Pts',(22.2448377367305,19.,5.82207528278983));
#9431=CARTESIAN_POINT('Ctrl Pts',(22.2448377367305,24.,5.82207528278983));
#9432=CARTESIAN_POINT('Ctrl Pts',(21.9529119000516,19.,5.26329155977306));
#9433=CARTESIAN_POINT('Ctrl Pts',(21.9529119000516,24.,5.26329155977306));
#9434=CARTESIAN_POINT('Ctrl Pts',(21.7649692245417,19.,4.92115835189278));
#9435=CARTESIAN_POINT('Ctrl Pts',(21.7649692245417,24.,4.92115835189278));
#9436=CARTESIAN_POINT('Ctrl Pts',(21.377639181767,19.,4.25651748537662));
#9437=CARTESIAN_POINT('Ctrl Pts',(21.377639181767,24.,4.25651748537662));
#9438=CARTESIAN_POINT('Ctrl Pts',(20.9601864179994,19.,3.54247526177386));
#9439=CARTESIAN_POINT('Ctrl Pts',(20.9601864179994,24.,3.54247526177386));
#9440=CARTESIAN_POINT('Ctrl Pts',(20.594032609888,19.,3.07192507385344));
#9441=CARTESIAN_POINT('Ctrl Pts',(20.594032609888,24.,3.07192507385344));
#9442=CARTESIAN_POINT('',(22.2449138958782,19.,5.82222093054279));
#9443=CARTESIAN_POINT('',(22.2448331064358,23.5000000000124,5.82206641936097));
#9444=CARTESIAN_POINT('Ctrl Pts',(20.594032610471,19.,3.07192507460259));
#9445=CARTESIAN_POINT('Ctrl Pts',(20.9601864184425,19.,3.54247526253174));
#9446=CARTESIAN_POINT('Ctrl Pts',(21.3776391818163,19.,4.25651748546117));
#9447=CARTESIAN_POINT('Ctrl Pts',(21.4704839102553,19.,4.41583484777855));
#9448=CARTESIAN_POINT('Ctrl Pts',(21.7649676675106,19.,4.9211556800977));
#9449=CARTESIAN_POINT('Ctrl Pts',(21.9529099126314,19.,5.26328794184923));
#9450=CARTESIAN_POINT('Ctrl Pts',(22.244833106244,19.,5.82206641944272));
#9451=CARTESIAN_POINT('Origin',(23.706496121205,19.,8.61514551182789));
#9452=CARTESIAN_POINT('',(23.706496121205,19.,8.61514551182789));
#9453=CARTESIAN_POINT('',(23.706496121205,23.5000000000171,8.61514551182789));
#9454=CARTESIAN_POINT('',(22.2449946855047,19.,5.82237544162838));
#9455=CARTESIAN_POINT('Origin',(23.2634905326083,19.,8.84697745197436));
#9456=CARTESIAN_POINT('',(23.2634905326083,19.,9.34697745197436));
#9457=CARTESIAN_POINT('',(23.2634905326083,23.5000000000175,9.34697745197436));
#9458=CARTESIAN_POINT('Origin',(23.2634905326083,19.,8.84697745197436));
#9459=CARTESIAN_POINT('Origin',(20.4907611379066,19.,9.34697745197436));
#9460=CARTESIAN_POINT('',(20.4907611379066,19.,9.34697745197436));
#9461=CARTESIAN_POINT('',(20.4907611379066,23.5000000000184,9.34697745197436));
#9462=CARTESIAN_POINT('',(23.2634905326083,19.,9.34697745197436));
#9463=CARTESIAN_POINT('Origin',(20.4907611379066,19.,8.84697745197436));
#9464=CARTESIAN_POINT('',(20.0557962906245,19.,9.0935653300804));
#9465=CARTESIAN_POINT('',(20.0557962906245,23.5000000000176,9.0935653300804));
#9466=CARTESIAN_POINT('Origin',(20.4907611379066,19.,8.84697745197436));
#9467=CARTESIAN_POINT('Origin',(17.9715883143008,19.,5.41715912922081));
#9468=CARTESIAN_POINT('',(17.9715883143008,19.,5.41715912922083));
#9469=CARTESIAN_POINT('',(17.9715883143008,23.5000000000119,5.41715912922083));
#9470=CARTESIAN_POINT('',(20.0557962906245,19.,9.0935653300804));
#9471=CARTESIAN_POINT('Ctrl Pts',(15.9939655387569,19.,2.44803293515743));
#9472=CARTESIAN_POINT('Ctrl Pts',(15.9939655387569,24.,2.44803293515743));
#9473=CARTESIAN_POINT('Ctrl Pts',(16.4444548220529,19.,2.83571032597296));
#9474=CARTESIAN_POINT('Ctrl Pts',(16.4444548220529,24.,2.83571032597296));
#9475=CARTESIAN_POINT('Ctrl Pts',(16.7575790633732,19.,3.36433740561697));
#9476=CARTESIAN_POINT('Ctrl Pts',(16.7575790633732,24.,3.36433740561697));
#9477=CARTESIAN_POINT('Ctrl Pts',(17.3808888972334,19.,4.37914982341247));
#9478=CARTESIAN_POINT('Ctrl Pts',(17.3808888972334,24.,4.37914982341247));
#9479=CARTESIAN_POINT('Ctrl Pts',(17.6778255717931,19.,4.89688523008033));
#9480=CARTESIAN_POINT('Ctrl Pts',(17.6778255717931,24.,4.89688523008033));
#9481=CARTESIAN_POINT('Ctrl Pts',(17.9711621003968,19.,5.41640579677354));
#9482=CARTESIAN_POINT('Ctrl Pts',(17.9711621003968,24.,5.41640579677354));
#9483=CARTESIAN_POINT('Ctrl Pts',(17.9767844993758,19.,5.42636347888584));
#9484=CARTESIAN_POINT('Ctrl Pts',(17.9767844993758,24.,5.42636347888584));
#9485=CARTESIAN_POINT('Ctrl Pts',(17.9824068983549,19.,5.43632116099815));
#9486=CARTESIAN_POINT('Ctrl Pts',(17.9824068983549,24.,5.43632116099815));
#9487=CARTESIAN_POINT('Ctrl Pts',(17.9880292973339,19.,5.44627884311046));
#9488=CARTESIAN_POINT('Ctrl Pts',(17.9880292973339,24.,5.44627884311046));
#9489=CARTESIAN_POINT('',(16.7729300311069,19.,3.40682013003968));
#9490=CARTESIAN_POINT('Ctrl Pts',(16.7729300311069,19.,3.40682013003968));
#9491=CARTESIAN_POINT('Ctrl Pts',(16.7729300311069,20.5,3.40682013003968));
#9492=CARTESIAN_POINT('Ctrl Pts',(16.7729300311069,22.,3.40682013003968));
#9493=CARTESIAN_POINT('Ctrl Pts',(16.7729300311069,23.5,3.40682013003968));
#9494=CARTESIAN_POINT('Ctrl Pts',(17.9711621003968,19.,5.41640579677354));
#9495=CARTESIAN_POINT('Ctrl Pts',(17.6778255717931,19.,4.89688523008033));
#9496=CARTESIAN_POINT('Ctrl Pts',(17.3808888972334,19.,4.37914982341247));
#9497=CARTESIAN_POINT('Ctrl Pts',(17.0686377266586,19.,3.87077285235143));
#9498=CARTESIAN_POINT('Ctrl Pts',(16.9732859465806,19.,3.7155303626207));
#9499=CARTESIAN_POINT('Ctrl Pts',(16.8777400713836,19.,3.55820260302454));
#9500=CARTESIAN_POINT('Ctrl Pts',(16.7781028751046,19.,3.40348876878643));
#9501=CARTESIAN_POINT('Ctrl Pts',(13.1024625432843,19.,4.50661027917155));
#9502=CARTESIAN_POINT('Ctrl Pts',(13.1024625432843,20.5,4.50661027917155));
#9503=CARTESIAN_POINT('Ctrl Pts',(13.1024625432843,22.,4.50661027917155));
#9504=CARTESIAN_POINT('Ctrl Pts',(13.1024625432843,23.5,4.50661027917155));
#9505=CARTESIAN_POINT('Ctrl Pts',(13.1024625432843,19.,4.01911427060908));
#9506=CARTESIAN_POINT('Ctrl Pts',(13.1024625432843,20.5,4.01911427060908));
#9507=CARTESIAN_POINT('Ctrl Pts',(13.1024625432843,22.,4.01911427060908));
#9508=CARTESIAN_POINT('Ctrl Pts',(13.1024625432843,23.5,4.01911427060908));
#9509=CARTESIAN_POINT('Ctrl Pts',(13.4763523944357,19.,3.0455015543004));
#9510=CARTESIAN_POINT('Ctrl Pts',(13.4763523944357,20.5,3.0455015543004));
#9511=CARTESIAN_POINT('Ctrl Pts',(13.4763523944357,22.,3.0455015543004));
#9512=CARTESIAN_POINT('Ctrl Pts',(13.4763523944357,23.5,3.0455015543004));
#9513=CARTESIAN_POINT('Ctrl Pts',(14.6331918873084,19.,2.4540916218706));
#9514=CARTESIAN_POINT('Ctrl Pts',(14.6331918873084,20.5,2.4540916218706));
#9515=CARTESIAN_POINT('Ctrl Pts',(14.6331918873084,22.,2.4540916218706));
#9516=CARTESIAN_POINT('Ctrl Pts',(14.6331918873084,23.5,2.4540916218706));
#9517=CARTESIAN_POINT('Ctrl Pts',(15.870984694922,19.,2.54833458937759));
#9518=CARTESIAN_POINT('Ctrl Pts',(15.870984694922,20.5,2.54833458937759));
#9519=CARTESIAN_POINT('Ctrl Pts',(15.870984694922,22.,2.54833458937759));
#9520=CARTESIAN_POINT('Ctrl Pts',(15.870984694922,23.5,2.54833458937759));
#9521=CARTESIAN_POINT('Ctrl Pts',(16.5048583771278,19.,2.99964701366623));
#9522=CARTESIAN_POINT('Ctrl Pts',(16.5048583771278,20.5,2.99964701366623));
#9523=CARTESIAN_POINT('Ctrl Pts',(16.5048583771278,22.,2.99964701366623));
#9524=CARTESIAN_POINT('Ctrl Pts',(16.5048583771278,23.5,2.99964701366623));
#9525=CARTESIAN_POINT('Ctrl Pts',(16.7729300311069,19.,3.40682013003968));
#9526=CARTESIAN_POINT('Ctrl Pts',(16.7729300311069,20.5,3.40682013003968));
#9527=CARTESIAN_POINT('Ctrl Pts',(16.7729300311069,22.,3.40682013003968));
#9528=CARTESIAN_POINT('Ctrl Pts',(16.7729300311069,23.5,3.40682013003968));
#9529=CARTESIAN_POINT('',(13.1024625432843,19.,4.50661027917155));
#9530=CARTESIAN_POINT('Ctrl Pts',(13.1024625432843,23.5,4.50661027917155));
#9531=CARTESIAN_POINT('Ctrl Pts',(13.1024625432843,22.,4.50661027917155));
#9532=CARTESIAN_POINT('Ctrl Pts',(13.1024625432843,20.5,4.50661027917155));
#9533=CARTESIAN_POINT('Ctrl Pts',(13.1024625432843,19.,4.50661027917155));
#9534=CARTESIAN_POINT('Ctrl Pts',(16.7729300311069,19.,3.40682013003968));
#9535=CARTESIAN_POINT('Ctrl Pts',(16.5048583771278,19.,2.99964701366623));
#9536=CARTESIAN_POINT('Ctrl Pts',(16.082275922324,19.,2.69877206414047));
#9537=CARTESIAN_POINT('Ctrl Pts',(15.6113370220257,19.,2.57334895629668));
#9538=CARTESIAN_POINT('Ctrl Pts',(15.3758675718766,19.,2.51063740237479));
#9539=CARTESIAN_POINT('Ctrl Pts',(15.1283090103539,19.,2.4917888088734));
#9540=CARTESIAN_POINT('Ctrl Pts',(14.8861473364805,19.,2.51865040870112));
#9541=CARTESIAN_POINT('Ctrl Pts',(14.4018239887339,19.,2.57237360835656));
#9542=CARTESIAN_POINT('Ctrl Pts',(13.9390881915848,19.,2.80893758132848));
#9543=CARTESIAN_POINT('Ctrl Pts',(13.6142478302224,19.,3.17062274689161));
#9544=CARTESIAN_POINT('Ctrl Pts',(13.28940746886,19.,3.53230791245474));
#9545=CARTESIAN_POINT('Ctrl Pts',(13.1024625432843,19.,4.01911427060908));
#9546=CARTESIAN_POINT('Ctrl Pts',(13.1024625432843,19.,4.50661027917155));
#9547=CARTESIAN_POINT('Ctrl Pts',(-19.3440215111943,23.5,-1.78282153739898));
#9548=CARTESIAN_POINT('Ctrl Pts',(-19.343156090887,23.5,-1.78257850341343));
#9549=CARTESIAN_POINT('Ctrl Pts',(-19.3422906461213,23.5,-1.7823354850423));
#9550=CARTESIAN_POINT('Ctrl Pts',(-19.1740489654111,23.5000000000001,-1.73508040061923));
#9551=CARTESIAN_POINT('Ctrl Pts',(-18.8272662876894,23.5,-1.6387616990749));
#9552=CARTESIAN_POINT('Ctrl Pts',(-18.2738481443427,23.5,-1.4634665318782));
#9553=CARTESIAN_POINT('Ctrl Pts',(-17.7276938623344,23.5,-1.28380441348638));
#9554=CARTESIAN_POINT('Ctrl Pts',(-17.1906953184954,23.5,-1.08370176182618));
#9555=CARTESIAN_POINT('Ctrl Pts',(-16.6664443614532,23.5,-0.855616451347108));
#9556=CARTESIAN_POINT('Ctrl Pts',(-16.1535387629601,23.5,-0.603839385064514));
#9557=CARTESIAN_POINT('Ctrl Pts',(-15.8209532697187,23.5,-0.398999984254553));
#9558=CARTESIAN_POINT('Ctrl Pts',(-15.6566662997091,23.5,-0.282884321997817));
#9559=CARTESIAN_POINT('Ctrl Pts',(-15.5038490174519,23.5,-0.173721527334856));
#9560=CARTESIAN_POINT('Ctrl Pts',(-15.2263664271471,23.5,0.0476680606519205));
#9561=CARTESIAN_POINT('Ctrl Pts',(-14.8279332929032,23.5,0.433123488930668));
#9562=CARTESIAN_POINT('Ctrl Pts',(-14.4066228856374,23.5,0.975357392314924));
#9563=CARTESIAN_POINT('Ctrl Pts',(-14.0622178709954,23.5,1.57075570148391));
#9564=CARTESIAN_POINT('Ctrl Pts',(-13.7830924619386,23.5,2.4058154982487));
#9565=CARTESIAN_POINT('Ctrl Pts',(-13.6605935349676,23.5,3.01742571845339));
#9566=CARTESIAN_POINT('Ctrl Pts',(-13.6091091391696,23.5,3.57127174369864));
#9567=CARTESIAN_POINT('Ctrl Pts',(-13.59897277285,23.5,3.93549360140386));
#9568=CARTESIAN_POINT('Ctrl Pts',(-13.5940241976137,23.5,4.1170177858324));
#9569=CARTESIAN_POINT('Ctrl Pts',(-19.389082974167,23.6666666666667,-1.62236206484427));
#9570=CARTESIAN_POINT('Ctrl Pts',(-19.3882049752238,23.6666666666667,-1.62211540292935));
#9571=CARTESIAN_POINT('Ctrl Pts',(-19.3873625813886,23.6666666666667,-1.6218790294454));
#9572=CARTESIAN_POINT('Ctrl Pts',(-19.2183134391041,23.6666666666667,-1.57439374826895));
#9573=CARTESIAN_POINT('Ctrl Pts',(-18.8754008854391,23.6666666666667,-1.47916143925406));
#9574=CARTESIAN_POINT('Ctrl Pts',(-18.3252227659224,23.6666666666667,-1.30492961996515));
#9575=CARTESIAN_POINT('Ctrl Pts',(-17.7816373634407,23.6666666666667,-1.12605357576392));
#9576=CARTESIAN_POINT('Ctrl Pts',(-17.2536083387262,23.6666666666667,-0.929271863402885));
#9577=CARTESIAN_POINT('Ctrl Pts',(-16.7359435047469,23.6666666666667,-0.704088034341033));
#9578=CARTESIAN_POINT('Ctrl Pts',(-16.2326400332658,23.6666666666667,-0.456893414530891));
#9579=CARTESIAN_POINT('Ctrl Pts',(-15.9120352521433,23.6666666666667,-0.259189721516892));
#9580=CARTESIAN_POINT('Ctrl Pts',(-15.7530376223952,23.6666666666667,-0.146903775602671));
#9581=CARTESIAN_POINT('Ctrl Pts',(-15.6061670195118,23.6666666666667,-0.0421440071304366));
#9582=CARTESIAN_POINT('Ctrl Pts',(-15.33576134594,23.6666666666667,0.173878953470205));
#9583=CARTESIAN_POINT('Ctrl Pts',(-14.9523490354381,23.6666666666667,0.544763301243749));
#9584=CARTESIAN_POINT('Ctrl Pts',(-14.5472575034903,23.6666666666667,1.06619497440325));
#9585=CARTESIAN_POINT('Ctrl Pts',(-14.2143236414359,23.6666666666667,1.64115790467699));
#9586=CARTESIAN_POINT('Ctrl Pts',(-13.9447840325057,23.6666666666667,2.44817345202089));
#9587=CARTESIAN_POINT('Ctrl Pts',(-13.8257535056111,23.6666666666667,3.04133597624001));
#9588=CARTESIAN_POINT('Ctrl Pts',(-13.7757642680034,23.6666666666667,3.57998249444177));
#9589=CARTESIAN_POINT('Ctrl Pts',(-13.7655260374514,23.6666666666667,3.93973582686023));
#9590=CARTESIAN_POINT('Ctrl Pts',(-13.7606289674891,23.6666666666667,4.12155963925568));
#9591=CARTESIAN_POINT('Ctrl Pts',(-19.4341444371398,23.8333333333333,-1.46190259228956));
#9592=CARTESIAN_POINT('Ctrl Pts',(-19.4332915954684,23.8333333333333,-1.46166318623338));
#9593=CARTESIAN_POINT('Ctrl Pts',(-19.4324042909641,23.8333333333333,-1.4614138724259));
#9594=CARTESIAN_POINT('Ctrl Pts',(-19.2645046798112,23.8333333333336,-1.41425230734641));
#9595=CARTESIAN_POINT('Ctrl Pts',(-18.9233619008531,23.8333333333334,-1.3195077242174));
#9596=CARTESIAN_POINT('Ctrl Pts',(-18.3778609227933,23.8333333333334,-1.14672824951156));
#9597=CARTESIAN_POINT('Ctrl Pts',(-17.8354842546129,23.8333333333334,-0.968195040964048));
#9598=CARTESIAN_POINT('Ctrl Pts',(-17.3173777313198,23.8333333333334,-0.77509683358758));
#9599=CARTESIAN_POINT('Ctrl Pts',(-16.8054187197969,23.8333333333334,-0.552372766286635));
#9600=CARTESIAN_POINT('Ctrl Pts',(-16.3122731890802,23.8333333333334,-0.310072981243981));
#9601=CARTESIAN_POINT('Ctrl Pts',(-16.0024564345172,23.8333333333334,-0.118852406639706));
#9602=CARTESIAN_POINT('Ctrl Pts',(-15.85007306591,23.8333333333334,-0.0110956927034777));
#9603=CARTESIAN_POINT('Ctrl Pts',(-15.7074095596861,23.8333333333334,0.0909327715816565));
#9604=CARTESIAN_POINT('Ctrl Pts',(-15.4459962256468,23.8333333333334,0.29969834971728));
#9605=CARTESIAN_POINT('Ctrl Pts',(-15.0762723953761,23.8333333333334,0.657379375987013));
#9606=CARTESIAN_POINT('Ctrl Pts',(-14.688385380072,23.8333333333334,1.156996545304));
#9607=CARTESIAN_POINT('Ctrl Pts',(-14.3668359438284,23.8333333333333,1.71182145209913));
#9608=CARTESIAN_POINT('Ctrl Pts',(-14.106128910596,23.8333333333333,2.49168770023164));
#9609=CARTESIAN_POINT('Ctrl Pts',(-13.9911102082556,23.8333333333333,3.06587351424431));
#9610=CARTESIAN_POINT('Ctrl Pts',(-13.9421828055534,23.8333333333333,3.5888717798237));
#9611=CARTESIAN_POINT('Ctrl Pts',(-13.9322373697517,23.8333333333333,3.94474664587999));
#9612=CARTESIAN_POINT('Ctrl Pts',(-13.9272337373646,23.8333333333333,4.12610149267895));
#9613=CARTESIAN_POINT('Ctrl Pts',(-19.4792059001125,24.,-1.30144311973485));
#9614=CARTESIAN_POINT('Ctrl Pts',(-19.4783404798052,24.,-1.3012000857493));
#9615=CARTESIAN_POINT('Ctrl Pts',(-19.4774762262314,24.,-1.300957416829));
#9616=CARTESIAN_POINT('Ctrl Pts',(-19.3087691535041,24.0000000000002,-1.25356565499612));
#9617=CARTESIAN_POINT('Ctrl Pts',(-18.9714964986029,24.0000000000001,-1.15990746439656));
#9618=CARTESIAN_POINT('Ctrl Pts',(-18.429235544373,24.0000000000001,-0.988191337598518));
#9619=CARTESIAN_POINT('Ctrl Pts',(-17.8894277557193,24.0000000000001,-0.810444203241589));
#9620=CARTESIAN_POINT('Ctrl Pts',(-17.3802907515506,24.0000000000001,-0.620666935164281));
#9621=CARTESIAN_POINT('Ctrl Pts',(-16.8749178630906,24.0000000000001,-0.40084434928056));
#9622=CARTESIAN_POINT('Ctrl Pts',(-16.3913744593858,24.0000000000001,-0.163127010710358));
#9623=CARTESIAN_POINT('Ctrl Pts',(-16.0935384169419,24.0000000000001,0.0209578560979555));
#9624=CARTESIAN_POINT('Ctrl Pts',(-15.946444388596,24.0000000000001,0.124884853691668));
#9625=CARTESIAN_POINT('Ctrl Pts',(-15.809727561746,24.0000000000001,0.222510291786076));
#9626=CARTESIAN_POINT('Ctrl Pts',(-15.5553911444397,24.,0.425909242535565));
#9627=CARTESIAN_POINT('Ctrl Pts',(-15.200688137911,24.,0.769019188300095));
#9628=CARTESIAN_POINT('Ctrl Pts',(-14.8290199979249,24.,1.24783412739232));
#9629=CARTESIAN_POINT('Ctrl Pts',(-14.5189417142689,24.,1.78222365529221));
#9630=CARTESIAN_POINT('Ctrl Pts',(-14.267820481163,24.,2.53404565400382));
#9631=CARTESIAN_POINT('Ctrl Pts',(-14.1562701788991,24.,3.08978377203092));
#9632=CARTESIAN_POINT('Ctrl Pts',(-14.1088379343872,24.,3.59758253056683));
#9633=CARTESIAN_POINT('Ctrl Pts',(-14.0987906343532,24.,3.94898887133637));
#9634=CARTESIAN_POINT('Ctrl Pts',(-14.0938385072401,24.,4.13064334610223));
#9635=CARTESIAN_POINT('',(-19.344023638288,23.500000000003,-1.78281396302592));
#9636=CARTESIAN_POINT('',(-19.4562998444883,24.,-1.29501076410518));
#9637=CARTESIAN_POINT('Ctrl Pts',(-19.3414252553489,23.5,-1.78209241736824));
#9638=CARTESIAN_POINT('Ctrl Pts',(-19.3568520670473,23.5670962329856,-1.71673280972046));
#9639=CARTESIAN_POINT('Ctrl Pts',(-19.372253278552,23.6341925068802,-1.65136603269224));
#9640=CARTESIAN_POINT('Ctrl Pts',(-19.3876649599058,23.7012887994591,-1.58600229046617));
#9641=CARTESIAN_POINT('Ctrl Pts',(-19.4036949731787,23.7710770617464,-1.51801609016766));
#9642=CARTESIAN_POINT('Ctrl Pts',(-19.4197361856118,23.8408653442474,-1.45003313646761));
#9643=CARTESIAN_POINT('Ctrl Pts',(-19.4357743427197,23.9106536219532,-1.38204938717292));
#9644=CARTESIAN_POINT('Ctrl Pts',(-19.4426186216753,23.9404357494899,-1.35303734161917));
#9645=CARTESIAN_POINT('Ctrl Pts',(-19.4494616945983,23.9702178761534,-1.32402496733013));
#9646=CARTESIAN_POINT('Ctrl Pts',(-19.4562997281243,24.,-1.29501117895609));
#9647=CARTESIAN_POINT('',(-14.0938385072401,24.,4.13064334610223));
#9648=CARTESIAN_POINT('Ctrl Pts',(-19.4562997279991,24.,-1.29501117892095));
#9649=CARTESIAN_POINT('Ctrl Pts',(-19.2944076718677,24.0000000000002,-1.24957094842863));
#9650=CARTESIAN_POINT('Ctrl Pts',(-18.9635010460579,24.0000000000001,-1.15737556876159));
#9651=CARTESIAN_POINT('Ctrl Pts',(-18.429235544373,24.0000000000001,-0.988191337598518));
#9652=CARTESIAN_POINT('Ctrl Pts',(-17.8894277557193,24.0000000000001,-0.810444203241589));
#9653=CARTESIAN_POINT('Ctrl Pts',(-17.3802907515506,24.0000000000001,-0.620666935164281));
#9654=CARTESIAN_POINT('Ctrl Pts',(-16.8749178630906,24.0000000000001,-0.40084434928056));
#9655=CARTESIAN_POINT('Ctrl Pts',(-16.3913744593858,24.0000000000001,-0.163127010710358));
#9656=CARTESIAN_POINT('Ctrl Pts',(-16.0935384169419,24.0000000000001,0.0209578560979555));
#9657=CARTESIAN_POINT('Ctrl Pts',(-15.946444388596,24.0000000000001,0.124884853691668));
#9658=CARTESIAN_POINT('Ctrl Pts',(-15.809727561746,24.0000000000001,0.222510291786076));
#9659=CARTESIAN_POINT('Ctrl Pts',(-15.5553911444397,24.,0.425909242535565));
#9660=CARTESIAN_POINT('Ctrl Pts',(-15.200688137911,24.,0.769019188300095));
#9661=CARTESIAN_POINT('Ctrl Pts',(-14.8290199979249,24.,1.24783412739232));
#9662=CARTESIAN_POINT('Ctrl Pts',(-14.5189417142689,24.,1.78222365529221));
#9663=CARTESIAN_POINT('Ctrl Pts',(-14.267820481163,24.,2.53404565400382));
#9664=CARTESIAN_POINT('Ctrl Pts',(-14.1562701788991,24.,3.08978377203092));
#9665=CARTESIAN_POINT('Ctrl Pts',(-14.1088379343872,24.,3.59758253056683));
#9666=CARTESIAN_POINT('Ctrl Pts',(-14.0987906343532,24.,3.94898887133637));
#9667=CARTESIAN_POINT('Ctrl Pts',(-14.0938385072401,24.,4.13064334610223));
#9668=CARTESIAN_POINT('',(-13.5940241976137,23.5,4.1170177858324));
#9669=CARTESIAN_POINT('',(-14.0938385072401,24.,4.13064334610223));
#9670=CARTESIAN_POINT('Ctrl Pts',(-13.5940241976137,23.5,4.1170177858324));
#9671=CARTESIAN_POINT('Ctrl Pts',(-13.59897277285,23.5,3.93549360140386));
#9672=CARTESIAN_POINT('Ctrl Pts',(-13.6091091391696,23.5,3.57127174369864));
#9673=CARTESIAN_POINT('Ctrl Pts',(-13.6605935349676,23.5,3.01742571845339));
#9674=CARTESIAN_POINT('Ctrl Pts',(-13.7830924619386,23.5,2.4058154982487));
#9675=CARTESIAN_POINT('Ctrl Pts',(-14.0622178709954,23.5,1.57075570148391));
#9676=CARTESIAN_POINT('Ctrl Pts',(-14.4066228856374,23.5,0.975357392314924));
#9677=CARTESIAN_POINT('Ctrl Pts',(-14.8279332929032,23.5,0.433123488930668));
#9678=CARTESIAN_POINT('Ctrl Pts',(-15.2263664271471,23.5,0.0476680606519205));
#9679=CARTESIAN_POINT('Ctrl Pts',(-15.5038490174519,23.5,-0.173721527334856));
#9680=CARTESIAN_POINT('Ctrl Pts',(-15.6566662997091,23.5,-0.282884321997817));
#9681=CARTESIAN_POINT('Ctrl Pts',(-15.8209532697187,23.5,-0.398999984254553));
#9682=CARTESIAN_POINT('Ctrl Pts',(-16.1535387629601,23.5,-0.603839385064514));
#9683=CARTESIAN_POINT('Ctrl Pts',(-16.6664443614532,23.5,-0.855616451347108));
#9684=CARTESIAN_POINT('Ctrl Pts',(-17.1906953184954,23.5,-1.08370176182618));
#9685=CARTESIAN_POINT('Ctrl Pts',(-17.7276938623344,23.5,-1.28380441348638));
#9686=CARTESIAN_POINT('Ctrl Pts',(-18.2738481443427,23.5,-1.4634665318782));
#9687=CARTESIAN_POINT('Ctrl Pts',(-18.8272662876894,23.5,-1.6387616990749));
#9688=CARTESIAN_POINT('Ctrl Pts',(-19.1740489654111,23.5000000000001,-1.73508040061923));
#9689=CARTESIAN_POINT('Ctrl Pts',(-19.3422906461213,23.5,-1.7823354850423));
#9690=CARTESIAN_POINT('Ctrl Pts',(-19.343156090887,23.5,-1.78257850341343));
#9691=CARTESIAN_POINT('Ctrl Pts',(-19.3440215111943,23.5,-1.78282153739898));
#9692=CARTESIAN_POINT('Origin',(-18.0809339781615,23.75,-5.70040930380348));
#9693=CARTESIAN_POINT('',(-14.7845179665718,23.5,-4.43532687866965));
#9694=CARTESIAN_POINT('',(-14.6388717647059,24.,-4.9136439114858));
#9695=CARTESIAN_POINT('',(-14.7845179665718,23.5,-4.43532687866965));
#9696=CARTESIAN_POINT('',(-14.9854658248159,24.,-5.01918083570339));
#9697=CARTESIAN_POINT('',(-18.0081108772286,24.,-5.93956782021156));
#9698=CARTESIAN_POINT('',(-15.1311120266818,23.5,-4.54086380288724));
#9699=CARTESIAN_POINT('',(-14.9854658248159,24.,-5.01918083570339));
#9700=CARTESIAN_POINT('',(-18.1537570790945,23.5,-5.46125078739541));
#9701=CARTESIAN_POINT('Ctrl Pts',(-15.1311120266818,23.5,-4.54086380288724));
#9702=CARTESIAN_POINT('Ctrl Pts',(-16.2835210292714,23.5,-4.8917691286604));
#9703=CARTESIAN_POINT('Ctrl Pts',(-17.4307379275499,23.5,-5.25966957357069));
#9704=CARTESIAN_POINT('Ctrl Pts',(-18.5722947442987,23.5,-5.64441506222502));
#9705=CARTESIAN_POINT('Ctrl Pts',(-15.0825632927265,23.6666666666667,-4.70030281382596));
#9706=CARTESIAN_POINT('Ctrl Pts',(-16.2334043919112,23.6666666666667,-5.05073071738718));
#9707=CARTESIAN_POINT('Ctrl Pts',(-17.3790604508724,23.6666666666667,-5.41813061747447));
#9708=CARTESIAN_POINT('Ctrl Pts',(-18.519064129095,23.6666666666667,-5.80235264287892));
#9709=CARTESIAN_POINT('Ctrl Pts',(-15.0340145587713,23.8333333333333,-4.85974182476468));
#9710=CARTESIAN_POINT('Ctrl Pts',(-16.1832877545511,23.8333333333333,-5.20969230611397));
#9711=CARTESIAN_POINT('Ctrl Pts',(-17.3273829741948,23.8333333333333,-5.57659166137824));
#9712=CARTESIAN_POINT('Ctrl Pts',(-18.4658335138912,23.8333333333333,-5.96029022353283));
#9713=CARTESIAN_POINT('Ctrl Pts',(-14.985465824816,24.,-5.0191808357034));
#9714=CARTESIAN_POINT('Ctrl Pts',(-16.1331711171909,24.,-5.36865389484076));
#9715=CARTESIAN_POINT('Ctrl Pts',(-17.2757054975172,24.,-5.73505270528202));
#9716=CARTESIAN_POINT('Ctrl Pts',(-18.4126028986875,24.,-6.11822780418674));
#9717=CARTESIAN_POINT('',(-18.4126028986875,24.,-6.11822780418674));
#9718=CARTESIAN_POINT('',(-18.5722947442987,23.5,-5.644415062225));
#9719=CARTESIAN_POINT('',(-18.4126028986875,24.,-6.11822780418674));
#9720=CARTESIAN_POINT('Ctrl Pts',(-18.5722947442987,23.5,-5.64441506222502));
#9721=CARTESIAN_POINT('Ctrl Pts',(-17.4307379275499,23.5,-5.25966957357069));
#9722=CARTESIAN_POINT('Ctrl Pts',(-16.2835210292714,23.5,-4.8917691286604));
#9723=CARTESIAN_POINT('Ctrl Pts',(-15.1311120266818,23.5,-4.54086380288724));
#9724=CARTESIAN_POINT('Ctrl Pts',(-14.985465824816,24.,-5.0191808357034));
#9725=CARTESIAN_POINT('Ctrl Pts',(-16.1331711171909,24.,-5.36865389484076));
#9726=CARTESIAN_POINT('Ctrl Pts',(-17.2757054975172,24.,-5.73505270528202));
#9727=CARTESIAN_POINT('Ctrl Pts',(-18.4126028986875,24.,-6.11822780418674));
#9728=CARTESIAN_POINT('Ctrl Pts',(-18.5722947442987,23.5,-5.64441506222499));
#9729=CARTESIAN_POINT('Ctrl Pts',(-18.7249719035255,23.5,-5.695872727206));
#9730=CARTESIAN_POINT('Ctrl Pts',(-18.8819788203772,23.5,-5.73553820249409));
#9731=CARTESIAN_POINT('Ctrl Pts',(-19.0411639222236,23.5,-5.76509607563706));
#9732=CARTESIAN_POINT('Ctrl Pts',(-18.519064129095,23.6666666666667,-5.80235264287889));
#9733=CARTESIAN_POINT('Ctrl Pts',(-18.6799570430761,23.6666666666667,-5.85657931114668));
#9734=CARTESIAN_POINT('Ctrl Pts',(-18.8445694397853,23.6666666666667,-5.89810742108467));
#9735=CARTESIAN_POINT('Ctrl Pts',(-19.0107369393254,23.6666666666667,-5.92896180265004));
#9736=CARTESIAN_POINT('Ctrl Pts',(-18.4658335138912,23.8333333333333,-5.9602902235328));
#9737=CARTESIAN_POINT('Ctrl Pts',(-18.6349421826267,23.8333333333333,-6.01728589508737));
#9738=CARTESIAN_POINT('Ctrl Pts',(-18.8071600591934,23.8333333333333,-6.06067663967524));
#9739=CARTESIAN_POINT('Ctrl Pts',(-18.9803099564272,23.8333333333333,-6.09282752966301));
#9740=CARTESIAN_POINT('Ctrl Pts',(-18.4126028986875,24.,-6.1182278041867));
#9741=CARTESIAN_POINT('Ctrl Pts',(-18.5899273221773,24.,-6.17799247902806));
#9742=CARTESIAN_POINT('Ctrl Pts',(-18.7697506786015,24.,-6.22324585826582));
#9743=CARTESIAN_POINT('Ctrl Pts',(-18.949882973529,24.,-6.25669325667598));
#9744=CARTESIAN_POINT('',(-18.949882973529,24.,-6.25669325667598));
#9745=CARTESIAN_POINT('',(-19.0411639222236,23.5,-5.76509607563706));
#9746=CARTESIAN_POINT('',(-18.949882973529,24.,-6.25669325667598));
#9747=CARTESIAN_POINT('Ctrl Pts',(-19.0411639222236,23.5,-5.76509607563706));
#9748=CARTESIAN_POINT('Ctrl Pts',(-18.8819788203772,23.5,-5.73553820249409));
#9749=CARTESIAN_POINT('Ctrl Pts',(-18.7249719035255,23.5,-5.695872727206));
#9750=CARTESIAN_POINT('Ctrl Pts',(-18.5722947442987,23.5,-5.64441506222499));
#9751=CARTESIAN_POINT('Ctrl Pts',(-18.4126028986875,24.,-6.1182278041867));
#9752=CARTESIAN_POINT('Ctrl Pts',(-18.5899273221773,24.,-6.17799247902806));
#9753=CARTESIAN_POINT('Ctrl Pts',(-18.7697506786015,24.,-6.22324585826582));
#9754=CARTESIAN_POINT('Ctrl Pts',(-18.949882973529,24.,-6.25669325667598));
#9755=CARTESIAN_POINT('Ctrl Pts',(-19.0411639222236,23.5,-5.76509607563706));
#9756=CARTESIAN_POINT('Ctrl Pts',(-19.4649137260245,23.5,-5.84377895990087));
#9757=CARTESIAN_POINT('Ctrl Pts',(-19.8880338366815,23.5,-5.9258436803002));
#9758=CARTESIAN_POINT('Ctrl Pts',(-20.3104737180785,23.5,-6.01128043528668));
#9759=CARTESIAN_POINT('Ctrl Pts',(-19.0107369393254,23.6666666666667,-5.92896180265004));
#9760=CARTESIAN_POINT('Ctrl Pts',(-19.4336148299498,23.6666666666667,-6.00748278797503));
#9761=CARTESIAN_POINT('Ctrl Pts',(-19.8558643230951,23.6666666666667,-6.08937865092497));
#9762=CARTESIAN_POINT('Ctrl Pts',(-20.2774349866291,23.6666666666667,-6.1746396101193));
#9763=CARTESIAN_POINT('Ctrl Pts',(-18.9803099564272,23.8333333333333,-6.09282752966301));
#9764=CARTESIAN_POINT('Ctrl Pts',(-19.402315933875,23.8333333333333,-6.17118661604919));
#9765=CARTESIAN_POINT('Ctrl Pts',(-19.8236948095087,23.8333333333333,-6.25291362154975));
#9766=CARTESIAN_POINT('Ctrl Pts',(-20.2443962551798,23.8333333333333,-6.33799878495193));
#9767=CARTESIAN_POINT('Ctrl Pts',(-18.949882973529,24.,-6.25669325667599));
#9768=CARTESIAN_POINT('Ctrl Pts',(-19.3710170378003,24.,-6.33489044412335));
#9769=CARTESIAN_POINT('Ctrl Pts',(-19.7915252959223,24.,-6.41644859217452));
#9770=CARTESIAN_POINT('Ctrl Pts',(-20.2113575237305,24.,-6.50135795978455));
#9771=CARTESIAN_POINT('',(-20.2113575237305,24.,-6.50135795978455));
#9772=CARTESIAN_POINT('',(-20.3104737180785,23.5,-6.01128043528668));
#9773=CARTESIAN_POINT('',(-20.2113575237305,24.,-6.50135795978455));
#9774=CARTESIAN_POINT('Ctrl Pts',(-20.3104737180785,23.5,-6.01128043528668));
#9775=CARTESIAN_POINT('Ctrl Pts',(-19.8880338366815,23.5,-5.9258436803002));
#9776=CARTESIAN_POINT('Ctrl Pts',(-19.4649137260245,23.5,-5.84377895990087));
#9777=CARTESIAN_POINT('Ctrl Pts',(-19.0411639222236,23.5,-5.76509607563706));
#9778=CARTESIAN_POINT('Ctrl Pts',(-18.949882973529,24.,-6.25669325667599));
#9779=CARTESIAN_POINT('Ctrl Pts',(-19.3710170378003,24.,-6.33489044412335));
#9780=CARTESIAN_POINT('Ctrl Pts',(-19.7915252959223,24.,-6.41644859217452));
#9781=CARTESIAN_POINT('Ctrl Pts',(-20.2113575237305,24.,-6.50135795978455));
#9782=CARTESIAN_POINT('Origin',(-20.7069384954706,23.75,-4.05097033729518));
#9783=CARTESIAN_POINT('',(-21.1109296902144,24.,-1.58382804010812));
#9784=CARTESIAN_POINT('Origin',(-20.7069384954706,24.,-4.05097033729518));
#9785=CARTESIAN_POINT('',(-21.0301314512657,23.500000000003,-2.07725649954553));
#9786=CARTESIAN_POINT('',(-21.1109296902144,24.,-1.58382804010812));
#9787=CARTESIAN_POINT('Origin',(-20.7069384954706,23.5,-4.05097033729518));
#9788=CARTESIAN_POINT('Origin',(-34.1194461609652,23.75,77.8581539293153));
#9789=CARTESIAN_POINT('Origin',(-34.1194461609652,23.500000000003,77.8581539293153));
#9790=CARTESIAN_POINT('Origin',(-34.1194461609652,24.,77.8581539293153));
#9791=CARTESIAN_POINT('Ctrl Pts',(-13.5940481658372,23.5,4.14512142057446));
#9792=CARTESIAN_POINT('Ctrl Pts',(-13.5995241616695,23.5,4.33415552395532));
#9793=CARTESIAN_POINT('Ctrl Pts',(-13.6097828580316,23.5,4.70737509026519));
#9794=CARTESIAN_POINT('Ctrl Pts',(-13.686703165617,23.5000000000001,5.2904440697333));
#9795=CARTESIAN_POINT('Ctrl Pts',(-13.8325833372991,23.5000000000001,5.86220532902528));
#9796=CARTESIAN_POINT('Ctrl Pts',(-13.9782009487798,23.5000000000001,6.25782474642197));
#9797=CARTESIAN_POINT('Ctrl Pts',(-14.1058152574223,23.5000000000001,6.54129567202965));
#9798=CARTESIAN_POINT('Ctrl Pts',(-14.1933726230021,23.5000000000001,6.72026761803919));
#9799=CARTESIAN_POINT('Ctrl Pts',(-14.3366177465605,23.5000000000001,6.98086076253928));
#9800=CARTESIAN_POINT('Ctrl Pts',(-14.4960027626277,23.5000000000001,7.23243275233422));
#9801=CARTESIAN_POINT('Ctrl Pts',(-14.7370411466485,23.5000000000001,7.55956355463665));
#9802=CARTESIAN_POINT('Ctrl Pts',(-14.9379570906163,23.5000000000001,7.79604268445779));
#9803=CARTESIAN_POINT('Ctrl Pts',(-15.0771870101221,23.5000000000001,7.94264488082368));
#9804=CARTESIAN_POINT('Ctrl Pts',(-15.1838398189672,23.5000000000001,8.05388334560841));
#9805=CARTESIAN_POINT('Ctrl Pts',(-15.4174098503584,23.5000000000001,8.2865598201938));
#9806=CARTESIAN_POINT('Ctrl Pts',(-15.9126022016495,23.5000000000001,8.64467553039213));
#9807=CARTESIAN_POINT('Ctrl Pts',(-16.4610378812541,23.5000000000001,8.9434877996575));
#9808=CARTESIAN_POINT('Ctrl Pts',(-17.0479651040734,23.5000000000001,9.17062783236703));
#9809=CARTESIAN_POINT('Ctrl Pts',(-17.6199544220139,23.5000000000001,9.33948532562021));
#9810=CARTESIAN_POINT('Ctrl Pts',(-18.2151489383214,23.5000000000001,9.45626785556418));
#9811=CARTESIAN_POINT('Ctrl Pts',(-18.8225058338695,23.5000000000001,9.53302333138422));
#9812=CARTESIAN_POINT('Ctrl Pts',(-19.4750004692217,23.5,9.57543064527263));
#9813=CARTESIAN_POINT('Ctrl Pts',(-19.8247594405831,23.5,9.57808307825826));
#9814=CARTESIAN_POINT('Ctrl Pts',(-19.9650740496508,23.5,9.58057243527009));
#9815=CARTESIAN_POINT('Ctrl Pts',(-13.7606449463048,23.6666666666667,4.14029539575039));
#9816=CARTESIAN_POINT('Ctrl Pts',(-13.7660817088885,23.6666666666667,4.32971455082697));
#9817=CARTESIAN_POINT('Ctrl Pts',(-13.7763837460785,23.6666666666667,4.69559332823083));
#9818=CARTESIAN_POINT('Ctrl Pts',(-13.8506745954298,23.6666666666667,5.25837405190639));
#9819=CARTESIAN_POINT('Ctrl Pts',(-13.9919469358283,23.6666666666667,5.81247648517741));
#9820=CARTESIAN_POINT('Ctrl Pts',(-14.1333399359603,23.6666666666668,6.19651890527574));
#9821=CARTESIAN_POINT('Ctrl Pts',(-14.2563012612936,23.6666666666668,6.46953287419862));
#9822=CARTESIAN_POINT('Ctrl Pts',(-14.3413069055392,23.6666666666668,6.6434444987503));
#9823=CARTESIAN_POINT('Ctrl Pts',(-14.4806104692583,23.6666666666668,6.89666909566597));
#9824=CARTESIAN_POINT('Ctrl Pts',(-14.6333750037534,23.6666666666668,7.13781951574869));
#9825=CARTESIAN_POINT('Ctrl Pts',(-14.8667043551041,23.6666666666668,7.45461022575627));
#9826=CARTESIAN_POINT('Ctrl Pts',(-15.0636855254597,23.6666666666668,7.68652494888835));
#9827=CARTESIAN_POINT('Ctrl Pts',(-15.1977809798883,23.6666666666668,7.82760645724117));
#9828=CARTESIAN_POINT('Ctrl Pts',(-15.3020464162961,23.6666666666668,7.93607589911003));
#9829=CARTESIAN_POINT('Ctrl Pts',(-15.5246012146467,23.6666666666668,8.15839285657704));
#9830=CARTESIAN_POINT('Ctrl Pts',(-16.0017470765948,23.6666666666668,8.50314082336902));
#9831=CARTESIAN_POINT('Ctrl Pts',(-16.530584756361,23.6666666666668,8.79168554121662));
#9832=CARTESIAN_POINT('Ctrl Pts',(-17.101028622034,23.6666666666667,9.01233155406751));
#9833=CARTESIAN_POINT('Ctrl Pts',(-17.6601828077929,23.6666666666667,9.17760296769103));
#9834=CARTESIAN_POINT('Ctrl Pts',(-18.2403473894293,23.6666666666667,9.29129210929468));
#9835=CARTESIAN_POINT('Ctrl Pts',(-18.8389898719403,23.6666666666667,9.36716208066949));
#9836=CARTESIAN_POINT('Ctrl Pts',(-19.4797372907548,23.6666666666667,9.4086204032959));
#9837=CARTESIAN_POINT('Ctrl Pts',(-19.8273258666814,23.6666666666667,9.4115254912535));
#9838=CARTESIAN_POINT('Ctrl Pts',(-19.9680304599582,23.6666666666667,9.4139319917521));
#9839=CARTESIAN_POINT('Ctrl Pts',(-13.9272417267725,23.8333333333333,4.13546937092631));
#9840=CARTESIAN_POINT('Ctrl Pts',(-13.9327432125963,23.8333333333333,4.32364399853136));
#9841=CARTESIAN_POINT('Ctrl Pts',(-13.943045493954,23.8333333333334,4.68420098636675));
#9842=CARTESIAN_POINT('Ctrl Pts',(-14.0146115111524,23.8333333333334,5.22444482864968));
#9843=CARTESIAN_POINT('Ctrl Pts',(-14.1514851264083,23.8333333333334,5.76229965948989));
#9844=CARTESIAN_POINT('Ctrl Pts',(-14.2885505759921,23.8333333333334,6.13416288655278));
#9845=CARTESIAN_POINT('Ctrl Pts',(-14.4071227267865,23.8333333333334,6.39761782279218));
#9846=CARTESIAN_POINT('Ctrl Pts',(-14.4895447269482,23.8333333333334,6.56626216896654));
#9847=CARTESIAN_POINT('Ctrl Pts',(-14.6252738276992,23.8333333333334,6.81277204278798));
#9848=CARTESIAN_POINT('Ctrl Pts',(-14.7707208628308,23.8333333333334,7.04248075777436));
#9849=CARTESIAN_POINT('Ctrl Pts',(-14.9976886365302,23.8333333333334,7.35061688860431));
#9850=CARTESIAN_POINT('Ctrl Pts',(-15.1889837902393,23.8333333333335,7.5756902226981));
#9851=CARTESIAN_POINT('Ctrl Pts',(-15.3198659033027,23.8333333333335,7.71356451108318));
#9852=CARTESIAN_POINT('Ctrl Pts',(-15.4190152841848,23.8333333333335,7.81713049261304));
#9853=CARTESIAN_POINT('Ctrl Pts',(-15.6333084185187,23.8333333333335,8.03116406731375));
#9854=CARTESIAN_POINT('Ctrl Pts',(-16.0905472142278,23.8333333333334,8.36098049038553));
#9855=CARTESIAN_POINT('Ctrl Pts',(-16.6004125810461,23.8333333333334,8.6398228659325));
#9856=CARTESIAN_POINT('Ctrl Pts',(-17.1543998202587,23.8333333333334,8.85385067512884));
#9857=CARTESIAN_POINT('Ctrl Pts',(-17.7008998419262,23.8333333333334,9.01562231313033));
#9858=CARTESIAN_POINT('Ctrl Pts',(-18.2658087403611,23.8333333333334,9.12621992987449));
#9859=CARTESIAN_POINT('Ctrl Pts',(-18.8563634796286,23.8333333333334,9.20114432839782));
#9860=CARTESIAN_POINT('Ctrl Pts',(-19.4844126789251,23.8333333333334,9.24188399261148));
#9861=CARTESIAN_POINT('Ctrl Pts',(-19.8307894629913,23.8333333333333,9.24471449520715));
#9862=CARTESIAN_POINT('Ctrl Pts',(-19.9709868702656,23.8333333333333,9.24729154823411));
#9863=CARTESIAN_POINT('Ctrl Pts',(-14.0938385072401,24.,4.13064334610223));
#9864=CARTESIAN_POINT('Ctrl Pts',(-14.0993007598152,24.,4.31920302540301));
#9865=CARTESIAN_POINT('Ctrl Pts',(-14.1096463820008,24.,4.67241922433239));
#9866=CARTESIAN_POINT('Ctrl Pts',(-14.1785829409652,24.0000000000001,5.19237481082276));
#9867=CARTESIAN_POINT('Ctrl Pts',(-14.3108487249374,24.0000000000001,5.71257081564202));
#9868=CARTESIAN_POINT('Ctrl Pts',(-14.4436895631727,24.0000000000001,6.07285704540655));
#9869=CARTESIAN_POINT('Ctrl Pts',(-14.5576087306577,24.0000000000001,6.32585502496116));
#9870=CARTESIAN_POINT('Ctrl Pts',(-14.6374790094853,24.0000000000001,6.48943904967765));
#9871=CARTESIAN_POINT('Ctrl Pts',(-14.769266550397,24.0000000000001,6.72858037591467));
#9872=CARTESIAN_POINT('Ctrl Pts',(-14.9080931039565,24.0000000000001,6.94786752118883));
#9873=CARTESIAN_POINT('Ctrl Pts',(-15.1273518449859,24.0000000000001,7.24566355972394));
#9874=CARTESIAN_POINT('Ctrl Pts',(-15.3147122250827,24.0000000000001,7.46617248712866));
#9875=CARTESIAN_POINT('Ctrl Pts',(-15.4404598730688,24.0000000000001,7.59852608750068));
#9876=CARTESIAN_POINT('Ctrl Pts',(-15.5372218815137,24.0000000000001,7.69932304611466));
#9877=CARTESIAN_POINT('Ctrl Pts',(-15.740499782807,24.0000000000001,7.90299710369699));
#9878=CARTESIAN_POINT('Ctrl Pts',(-16.179692089173,24.0000000000001,8.21944578336243));
#9879=CARTESIAN_POINT('Ctrl Pts',(-16.669959456153,24.0000000000001,8.48802060749162));
#9880=CARTESIAN_POINT('Ctrl Pts',(-17.2074633382193,24.0000000000001,8.69555439682932));
#9881=CARTESIAN_POINT('Ctrl Pts',(-17.7411282277052,24.0000000000001,8.85373995520115));
#9882=CARTESIAN_POINT('Ctrl Pts',(-18.291007191469,24.0000000000001,8.96124418360498));
#9883=CARTESIAN_POINT('Ctrl Pts',(-18.8728475176994,24.0000000000001,9.03528307768309));
#9884=CARTESIAN_POINT('Ctrl Pts',(-19.4891495004582,24.,9.07507375063475));
#9885=CARTESIAN_POINT('Ctrl Pts',(-19.8333558890895,24.,9.07815690820238));
#9886=CARTESIAN_POINT('Ctrl Pts',(-19.973943280573,24.,9.08065110471613));
#9887=CARTESIAN_POINT('',(-19.973943280573,24.,9.08065110471613));
#9888=CARTESIAN_POINT('',(-19.9650740496508,23.5,9.58057243527009));
#9889=CARTESIAN_POINT('',(-19.973943280573,24.,9.08065110471613));
#9890=CARTESIAN_POINT('',(-13.5940481658372,23.5,4.14512142057446));
#9891=CARTESIAN_POINT('Ctrl Pts',(-19.9650740496508,23.5,9.58057243527009));
#9892=CARTESIAN_POINT('Ctrl Pts',(-19.8247594405831,23.5,9.57808307825826));
#9893=CARTESIAN_POINT('Ctrl Pts',(-19.4750004692217,23.5,9.57543064527263));
#9894=CARTESIAN_POINT('Ctrl Pts',(-18.8225058338695,23.5000000000001,9.53302333138422));
#9895=CARTESIAN_POINT('Ctrl Pts',(-18.2151489383214,23.5000000000001,9.45626785556418));
#9896=CARTESIAN_POINT('Ctrl Pts',(-17.6199544220139,23.5000000000001,9.33948532562021));
#9897=CARTESIAN_POINT('Ctrl Pts',(-17.0479651040734,23.5000000000001,9.17062783236703));
#9898=CARTESIAN_POINT('Ctrl Pts',(-16.4610378812541,23.5000000000001,8.9434877996575));
#9899=CARTESIAN_POINT('Ctrl Pts',(-15.9126022016495,23.5000000000001,8.64467553039213));
#9900=CARTESIAN_POINT('Ctrl Pts',(-15.4174098503584,23.5000000000001,8.2865598201938));
#9901=CARTESIAN_POINT('Ctrl Pts',(-15.1838398189672,23.5000000000001,8.05388334560841));
#9902=CARTESIAN_POINT('Ctrl Pts',(-15.0771870101221,23.5000000000001,7.94264488082368));
#9903=CARTESIAN_POINT('Ctrl Pts',(-14.9379570906163,23.5000000000001,7.79604268445779));
#9904=CARTESIAN_POINT('Ctrl Pts',(-14.7370411466485,23.5000000000001,7.55956355463665));
#9905=CARTESIAN_POINT('Ctrl Pts',(-14.4960027626277,23.5000000000001,7.23243275233422));
#9906=CARTESIAN_POINT('Ctrl Pts',(-14.3366177465605,23.5000000000001,6.98086076253928));
#9907=CARTESIAN_POINT('Ctrl Pts',(-14.1933726230021,23.5000000000001,6.72026761803919));
#9908=CARTESIAN_POINT('Ctrl Pts',(-14.1058152574223,23.5000000000001,6.54129567202965));
#9909=CARTESIAN_POINT('Ctrl Pts',(-13.9782009487798,23.5000000000001,6.25782474642197));
#9910=CARTESIAN_POINT('Ctrl Pts',(-13.8325833372991,23.5000000000001,5.86220532902528));
#9911=CARTESIAN_POINT('Ctrl Pts',(-13.686703165617,23.5000000000001,5.2904440697333));
#9912=CARTESIAN_POINT('Ctrl Pts',(-13.6097828580316,23.5,4.70737509026519));
#9913=CARTESIAN_POINT('Ctrl Pts',(-13.5995241616695,23.5,4.33415552395532));
#9914=CARTESIAN_POINT('Ctrl Pts',(-13.5940481658372,23.5,4.14512142057446));
#9915=CARTESIAN_POINT('',(-13.5940481658372,23.5,4.14512142057446));
#9916=CARTESIAN_POINT('Ctrl Pts',(-14.0938385072401,24.,4.13064334610223));
#9917=CARTESIAN_POINT('Ctrl Pts',(-14.0993007598152,24.,4.31920302540301));
#9918=CARTESIAN_POINT('Ctrl Pts',(-14.1096463820008,24.,4.67241922433239));
#9919=CARTESIAN_POINT('Ctrl Pts',(-14.1785829409652,24.0000000000001,5.19237481082276));
#9920=CARTESIAN_POINT('Ctrl Pts',(-14.3108487249374,24.0000000000001,5.71257081564202));
#9921=CARTESIAN_POINT('Ctrl Pts',(-14.4436895631727,24.0000000000001,6.07285704540655));
#9922=CARTESIAN_POINT('Ctrl Pts',(-14.5576087306577,24.0000000000001,6.32585502496116));
#9923=CARTESIAN_POINT('Ctrl Pts',(-14.6374790094853,24.0000000000001,6.48943904967765));
#9924=CARTESIAN_POINT('Ctrl Pts',(-14.769266550397,24.0000000000001,6.72858037591467));
#9925=CARTESIAN_POINT('Ctrl Pts',(-14.9080931039565,24.0000000000001,6.94786752118883));
#9926=CARTESIAN_POINT('Ctrl Pts',(-15.1273518449859,24.0000000000001,7.24566355972394));
#9927=CARTESIAN_POINT('Ctrl Pts',(-15.3147122250827,24.0000000000001,7.46617248712866));
#9928=CARTESIAN_POINT('Ctrl Pts',(-15.4404598730688,24.0000000000001,7.59852608750068));
#9929=CARTESIAN_POINT('Ctrl Pts',(-15.5372218815137,24.0000000000001,7.69932304611466));
#9930=CARTESIAN_POINT('Ctrl Pts',(-15.740499782807,24.0000000000001,7.90299710369699));
#9931=CARTESIAN_POINT('Ctrl Pts',(-16.179692089173,24.0000000000001,8.21944578336243));
#9932=CARTESIAN_POINT('Ctrl Pts',(-16.669959456153,24.0000000000001,8.48802060749162));
#9933=CARTESIAN_POINT('Ctrl Pts',(-17.2074633382193,24.0000000000001,8.69555439682932));
#9934=CARTESIAN_POINT('Ctrl Pts',(-17.7411282277052,24.0000000000001,8.85373995520115));
#9935=CARTESIAN_POINT('Ctrl Pts',(-18.291007191469,24.0000000000001,8.96124418360498));
#9936=CARTESIAN_POINT('Ctrl Pts',(-18.8728475176994,24.0000000000001,9.03528307768309));
#9937=CARTESIAN_POINT('Ctrl Pts',(-19.4891495004582,24.,9.07507375063475));
#9938=CARTESIAN_POINT('Ctrl Pts',(-19.8333558890895,24.,9.07815690820238));
#9939=CARTESIAN_POINT('Ctrl Pts',(-19.973943280573,24.,9.08065110471613));
#9940=CARTESIAN_POINT('Origin',(-14.0938385072411,23.5,4.13064334610225));
#9941=CARTESIAN_POINT('Origin',(-14.0938385072411,23.5,4.13064334610225));
#9942=CARTESIAN_POINT('Ctrl Pts',(-19.9843841017685,23.5,9.58054208208294));
#9943=CARTESIAN_POINT('Ctrl Pts',(-20.1385242585922,23.5,9.57732268047477));
#9944=CARTESIAN_POINT('Ctrl Pts',(-20.4793175647468,23.5,9.57194843256537));
#9945=CARTESIAN_POINT('Ctrl Pts',(-21.0695450670544,23.5,9.52831561934537));
#9946=CARTESIAN_POINT('Ctrl Pts',(-21.6413288901351,23.5,9.43714634090955));
#9947=CARTESIAN_POINT('Ctrl Pts',(-22.36209047995,23.5,9.27402024055856));
#9948=CARTESIAN_POINT('Ctrl Pts',(-23.1564226535005,23.5,8.9664822068792));
#9949=CARTESIAN_POINT('Ctrl Pts',(-23.7704668627428,23.5,8.60536701006643));
#9950=CARTESIAN_POINT('Ctrl Pts',(-24.1309531797475,23.5000000000001,8.33443030969767));
#9951=CARTESIAN_POINT('Ctrl Pts',(-24.3374651180845,23.5000000000001,8.15808139364995));
#9952=CARTESIAN_POINT('Ctrl Pts',(-24.5904845347986,23.5000000000001,7.92795679962881));
#9953=CARTESIAN_POINT('Ctrl Pts',(-24.9356189247721,23.5000000000001,7.53795817287818));
#9954=CARTESIAN_POINT('Ctrl Pts',(-25.2713835818164,23.5000000000001,7.06978495202379));
#9955=CARTESIAN_POINT('Ctrl Pts',(-25.6770654741168,23.5000000000001,6.3696815344765));
#9956=CARTESIAN_POINT('Ctrl Pts',(-26.0610184309931,23.5,5.38415701880654));
#9957=CARTESIAN_POINT('Ctrl Pts',(-26.220522234518,23.5,4.70807249913689));
#9958=CARTESIAN_POINT('Ctrl Pts',(-26.2821635881013,23.5,4.39993204635232));
#9959=CARTESIAN_POINT('Ctrl Pts',(-19.9809038280367,23.6666666666667,9.41391175629399));
#9960=CARTESIAN_POINT('Ctrl Pts',(-20.13547537792,23.6666666666667,9.41069838779909));
#9961=CARTESIAN_POINT('Ctrl Pts',(-20.4729742394918,23.6666666666667,9.40529931960358));
#9962=CARTESIAN_POINT('Ctrl Pts',(-21.0502253048805,23.6666666666667,9.36257204314172));
#9963=CARTESIAN_POINT('Ctrl Pts',(-21.6097930299433,23.6666666666667,9.27339394139573));
#9964=CARTESIAN_POINT('Ctrl Pts',(-22.3135471422867,23.6666666666667,9.11400346360295));
#9965=CARTESIAN_POINT('Ctrl Pts',(-23.0848338417814,23.6666666666667,8.81510801774509));
#9966=CARTESIAN_POINT('Ctrl Pts',(-23.6781116206963,23.6666666666667,8.46620545545924));
#9967=CARTESIAN_POINT('Ctrl Pts',(-24.0269609698427,23.6666666666667,8.20402321418246));
#9968=CARTESIAN_POINT('Ctrl Pts',(-24.227358641463,23.6666666666667,8.03292789142636));
#9969=CARTESIAN_POINT('Ctrl Pts',(-24.4713884627718,23.6666666666667,7.81094192900457));
#9970=CARTESIAN_POINT('Ctrl Pts',(-24.8044116871925,23.6666666666667,7.43471361129821));
#9971=CARTESIAN_POINT('Ctrl Pts',(-25.1314455725752,23.6666666666667,6.97881497267034));
#9972=CARTESIAN_POINT('Ctrl Pts',(-25.5253836092133,23.6666666666667,6.29891502801585));
#9973=CARTESIAN_POINT('Ctrl Pts',(-25.9010044561634,23.6666666666667,5.33596138430295));
#9974=CARTESIAN_POINT('Ctrl Pts',(-26.05815938507,23.6666666666667,4.67016084886605));
#9975=CARTESIAN_POINT('Ctrl Pts',(-26.1187348283808,23.6666666666667,4.36723926008369));
#9976=CARTESIAN_POINT('Ctrl Pts',(-19.9774235543048,23.8333333333333,9.24728143050505));
#9977=CARTESIAN_POINT('Ctrl Pts',(-20.1313247778047,23.8333333333333,9.24405197603175));
#9978=CARTESIAN_POINT('Ctrl Pts',(-20.4669830157163,23.8333333333333,9.23866195576456));
#9979=CARTESIAN_POINT('Ctrl Pts',(-21.0299987802375,23.8333333333333,9.19695425253761));
#9980=CARTESIAN_POINT('Ctrl Pts',(-21.5780113325834,23.8333333333333,9.10969515100602));
#9981=CARTESIAN_POINT('Ctrl Pts',(-22.264594753309,23.8333333333333,8.95420465739212));
#9982=CARTESIAN_POINT('Ctrl Pts',(-23.0128751028199,23.8333333333334,8.66410034403916));
#9983=CARTESIAN_POINT('Ctrl Pts',(-23.585658891758,23.8333333333334,8.32719918211279));
#9984=CARTESIAN_POINT('Ctrl Pts',(-23.9224518680982,23.8333333333334,8.07432315402517));
#9985=CARTESIAN_POINT('Ctrl Pts',(-24.1171623526184,23.8333333333334,7.90798558754807));
#9986=CARTESIAN_POINT('Ctrl Pts',(-24.3514727657009,23.8333333333334,7.69491392815736));
#9987=CARTESIAN_POINT('Ctrl Pts',(-24.6731552958554,23.8333333333334,7.3317642281626));
#9988=CARTESIAN_POINT('Ctrl Pts',(-24.9911805403437,23.8333333333334,6.88848573253954));
#9989=CARTESIAN_POINT('Ctrl Pts',(-25.3738123723023,23.8333333333334,6.22839585990086));
#9990=CARTESIAN_POINT('Ctrl Pts',(-25.7408486759948,23.8333333333334,5.287760325528));
#9991=CARTESIAN_POINT('Ctrl Pts',(-25.8954897069345,23.8333333333333,4.63345439004912));
#9992=CARTESIAN_POINT('Ctrl Pts',(-25.9553060686603,23.8333333333333,4.33454647381505));
#9993=CARTESIAN_POINT('Ctrl Pts',(-19.973943280573,24.,9.08065110471611));
#9994=CARTESIAN_POINT('Ctrl Pts',(-20.1282758971325,24.,9.07742768335607));
#9995=CARTESIAN_POINT('Ctrl Pts',(-20.4606396904613,24.,9.07201284280277));
#9996=CARTESIAN_POINT('Ctrl Pts',(-21.0106790180636,24.,9.03121067633397));
#9997=CARTESIAN_POINT('Ctrl Pts',(-21.5464754723916,24.,8.9459427514922));
#9998=CARTESIAN_POINT('Ctrl Pts',(-22.2160514156457,24.,8.79418788043651));
#9999=CARTESIAN_POINT('Ctrl Pts',(-22.9412862911008,24.,8.51272615490505));
#10000=CARTESIAN_POINT('Ctrl Pts',(-23.4933036497115,24.,8.1880376275056));
#10001=CARTESIAN_POINT('Ctrl Pts',(-23.8184596581933,24.0000000000001,7.94391605850996));
#10002=CARTESIAN_POINT('Ctrl Pts',(-24.0070558759969,24.,7.78283208532448));
#10003=CARTESIAN_POINT('Ctrl Pts',(-24.232376693674,24.0000000000001,7.57789905753312));
#10004=CARTESIAN_POINT('Ctrl Pts',(-24.5419480582758,24.0000000000001,7.22851966658262));
#10005=CARTESIAN_POINT('Ctrl Pts',(-24.8512425311025,24.0000000000001,6.7975157531861));
#10006=CARTESIAN_POINT('Ctrl Pts',(-25.2221305073988,24.0000000000001,6.15762935344021));
#10007=CARTESIAN_POINT('Ctrl Pts',(-25.5808347011651,24.,5.23956469102441));
#10008=CARTESIAN_POINT('Ctrl Pts',(-25.7331268574864,24.,4.59554273977829));
#10009=CARTESIAN_POINT('Ctrl Pts',(-25.7918773089399,24.,4.30185368754642));
#10010=CARTESIAN_POINT('',(-25.7918773089399,24.,4.30185368754642));
#10011=CARTESIAN_POINT('',(-26.2821635880298,23.5000000000584,4.39993204670982));
#10012=CARTESIAN_POINT('',(-25.7918773089399,24.,4.30185368754642));
#10013=CARTESIAN_POINT('',(-19.9843841017685,23.5,9.58054208208294));
#10014=CARTESIAN_POINT('Ctrl Pts',(-26.2821635881013,23.5,4.39993204635232));
#10015=CARTESIAN_POINT('Ctrl Pts',(-26.220522234518,23.5,4.70807249913689));
#10016=CARTESIAN_POINT('Ctrl Pts',(-26.0610184309931,23.5,5.38415701880654));
#10017=CARTESIAN_POINT('Ctrl Pts',(-25.6770654741168,23.5000000000001,6.3696815344765));
#10018=CARTESIAN_POINT('Ctrl Pts',(-25.2713835818164,23.5000000000001,7.06978495202379));
#10019=CARTESIAN_POINT('Ctrl Pts',(-24.9356189247721,23.5000000000001,7.53795817287818));
#10020=CARTESIAN_POINT('Ctrl Pts',(-24.5904845347986,23.5000000000001,7.92795679962881));
#10021=CARTESIAN_POINT('Ctrl Pts',(-24.3374651180845,23.5000000000001,8.15808139364995));
#10022=CARTESIAN_POINT('Ctrl Pts',(-24.1309531797475,23.5000000000001,8.33443030969767));
#10023=CARTESIAN_POINT('Ctrl Pts',(-23.7704668627428,23.5,8.60536701006643));
#10024=CARTESIAN_POINT('Ctrl Pts',(-23.1564226535005,23.5,8.9664822068792));
#10025=CARTESIAN_POINT('Ctrl Pts',(-22.36209047995,23.5,9.27402024055856));
#10026=CARTESIAN_POINT('Ctrl Pts',(-21.6413288901351,23.5,9.43714634090955));
#10027=CARTESIAN_POINT('Ctrl Pts',(-21.0695450670544,23.5,9.52831561934537));
#10028=CARTESIAN_POINT('Ctrl Pts',(-20.4793175647468,23.5,9.57194843256537));
#10029=CARTESIAN_POINT('Ctrl Pts',(-20.1385242585922,23.5,9.57732268047477));
#10030=CARTESIAN_POINT('Ctrl Pts',(-19.9843841017685,23.5,9.58054208208294));
#10031=CARTESIAN_POINT('',(-19.9843841017685,23.5,9.58054208208294));
#10032=CARTESIAN_POINT('Ctrl Pts',(-19.973943280573,24.,9.08065110471611));
#10033=CARTESIAN_POINT('Ctrl Pts',(-20.1282758971325,24.,9.07742768335607));
#10034=CARTESIAN_POINT('Ctrl Pts',(-20.4606396904613,24.,9.07201284280277));
#10035=CARTESIAN_POINT('Ctrl Pts',(-21.0106790180636,24.,9.03121067633397));
#10036=CARTESIAN_POINT('Ctrl Pts',(-21.5464754723916,24.,8.9459427514922));
#10037=CARTESIAN_POINT('Ctrl Pts',(-22.2160514156457,24.,8.79418788043651));
#10038=CARTESIAN_POINT('Ctrl Pts',(-22.9412862911008,24.,8.51272615490505));
#10039=CARTESIAN_POINT('Ctrl Pts',(-23.4933036497115,24.,8.1880376275056));
#10040=CARTESIAN_POINT('Ctrl Pts',(-23.8184596581933,24.0000000000001,7.94391605850996));
#10041=CARTESIAN_POINT('Ctrl Pts',(-24.0070558759969,24.,7.78283208532448));
#10042=CARTESIAN_POINT('Ctrl Pts',(-24.232376693674,24.0000000000001,7.57789905753312));
#10043=CARTESIAN_POINT('Ctrl Pts',(-24.5419480582758,24.0000000000001,7.22851966658262));
#10044=CARTESIAN_POINT('Ctrl Pts',(-24.8512425311025,24.0000000000001,6.7975157531861));
#10045=CARTESIAN_POINT('Ctrl Pts',(-25.2221305073988,24.0000000000001,6.15762935344021));
#10046=CARTESIAN_POINT('Ctrl Pts',(-25.5808347011651,24.,5.23956469102441));
#10047=CARTESIAN_POINT('Ctrl Pts',(-25.7331268574864,24.,4.59554273977829));
#10048=CARTESIAN_POINT('Ctrl Pts',(-25.7918773089399,24.,4.30185368754642));
#10049=CARTESIAN_POINT('Origin',(-19.973943280573,23.5,9.08065110471782));
#10050=CARTESIAN_POINT('Origin',(-19.973943280573,23.5,9.08065110471782));
#10051=CARTESIAN_POINT('Origin',(-22.5606672327949,23.75,2.6785664358253));
#10052=CARTESIAN_POINT('',(-25.5235320387134,24.,4.18954991099884));
#10053=CARTESIAN_POINT('',(-25.7165618841208,23.5,3.72831301006615));
#10054=CARTESIAN_POINT('',(-25.5235320387134,24.,4.18954991099884));
#10055=CARTESIAN_POINT('',(-25.9849071542793,23.5,3.84061678695339));
#10056=CARTESIAN_POINT('',(-22.6571821554987,23.5,2.44794798535895));
#10057=CARTESIAN_POINT('',(-25.9849071542793,23.5,3.84061678695339));
#10058=CARTESIAN_POINT('',(-22.4641523100912,24.,2.90918488629164));
#10059=CARTESIAN_POINT('Origin',(-25.7918773088719,23.5,4.30185368788607));
#10060=CARTESIAN_POINT('Origin',(-25.7918773088719,23.5,4.30185368788607));
#10061=CARTESIAN_POINT('Origin',(-23.5748913137987,23.75,4.71817603885411));
#10062=CARTESIAN_POINT('',(-25.2437372901671,24.,4.30424766419006));
#10063=CARTESIAN_POINT('',(-25.0540862621518,23.5,3.8416112112691));
#10064=CARTESIAN_POINT('',(-25.2437372901671,24.,4.30424766419006));
#10065=CARTESIAN_POINT('',(-25.3338810106975,23.5,3.72691345807655));
#10066=CARTESIAN_POINT('',(-23.4800657997907,23.5,4.48685781239297));
#10067=CARTESIAN_POINT('',(-25.3338810106975,23.5,3.72691345807655));
#10068=CARTESIAN_POINT('',(-23.6697168278066,24.,4.94949426531526));
#10069=CARTESIAN_POINT('Origin',(-28.4678047664377,23.75,12.1690673638697));
#10070=CARTESIAN_POINT('',(-22.5711194966874,24.,6.0470494915085));
#10071=CARTESIAN_POINT('',(-22.2242556572903,23.5,5.68693079313431));
#10072=CARTESIAN_POINT('',(-22.5711194966874,24.,6.0470494915085));
#10073=CARTESIAN_POINT('Origin',(-28.4678047664377,23.5,12.1690673638697));
#10074=CARTESIAN_POINT('Origin',(-28.4678047664377,24.,12.1690673638697));
#10075=CARTESIAN_POINT('Ctrl Pts',(-22.2242556572903,23.5,5.68693079313431));
#10076=CARTESIAN_POINT('Ctrl Pts',(-22.0549880200442,23.5,5.84996821053569));
#10077=CARTESIAN_POINT('Ctrl Pts',(-21.6772228238341,23.5,6.13060493205592));
#10078=CARTESIAN_POINT('Ctrl Pts',(-21.1987802835824,23.5,6.33556409934055));
#10079=CARTESIAN_POINT('Ctrl Pts',(-20.8024543162805,23.5,6.44374671707904));
#10080=CARTESIAN_POINT('Ctrl Pts',(-20.4854715597783,23.5,6.50389186038759));
#10081=CARTESIAN_POINT('Ctrl Pts',(-20.1639646402558,23.5,6.53435953904182));
#10082=CARTESIAN_POINT('Ctrl Pts',(-19.9593458298568,23.5,6.53903880863712));
#10083=CARTESIAN_POINT('Ctrl Pts',(-19.8569371627158,23.5,6.54153766787166));
#10084=CARTESIAN_POINT('Ctrl Pts',(-22.3398769370894,23.6666666666667,5.80697035925904));
#10085=CARTESIAN_POINT('Ctrl Pts',(-22.1611826387789,23.6666666666667,5.97901874415735));
#10086=CARTESIAN_POINT('Ctrl Pts',(-21.7612405527171,23.6666666666667,6.27646356818777));
#10087=CARTESIAN_POINT('Ctrl Pts',(-21.2540865984981,23.6666666666667,6.49333858748794));
#10088=CARTESIAN_POINT('Ctrl Pts',(-20.8398282225735,23.6666666666667,6.6063505574421));
#10089=CARTESIAN_POINT('Ctrl Pts',(-20.5093832484627,23.6666666666667,6.66905578225828));
#10090=CARTESIAN_POINT('Ctrl Pts',(-20.1721632964383,23.6666666666667,6.70104440688057));
#10091=CARTESIAN_POINT('Ctrl Pts',(-19.9633535244794,23.6666666666667,6.70559727245449));
#10092=CARTESIAN_POINT('Ctrl Pts',(-19.8610027620504,23.6666666666667,6.70815473986558));
#10093=CARTESIAN_POINT('Ctrl Pts',(-22.4554982168884,23.8333333333333,5.92700992538377));
#10094=CARTESIAN_POINT('Ctrl Pts',(-22.2672533094402,23.8333333333333,6.108394845419));
#10095=CARTESIAN_POINT('Ctrl Pts',(-21.8452579609665,23.8333333333333,6.42236535631283));
#10096=CARTESIAN_POINT('Ctrl Pts',(-21.3092426926643,23.8333333333333,6.65148635118782));
#10097=CARTESIAN_POINT('Ctrl Pts',(-20.8771923760458,23.8333333333333,6.76919460365208));
#10098=CARTESIAN_POINT('Ctrl Pts',(-20.5339204537021,23.8333333333333,6.83438349957283));
#10099=CARTESIAN_POINT('Ctrl Pts',(-20.1802074283454,23.8333333333333,6.86778682357349));
#10100=CARTESIAN_POINT('Ctrl Pts',(-19.9677011413132,23.8333333333333,6.87232750518205));
#10101=CARTESIAN_POINT('Ctrl Pts',(-19.865068361385,23.8333333333333,6.8747718118595));
#10102=CARTESIAN_POINT('Ctrl Pts',(-22.5711194966874,24.,6.0470494915085));
#10103=CARTESIAN_POINT('Ctrl Pts',(-22.3734479281749,24.,6.23744537904066));
#10104=CARTESIAN_POINT('Ctrl Pts',(-21.9292756898495,24.,6.56822399244468));
#10105=CARTESIAN_POINT('Ctrl Pts',(-21.36454900758,24.,6.80926083933521));
#10106=CARTESIAN_POINT('Ctrl Pts',(-20.9145662823388,24.,6.93179844401514));
#10107=CARTESIAN_POINT('Ctrl Pts',(-20.5578321423864,24.,6.99954742144352));
#10108=CARTESIAN_POINT('Ctrl Pts',(-20.1884060845279,24.,7.03447169141224));
#10109=CARTESIAN_POINT('Ctrl Pts',(-19.9717088359358,24.,7.03888596899942));
#10110=CARTESIAN_POINT('Ctrl Pts',(-19.8691339607196,24.,7.04138888385343));
#10111=CARTESIAN_POINT('',(-19.8691339607196,24.,7.04138888385343));
#10112=CARTESIAN_POINT('',(-19.8569371627158,23.5,6.54153766787166));
#10113=CARTESIAN_POINT('',(-19.8691339607196,24.,7.04138888385343));
#10114=CARTESIAN_POINT('Ctrl Pts',(-19.8569371627158,23.5,6.54153766787166));
#10115=CARTESIAN_POINT('Ctrl Pts',(-19.9593458298568,23.5,6.53903880863712));
#10116=CARTESIAN_POINT('Ctrl Pts',(-20.1639646402558,23.5,6.53435953904182));
#10117=CARTESIAN_POINT('Ctrl Pts',(-20.4854715597783,23.5,6.50389186038759));
#10118=CARTESIAN_POINT('Ctrl Pts',(-20.8024543162805,23.5,6.44374671707904));
#10119=CARTESIAN_POINT('Ctrl Pts',(-21.1987802835824,23.5,6.33556409934055));
#10120=CARTESIAN_POINT('Ctrl Pts',(-21.6772228238341,23.5,6.13060493205592));
#10121=CARTESIAN_POINT('Ctrl Pts',(-22.0549880200442,23.5,5.84996821053569));
#10122=CARTESIAN_POINT('Ctrl Pts',(-22.2242556572903,23.5,5.68693079313431));
#10123=CARTESIAN_POINT('Ctrl Pts',(-22.5711194966874,24.,6.0470494915085));
#10124=CARTESIAN_POINT('Ctrl Pts',(-22.3734479281749,24.,6.23744537904066));
#10125=CARTESIAN_POINT('Ctrl Pts',(-21.9292756898495,24.,6.56822399244468));
#10126=CARTESIAN_POINT('Ctrl Pts',(-21.36454900758,24.,6.80926083933521));
#10127=CARTESIAN_POINT('Ctrl Pts',(-20.9145662823388,24.,6.93179844401514));
#10128=CARTESIAN_POINT('Ctrl Pts',(-20.5578321423864,24.,6.99954742144352));
#10129=CARTESIAN_POINT('Ctrl Pts',(-20.1884060845279,24.,7.03447169141224));
#10130=CARTESIAN_POINT('Ctrl Pts',(-19.9717088359358,24.,7.03888596899942));
#10131=CARTESIAN_POINT('Ctrl Pts',(-19.8691339607196,24.,7.04138888385343));
#10132=CARTESIAN_POINT('Origin',(-19.8447403647121,23.75,6.04168645188988));
#10133=CARTESIAN_POINT('',(-19.8289353259995,24.,7.0415615444646));
#10134=CARTESIAN_POINT('',(-19.8368378453558,23.5,6.54162399817724));
#10135=CARTESIAN_POINT('',(-19.8289353259995,24.,7.0415615444646));
#10136=CARTESIAN_POINT('Origin',(-19.8447403647121,23.5,6.04168645188988));
#10137=CARTESIAN_POINT('Origin',(-19.8447403647121,24.,6.04168645188988));
#10138=CARTESIAN_POINT('Ctrl Pts',(-19.8368378453558,23.5,6.54162399817724));
#10139=CARTESIAN_POINT('Ctrl Pts',(-19.7539963636845,23.5,6.5403145217891));
#10140=CARTESIAN_POINT('Ctrl Pts',(-19.5812677193846,23.5,6.53885313993447));
#10141=CARTESIAN_POINT('Ctrl Pts',(-19.2156963332614,23.5,6.51166965444152));
#10142=CARTESIAN_POINT('Ctrl Pts',(-18.8373493367595,23.5,6.45929596527328));
#10143=CARTESIAN_POINT('Ctrl Pts',(-18.4625589395675,23.5,6.34919934668055));
#10144=CARTESIAN_POINT('Ctrl Pts',(-18.2408291314297,23.5,6.27399730382758));
#10145=CARTESIAN_POINT('Ctrl Pts',(-17.9476759080514,23.5,6.14468569501943));
#10146=CARTESIAN_POINT('Ctrl Pts',(-17.7017516105936,23.5,5.99426284431625));
#10147=CARTESIAN_POINT('Ctrl Pts',(-17.4645950687755,23.5,5.81679330479714));
#10148=CARTESIAN_POINT('Ctrl Pts',(-17.2347254624717,23.5,5.60169050117404));
#10149=CARTESIAN_POINT('Ctrl Pts',(-17.0526615444072,23.4999999999999,5.38690083510087));
#10150=CARTESIAN_POINT('Ctrl Pts',(-16.928581724911,23.5,5.192677362122));
#10151=CARTESIAN_POINT('Ctrl Pts',(-16.8545226837796,23.5,5.05257766746555));
#10152=CARTESIAN_POINT('Ctrl Pts',(-16.7947070105658,23.5,4.92819571510779));
#10153=CARTESIAN_POINT('Ctrl Pts',(-16.7019766159495,23.5,4.67205384782552));
#10154=CARTESIAN_POINT('Ctrl Pts',(-16.6418772060633,23.5,4.34760188792988));
#10155=CARTESIAN_POINT('Ctrl Pts',(-16.6366145359269,23.5,4.18461386610438));
#10156=CARTESIAN_POINT('Ctrl Pts',(-16.6331526990145,23.5,4.08804477751876));
#10157=CARTESIAN_POINT('Ctrl Pts',(-19.8342036722371,23.6666666666667,6.70826984693969));
#10158=CARTESIAN_POINT('Ctrl Pts',(-19.7526323529501,23.6666666666667,6.70702011854566));
#10159=CARTESIAN_POINT('Ctrl Pts',(-19.5740377940247,23.6666666666667,6.7054005515042));
#10160=CARTESIAN_POINT('Ctrl Pts',(-19.1980621593584,23.6666666666667,6.67757755302778));
#10161=CARTESIAN_POINT('Ctrl Pts',(-18.8036714515516,23.6666666666667,6.62304782386579));
#10162=CARTESIAN_POINT('Ctrl Pts',(-18.4105367391194,23.6666666666666,6.50764817907081));
#10163=CARTESIAN_POINT('Ctrl Pts',(-18.1828113384906,23.6666666666667,6.4304137146753));
#10164=CARTESIAN_POINT('Ctrl Pts',(-17.8694675632359,23.6666666666666,6.29243853439076));
#10165=CARTESIAN_POINT('Ctrl Pts',(-17.6080271835542,23.6666666666666,6.13238151414519));
#10166=CARTESIAN_POINT('Ctrl Pts',(-17.3573944083534,23.6666666666666,5.94475783813491));
#10167=CARTESIAN_POINT('Ctrl Pts',(-17.1142840575164,23.6666666666666,5.71745214176342));
#10168=CARTESIAN_POINT('Ctrl Pts',(-16.918399653286,23.6666666666666,5.48650086097056));
#10169=CARTESIAN_POINT('Ctrl Pts',(-16.7845401862103,23.6666666666666,5.27692921965835));
#10170=CARTESIAN_POINT('Ctrl Pts',(-16.7057722860354,23.6666666666666,5.12788001426685));
#10171=CARTESIAN_POINT('Ctrl Pts',(-16.6405180981837,23.6666666666666,4.99214022199092));
#10172=CARTESIAN_POINT('Ctrl Pts',(-16.5403789543807,23.6666666666666,4.71567450516193));
#10173=CARTESIAN_POINT('Ctrl Pts',(-16.4756728236728,23.6666666666667,4.36553884557279));
#10174=CARTESIAN_POINT('Ctrl Pts',(-16.4700306474365,23.6666666666667,4.1906960154464));
#10175=CARTESIAN_POINT('Ctrl Pts',(-16.4665930209122,23.6666666666667,4.09401565754073));
#10176=CARTESIAN_POINT('Ctrl Pts',(-19.8315694991183,23.8333333333333,6.87491569570215));
#10177=CARTESIAN_POINT('Ctrl Pts',(-19.7477044694054,23.8333333333333,6.87355036955605));
#10178=CARTESIAN_POINT('Ctrl Pts',(-19.5675992808077,23.8333333333333,6.87234331352966));
#10179=CARTESIAN_POINT('Ctrl Pts',(-19.1790528039517,23.8333333333333,6.8440320605266));
#10180=CARTESIAN_POINT('Ctrl Pts',(-18.7695648730683,23.8333333333333,6.78768186746634));
#10181=CARTESIAN_POINT('Ctrl Pts',(-18.359848702315,23.8333333333333,6.66728488251214));
#10182=CARTESIAN_POINT('Ctrl Pts',(-18.1246039350513,23.8333333333333,6.58800456330702));
#10183=CARTESIAN_POINT('Ctrl Pts',(-17.7919757230917,23.8333333333333,6.4413433746593));
#10184=CARTESIAN_POINT('Ctrl Pts',(-17.5138471254338,23.8333333333333,6.27145443480187));
#10185=CARTESIAN_POINT('Ctrl Pts',(-17.2503416983281,23.8333333333333,6.07386965124909));
#10186=CARTESIAN_POINT('Ctrl Pts',(-16.9928016603222,23.8333333333333,5.83347082348652));
#10187=CARTESIAN_POINT('Ctrl Pts',(-16.7842671972671,23.8333333333333,5.58748125166084));
#10188=CARTESIAN_POINT('Ctrl Pts',(-16.6405078579796,23.8333333333333,5.36252171433962));
#10189=CARTESIAN_POINT('Ctrl Pts',(-16.5567887849194,23.8333333333333,5.20435505698308));
#10190=CARTESIAN_POINT('Ctrl Pts',(-16.486654596281,23.8333333333333,5.05803586117161));
#10191=CARTESIAN_POINT('Ctrl Pts',(-16.3789841171776,23.8333333333333,4.7616979451861));
#10192=CARTESIAN_POINT('Ctrl Pts',(-16.3094642221735,23.8333333333333,4.38405168370611));
#10193=CARTESIAN_POINT('Ctrl Pts',(-16.3036353267959,23.8333333333333,4.1996784491098));
#10194=CARTESIAN_POINT('Ctrl Pts',(-16.3000333428099,23.8333333333333,4.09998653756271));
#10195=CARTESIAN_POINT('Ctrl Pts',(-19.8289353259995,24.,7.0415615444646));
#10196=CARTESIAN_POINT('Ctrl Pts',(-19.746340458671,24.,7.04025596631261));
#10197=CARTESIAN_POINT('Ctrl Pts',(-19.5603693554478,24.,7.03889072509939));
#10198=CARTESIAN_POINT('Ctrl Pts',(-19.1614186300487,24.,7.00993995911286));
#10199=CARTESIAN_POINT('Ctrl Pts',(-18.7358869878604,24.,6.95143372605886));
#10200=CARTESIAN_POINT('Ctrl Pts',(-18.3078265018669,24.,6.82573371490241));
#10201=CARTESIAN_POINT('Ctrl Pts',(-18.0665861421122,24.,6.74442097415474));
#10202=CARTESIAN_POINT('Ctrl Pts',(-17.7137673782761,24.,6.58909621403063));
#10203=CARTESIAN_POINT('Ctrl Pts',(-17.4201226983944,24.,6.40957310463082));
#10204=CARTESIAN_POINT('Ctrl Pts',(-17.1431410379061,24.,6.20183418458686));
#10205=CARTESIAN_POINT('Ctrl Pts',(-16.8723602553669,24.,5.94923246407589));
#10206=CARTESIAN_POINT('Ctrl Pts',(-16.6500053061459,23.9999999999999,5.68708127753053));
#10207=CARTESIAN_POINT('Ctrl Pts',(-16.4964663192789,24.,5.44677357187597));
#10208=CARTESIAN_POINT('Ctrl Pts',(-16.4080383871752,24.,5.27965740378437));
#10209=CARTESIAN_POINT('Ctrl Pts',(-16.3324656838989,24.,5.12198036805474));
#10210=CARTESIAN_POINT('Ctrl Pts',(-16.2173864556088,24.,4.80531860252252));
#10211=CARTESIAN_POINT('Ctrl Pts',(-16.143259839783,24.,4.40198864134902));
#10212=CARTESIAN_POINT('Ctrl Pts',(-16.1370514383054,24.,4.20576059845183));
#10213=CARTESIAN_POINT('Ctrl Pts',(-16.1334736647076,24.,4.10595741758468));
#10214=CARTESIAN_POINT('',(-16.1334736647076,24.,4.10595741758467));
#10215=CARTESIAN_POINT('',(-16.6331526990145,23.5,4.08804477751876));
#10216=CARTESIAN_POINT('',(-16.1334736647076,24.,4.10595741758467));
#10217=CARTESIAN_POINT('Ctrl Pts',(-16.6331526990145,23.5,4.08804477751876));
#10218=CARTESIAN_POINT('Ctrl Pts',(-16.6366145359269,23.5,4.18461386610438));
#10219=CARTESIAN_POINT('Ctrl Pts',(-16.6418772060633,23.5,4.34760188792988));
#10220=CARTESIAN_POINT('Ctrl Pts',(-16.7019766159495,23.5,4.67205384782552));
#10221=CARTESIAN_POINT('Ctrl Pts',(-16.7947070105658,23.5,4.92819571510779));
#10222=CARTESIAN_POINT('Ctrl Pts',(-16.8545226837796,23.5,5.05257766746555));
#10223=CARTESIAN_POINT('Ctrl Pts',(-16.928581724911,23.5,5.192677362122));
#10224=CARTESIAN_POINT('Ctrl Pts',(-17.0526615444072,23.4999999999999,5.38690083510087));
#10225=CARTESIAN_POINT('Ctrl Pts',(-17.2347254624717,23.5,5.60169050117404));
#10226=CARTESIAN_POINT('Ctrl Pts',(-17.4645950687755,23.5,5.81679330479714));
#10227=CARTESIAN_POINT('Ctrl Pts',(-17.7017516105936,23.5,5.99426284431625));
#10228=CARTESIAN_POINT('Ctrl Pts',(-17.9476759080514,23.5,6.14468569501943));
#10229=CARTESIAN_POINT('Ctrl Pts',(-18.2408291314297,23.5,6.27399730382758));
#10230=CARTESIAN_POINT('Ctrl Pts',(-18.4625589395675,23.5,6.34919934668055));
#10231=CARTESIAN_POINT('Ctrl Pts',(-18.8373493367595,23.5,6.45929596527328));
#10232=CARTESIAN_POINT('Ctrl Pts',(-19.2156963332614,23.5,6.51166965444152));
#10233=CARTESIAN_POINT('Ctrl Pts',(-19.5812677193846,23.5,6.53885313993447));
#10234=CARTESIAN_POINT('Ctrl Pts',(-19.7539963636845,23.5,6.5403145217891));
#10235=CARTESIAN_POINT('Ctrl Pts',(-19.8368378453558,23.5,6.54162399817724));
#10236=CARTESIAN_POINT('Ctrl Pts',(-19.8289353259995,24.,7.0415615444646));
#10237=CARTESIAN_POINT('Ctrl Pts',(-19.746340458671,24.,7.04025596631261));
#10238=CARTESIAN_POINT('Ctrl Pts',(-19.5603693554478,24.,7.03889072509939));
#10239=CARTESIAN_POINT('Ctrl Pts',(-19.1614186300487,24.,7.00993995911286));
#10240=CARTESIAN_POINT('Ctrl Pts',(-18.7358869878604,24.,6.95143372605886));
#10241=CARTESIAN_POINT('Ctrl Pts',(-18.3078265018669,24.,6.82573371490241));
#10242=CARTESIAN_POINT('Ctrl Pts',(-18.0665861421122,24.,6.74442097415474));
#10243=CARTESIAN_POINT('Ctrl Pts',(-17.7137673782761,24.,6.58909621403063));
#10244=CARTESIAN_POINT('Ctrl Pts',(-17.4201226983944,24.,6.40957310463082));
#10245=CARTESIAN_POINT('Ctrl Pts',(-17.1431410379061,24.,6.20183418458686));
#10246=CARTESIAN_POINT('Ctrl Pts',(-16.8723602553669,24.,5.94923246407589));
#10247=CARTESIAN_POINT('Ctrl Pts',(-16.6500053061459,23.9999999999999,5.68708127753053));
#10248=CARTESIAN_POINT('Ctrl Pts',(-16.4964663192789,24.,5.44677357187597));
#10249=CARTESIAN_POINT('Ctrl Pts',(-16.4080383871752,24.,5.27965740378437));
#10250=CARTESIAN_POINT('Ctrl Pts',(-16.3324656838989,24.,5.12198036805474));
#10251=CARTESIAN_POINT('Ctrl Pts',(-16.2173864556088,24.,4.80531860252252));
#10252=CARTESIAN_POINT('Ctrl Pts',(-16.143259839783,24.,4.40198864134902));
#10253=CARTESIAN_POINT('Ctrl Pts',(-16.1370514383054,24.,4.20576059845183));
#10254=CARTESIAN_POINT('Ctrl Pts',(-16.1334736647076,24.,4.10595741758468));
#10255=CARTESIAN_POINT('Origin',(-17.1328317333214,23.75,4.07013213745286));
#10256=CARTESIAN_POINT('',(-16.1331670620911,24.,4.04423725197471));
#10257=CARTESIAN_POINT('',(-16.6329993977062,23.5,4.05718469471378));
#10258=CARTESIAN_POINT('',(-16.1331670620911,24.,4.04423725197471));
#10259=CARTESIAN_POINT('Origin',(-17.1328317333214,23.5,4.07013213745286));
#10260=CARTESIAN_POINT('Origin',(-17.1328317333214,24.,4.07013213745286));
#10261=CARTESIAN_POINT('Ctrl Pts',(-16.6329993977062,23.5,4.05718469471386));
#10262=CARTESIAN_POINT('Ctrl Pts',(-16.6339321144115,23.5,4.02117743222476));
#10263=CARTESIAN_POINT('Ctrl Pts',(-16.6357110742706,23.5,3.926106201714));
#10264=CARTESIAN_POINT('Ctrl Pts',(-16.6504346787351,23.5,3.74352070411069));
#10265=CARTESIAN_POINT('Ctrl Pts',(-16.6913003651982,23.5,3.56427242924908));
#10266=CARTESIAN_POINT('Ctrl Pts',(-16.7336473716914,23.5,3.43100854936943));
#10267=CARTESIAN_POINT('Ctrl Pts',(-16.7637592811447,23.5,3.35279354082818));
#10268=CARTESIAN_POINT('Ctrl Pts',(-16.8085431183043,23.5,3.24740421197698));
#10269=CARTESIAN_POINT('Ctrl Pts',(-16.9092901709569,23.5,3.07521996102229));
#10270=CARTESIAN_POINT('Ctrl Pts',(-17.0765677653658,23.5,2.86021815611705));
#10271=CARTESIAN_POINT('Ctrl Pts',(-17.3407077436207,23.5,2.63324492733147));
#10272=CARTESIAN_POINT('Ctrl Pts',(-17.6021853525396,23.5,2.46976826030611));
#10273=CARTESIAN_POINT('Ctrl Pts',(-17.8920617265795,23.5,2.32317388274523));
#10274=CARTESIAN_POINT('Ctrl Pts',(-18.2412326103796,23.5,2.19143311051135));
#10275=CARTESIAN_POINT('Ctrl Pts',(-18.574364884942,23.5,2.0784588281342));
#10276=CARTESIAN_POINT('Ctrl Pts',(-18.910260659367,23.5,1.97196516209681));
#10277=CARTESIAN_POINT('Ctrl Pts',(-19.2478152452979,23.5,1.87047919053861));
#10278=CARTESIAN_POINT('Ctrl Pts',(-19.6920215643186,23.5,1.73575192713698));
#10279=CARTESIAN_POINT('Ctrl Pts',(-20.3187322979976,23.5,1.56056706845914));
#10280=CARTESIAN_POINT('Ctrl Pts',(-20.7310511348964,23.5,1.44565742256012));
#10281=CARTESIAN_POINT('Ctrl Pts',(-20.8842251827267,23.5,1.40257826604288));
#10282=CARTESIAN_POINT('Ctrl Pts',(-16.4663886191678,23.6666666666667,4.05286888046748));
#10283=CARTESIAN_POINT('Ctrl Pts',(-16.4675346005411,23.6666666666667,4.01510308237817));
#10284=CARTESIAN_POINT('Ctrl Pts',(-16.4688068431925,23.6666666666667,3.92071869183365));
#10285=CARTESIAN_POINT('Ctrl Pts',(-16.4853888071849,23.6666666666667,3.7174142929195));
#10286=CARTESIAN_POINT('Ctrl Pts',(-16.5306644523605,23.6666666666667,3.51871041168809));
#10287=CARTESIAN_POINT('Ctrl Pts',(-16.5759133981679,23.6666666666667,3.37725853437193));
#10288=CARTESIAN_POINT('Ctrl Pts',(-16.6091219207523,23.6666666666667,3.29031398871821));
#10289=CARTESIAN_POINT('Ctrl Pts',(-16.6594938714118,23.6666666666667,3.17212975204406));
#10290=CARTESIAN_POINT('Ctrl Pts',(-16.7727885266589,23.6666666666667,2.9783819407615));
#10291=CARTESIAN_POINT('Ctrl Pts',(-16.9546443323444,23.6666666666667,2.74523564293817));
#10292=CARTESIAN_POINT('Ctrl Pts',(-17.243643667947,23.6666666666667,2.49680579709807));
#10293=CARTESIAN_POINT('Ctrl Pts',(-17.5200134197952,23.6666666666667,2.32459179712049));
#10294=CARTESIAN_POINT('Ctrl Pts',(-17.8252788162924,23.6666666666667,2.17011337914257));
#10295=CARTESIAN_POINT('Ctrl Pts',(-18.1877754534908,23.6666666666667,2.03352230608154));
#10296=CARTESIAN_POINT('Ctrl Pts',(-18.5210707813869,23.6666666666667,1.92055196299888));
#10297=CARTESIAN_POINT('Ctrl Pts',(-18.8624629711316,23.6666666666667,1.81226255222197));
#10298=CARTESIAN_POINT('Ctrl Pts',(-19.1990147033162,23.6666666666667,1.71113105146343));
#10299=CARTESIAN_POINT('Ctrl Pts',(-19.6454468371251,23.6666666666667,1.5757055616609));
#10300=CARTESIAN_POINT('Ctrl Pts',(-20.2751368499692,23.6666666666667,1.39970614948291));
#10301=CARTESIAN_POINT('Ctrl Pts',(-20.6857032635634,23.6666666666667,1.28527354177914));
#10302=CARTESIAN_POINT('Ctrl Pts',(-20.8391019337079,23.6666666666667,1.24213615755585));
#10303=CARTESIAN_POINT('Ctrl Pts',(-16.2997778406294,23.8333333333333,4.04855306622111));
#10304=CARTESIAN_POINT('Ctrl Pts',(-16.3005387007428,23.8333333333333,4.0127057923609));
#10305=CARTESIAN_POINT('Ctrl Pts',(-16.3020889060109,23.8333333333333,3.91358063216268));
#10306=CARTESIAN_POINT('Ctrl Pts',(-16.3205741740774,23.8333333333333,3.6920354000787));
#10307=CARTESIAN_POINT('Ctrl Pts',(-16.3701367079794,23.8333333333333,3.47323218003926));
#10308=CARTESIAN_POINT('Ctrl Pts',(-16.4193953253738,23.8333333333333,3.32038853497108));
#10309=CARTESIAN_POINT('Ctrl Pts',(-16.4542944128927,23.8333333333333,3.22890698173409));
#10310=CARTESIAN_POINT('Ctrl Pts',(-16.5111928754735,23.8333333333333,3.09535272449389));
#10311=CARTESIAN_POINT('Ctrl Pts',(-16.6360441987257,23.8333333333333,2.88214002815008));
#10312=CARTESIAN_POINT('Ctrl Pts',(-16.8330120624339,23.8333333333333,2.62942846073575));
#10313=CARTESIAN_POINT('Ctrl Pts',(-17.1466551214576,23.8333333333333,2.36095774853103));
#10314=CARTESIAN_POINT('Ctrl Pts',(-17.4381368382821,23.8333333333333,2.17896705964645));
#10315=CARTESIAN_POINT('Ctrl Pts',(-17.7598576822661,23.8333333333333,2.01694031595584));
#10316=CARTESIAN_POINT('Ctrl Pts',(-18.1342190631744,23.8333333333333,1.87564308347459));
#10317=CARTESIAN_POINT('Ctrl Pts',(-18.4688804304546,23.8333333333333,1.76233186150199));
#10318=CARTESIAN_POINT('Ctrl Pts',(-18.814513099042,23.8333333333333,1.65268289948758));
#10319=CARTESIAN_POINT('Ctrl Pts',(-19.1509174776927,23.8333333333333,1.55158735868432));
#10320=CARTESIAN_POINT('Ctrl Pts',(-19.5989882968645,23.8333333333333,1.41568279665506));
#10321=CARTESIAN_POINT('Ctrl Pts',(-20.2316922875594,23.8333333333333,1.23879050727635));
#10322=CARTESIAN_POINT('Ctrl Pts',(-20.641029259173,23.8333333333333,1.12471497788002));
#10323=CARTESIAN_POINT('Ctrl Pts',(-20.7939786846891,23.8333333333333,1.08169404906883));
#10324=CARTESIAN_POINT('Ctrl Pts',(-16.1331670620911,24.,4.04423725197473));
#10325=CARTESIAN_POINT('Ctrl Pts',(-16.1341411868724,24.,4.00663144251431));
#10326=CARTESIAN_POINT('Ctrl Pts',(-16.1351846749328,24.,3.90819312228233));
#10327=CARTESIAN_POINT('Ctrl Pts',(-16.1555283025271,24.,3.6659289888875));
#10328=CARTESIAN_POINT('Ctrl Pts',(-16.2095007951418,24.,3.42767016247827));
#10329=CARTESIAN_POINT('Ctrl Pts',(-16.2616613518502,24.,3.26663851997357));
#10330=CARTESIAN_POINT('Ctrl Pts',(-16.2996570525003,24.,3.16642742962412));
#10331=CARTESIAN_POINT('Ctrl Pts',(-16.3621436285811,24.,3.02007826456097));
#10332=CARTESIAN_POINT('Ctrl Pts',(-16.4995425544277,24.,2.7853020078893));
#10333=CARTESIAN_POINT('Ctrl Pts',(-16.7110886294124,24.,2.51444594755687));
#10334=CARTESIAN_POINT('Ctrl Pts',(-17.049591045784,24.,2.22451861829764));
#10335=CARTESIAN_POINT('Ctrl Pts',(-17.3559649055376,24.,2.03379059646083));
#10336=CARTESIAN_POINT('Ctrl Pts',(-17.6930747719789,24.,1.86387981235317));
#10337=CARTESIAN_POINT('Ctrl Pts',(-18.0807619062856,24.,1.71773227904479));
#10338=CARTESIAN_POINT('Ctrl Pts',(-18.4155863268994,24.,1.60442499636668));
#10339=CARTESIAN_POINT('Ctrl Pts',(-18.7667154108066,24.,1.49298028961273));
#10340=CARTESIAN_POINT('Ctrl Pts',(-19.102116935711,24.,1.39223921960914));
#10341=CARTESIAN_POINT('Ctrl Pts',(-19.5524135696709,24.,1.25563643117897));
#10342=CARTESIAN_POINT('Ctrl Pts',(-20.188096839531,24.,1.07792958830012));
#10343=CARTESIAN_POINT('Ctrl Pts',(-20.5956813878399,24.,0.964331097099044));
#10344=CARTESIAN_POINT('Ctrl Pts',(-20.7488554356702,24.,0.921251940581801));
#10345=CARTESIAN_POINT('',(-20.7486345261639,24.,0.921314069874155));
#10346=CARTESIAN_POINT('',(-20.8842252113171,23.500000000002,1.40257836770008));
#10347=CARTESIAN_POINT('',(-20.7486345261639,24.,0.921314069874155));
#10348=CARTESIAN_POINT('Ctrl Pts',(-20.8842251827267,23.5,1.40257826604288));
#10349=CARTESIAN_POINT('Ctrl Pts',(-20.7310511348964,23.5,1.44565742256012));
#10350=CARTESIAN_POINT('Ctrl Pts',(-20.3187322979976,23.5,1.56056706845914));
#10351=CARTESIAN_POINT('Ctrl Pts',(-19.6920215643186,23.5,1.73575192713698));
#10352=CARTESIAN_POINT('Ctrl Pts',(-19.2478152452979,23.5,1.87047919053861));
#10353=CARTESIAN_POINT('Ctrl Pts',(-18.910260659367,23.5,1.97196516209681));
#10354=CARTESIAN_POINT('Ctrl Pts',(-18.574364884942,23.5,2.0784588281342));
#10355=CARTESIAN_POINT('Ctrl Pts',(-18.2412326103796,23.5,2.19143311051135));
#10356=CARTESIAN_POINT('Ctrl Pts',(-17.8920617265795,23.5,2.32317388274523));
#10357=CARTESIAN_POINT('Ctrl Pts',(-17.6021853525396,23.5,2.46976826030611));
#10358=CARTESIAN_POINT('Ctrl Pts',(-17.3407077436207,23.5,2.63324492733147));
#10359=CARTESIAN_POINT('Ctrl Pts',(-17.0765677653658,23.5,2.86021815611705));
#10360=CARTESIAN_POINT('Ctrl Pts',(-16.9092901709569,23.5,3.07521996102229));
#10361=CARTESIAN_POINT('Ctrl Pts',(-16.8085431183043,23.5,3.24740421197698));
#10362=CARTESIAN_POINT('Ctrl Pts',(-16.7637592811447,23.5,3.35279354082818));
#10363=CARTESIAN_POINT('Ctrl Pts',(-16.7336473716914,23.5,3.43100854936943));
#10364=CARTESIAN_POINT('Ctrl Pts',(-16.6913003651982,23.5,3.56427242924908));
#10365=CARTESIAN_POINT('Ctrl Pts',(-16.6504346787351,23.5,3.74352070411069));
#10366=CARTESIAN_POINT('Ctrl Pts',(-16.6357110742706,23.5,3.926106201714));
#10367=CARTESIAN_POINT('Ctrl Pts',(-16.6339321144115,23.5,4.02117743222476));
#10368=CARTESIAN_POINT('Ctrl Pts',(-16.6329993977062,23.5,4.05718469471386));
#10369=CARTESIAN_POINT('Ctrl Pts',(-16.1331670620911,24.,4.04423725197473));
#10370=CARTESIAN_POINT('Ctrl Pts',(-16.1341411868724,24.,4.00663144251431));
#10371=CARTESIAN_POINT('Ctrl Pts',(-16.1351846749328,24.,3.90819312228233));
#10372=CARTESIAN_POINT('Ctrl Pts',(-16.1555283025271,24.,3.6659289888875));
#10373=CARTESIAN_POINT('Ctrl Pts',(-16.2095007951418,24.,3.42767016247827));
#10374=CARTESIAN_POINT('Ctrl Pts',(-16.2616613518502,24.,3.26663851997357));
#10375=CARTESIAN_POINT('Ctrl Pts',(-16.2996570525003,24.,3.16642742962412));
#10376=CARTESIAN_POINT('Ctrl Pts',(-16.3621436285811,24.,3.02007826456097));
#10377=CARTESIAN_POINT('Ctrl Pts',(-16.4995425544277,24.,2.7853020078893));
#10378=CARTESIAN_POINT('Ctrl Pts',(-16.7110886294124,24.,2.51444594755687));
#10379=CARTESIAN_POINT('Ctrl Pts',(-17.049591045784,24.,2.22451861829764));
#10380=CARTESIAN_POINT('Ctrl Pts',(-17.3559649055376,24.,2.03379059646083));
#10381=CARTESIAN_POINT('Ctrl Pts',(-17.6930747719789,24.,1.86387981235317));
#10382=CARTESIAN_POINT('Ctrl Pts',(-18.0807619062856,24.,1.71773227904479));
#10383=CARTESIAN_POINT('Ctrl Pts',(-18.4155863268994,24.,1.60442499636668));
#10384=CARTESIAN_POINT('Ctrl Pts',(-18.7667154108066,24.,1.49298028961273));
#10385=CARTESIAN_POINT('Ctrl Pts',(-19.102116935711,24.,1.39223921960914));
#10386=CARTESIAN_POINT('Ctrl Pts',(-19.5524135696709,24.,1.25563643117897));
#10387=CARTESIAN_POINT('Ctrl Pts',(-20.1879548380695,24.,1.0779692851627));
#10388=CARTESIAN_POINT('Ctrl Pts',(-20.5954601114829,24.,0.964392769391623));
#10389=CARTESIAN_POINT('Ctrl Pts',(-20.7486345260587,24.,0.921314069499969));
#10390=CARTESIAN_POINT('Ctrl Pts',(-20.8835611122979,23.5,1.40276437139145));
#10391=CARTESIAN_POINT('Ctrl Pts',(-21.0235466540403,23.5,1.36353338286389));
#10392=CARTESIAN_POINT('Ctrl Pts',(-21.3239293779841,23.5,1.2805474552066));
#10393=CARTESIAN_POINT('Ctrl Pts',(-21.8236572695687,23.5,1.12300322280711));
#10394=CARTESIAN_POINT('Ctrl Pts',(-22.3099187025156,23.5,0.959457113111118));
#10395=CARTESIAN_POINT('Ctrl Pts',(-22.7054354407273,23.5,0.801306281637125));
#10396=CARTESIAN_POINT('Ctrl Pts',(-23.0148086746509,23.5,0.668397257333822));
#10397=CARTESIAN_POINT('Ctrl Pts',(-23.3173217401447,23.5,0.520870967743573));
#10398=CARTESIAN_POINT('Ctrl Pts',(-23.6931337166371,23.5,0.320165714905876));
#10399=CARTESIAN_POINT('Ctrl Pts',(-24.0926665903921,23.5,0.0451707997474719));
#10400=CARTESIAN_POINT('Ctrl Pts',(-24.6094709359293,23.5,-0.411857987778785));
#10401=CARTESIAN_POINT('Ctrl Pts',(-25.0707750159354,23.5,-0.952698782105618));
#10402=CARTESIAN_POINT('Ctrl Pts',(-25.5056234714841,23.5,-1.68966047687006));
#10403=CARTESIAN_POINT('Ctrl Pts',(-25.7741141780804,23.5,-2.42536658242142));
#10404=CARTESIAN_POINT('Ctrl Pts',(-25.9023887376367,23.5,-2.94578940904898));
#10405=CARTESIAN_POINT('Ctrl Pts',(-25.9686135584403,23.5,-3.44232469723703));
#10406=CARTESIAN_POINT('Ctrl Pts',(-25.9773871958018,23.5,-3.74814917294874));
#10407=CARTESIAN_POINT('Ctrl Pts',(-25.9826142260099,23.5,-3.89738030340074));
#10408=CARTESIAN_POINT('Ctrl Pts',(-20.8385855454901,23.6666666666667,1.24228080161528));
#10409=CARTESIAN_POINT('Ctrl Pts',(-20.9797121397068,23.6666666666667,1.20266147885335));
#10410=CARTESIAN_POINT('Ctrl Pts',(-21.27533582235,23.6666666666667,1.1211912949974));
#10411=CARTESIAN_POINT('Ctrl Pts',(-21.7730763212401,23.6666666666667,0.964093716804668));
#10412=CARTESIAN_POINT('Ctrl Pts',(-22.2520351690612,23.6666666666667,0.803198479363517));
#10413=CARTESIAN_POINT('Ctrl Pts',(-22.6427346345434,23.6666666666667,0.64674597021224));
#10414=CARTESIAN_POINT('Ctrl Pts',(-22.9452634598176,23.6666666666667,0.516962137870254));
#10415=CARTESIAN_POINT('Ctrl Pts',(-23.2410588469244,23.6666666666667,0.372519117193346));
#10416=CARTESIAN_POINT('Ctrl Pts',(-23.6077032686322,23.6666666666667,0.176809525392718));
#10417=CARTESIAN_POINT('Ctrl Pts',(-23.9890544861757,23.6666666666667,-0.0860932595382315));
#10418=CARTESIAN_POINT('Ctrl Pts',(-24.4890040596944,23.6666666666667,-0.527639751085001));
#10419=CARTESIAN_POINT('Ctrl Pts',(-24.934362625538,23.6666666666667,-1.05032213461348));
#10420=CARTESIAN_POINT('Ctrl Pts',(-25.3547131456901,23.6666666666667,-1.76218331947982));
#10421=CARTESIAN_POINT('Ctrl Pts',(-25.6142247133519,23.6666666666667,-2.47366643837284));
#10422=CARTESIAN_POINT('Ctrl Pts',(-25.7385363749686,23.6666666666667,-2.97773905085444));
#10423=CARTESIAN_POINT('Ctrl Pts',(-25.8019601772771,23.6666666666667,-3.45447460675069));
#10424=CARTESIAN_POINT('Ctrl Pts',(-25.8108868143749,23.6666666666667,-3.75309205867629));
#10425=CARTESIAN_POINT('Ctrl Pts',(-25.8160497027951,23.6666666666667,-3.90321446006632));
#10426=CARTESIAN_POINT('Ctrl Pts',(-20.7936099786824,23.8333333333333,1.08179723183911));
#10427=CARTESIAN_POINT('Ctrl Pts',(-20.9324544679506,23.8333333333333,1.04295457754592));
#10428=CARTESIAN_POINT('Ctrl Pts',(-21.2273760329999,23.8333333333333,0.961433512414423));
#10429=CARTESIAN_POINT('Ctrl Pts',(-21.721093368812,23.8333333333333,0.805421909232852));
#10430=CARTESIAN_POINT('Ctrl Pts',(-22.1938325876777,23.8333333333333,0.646693614873086));
#10431=CARTESIAN_POINT('Ctrl Pts',(-22.5796325069331,23.8333333333333,0.49194743194039));
#10432=CARTESIAN_POINT('Ctrl Pts',(-22.8752674336717,23.8333333333333,0.365081692865429));
#10433=CARTESIAN_POINT('Ctrl Pts',(-23.1640703566931,23.8333333333333,0.224069004051118));
#10434=CARTESIAN_POINT('Ctrl Pts',(-23.5224229571916,23.8333333333333,0.032605103435822));
#10435=CARTESIAN_POINT('Ctrl Pts',(-23.8840519152964,23.8333333333333,-0.217140889289077));
#10436=CARTESIAN_POINT('Ctrl Pts',(-24.3683859769313,23.8333333333333,-0.644436912856906));
#10437=CARTESIAN_POINT('Ctrl Pts',(-24.7977023289818,23.8333333333333,-1.14887627847166));
#10438=CARTESIAN_POINT('Ctrl Pts',(-25.2031837970726,23.8333333333333,-1.83561791383769));
#10439=CARTESIAN_POINT('Ctrl Pts',(-25.4544657039783,23.8333333333333,-2.5234516652238));
#10440=CARTESIAN_POINT('Ctrl Pts',(-25.5744636801911,23.8333333333333,-3.01193076502448));
#10441=CARTESIAN_POINT('Ctrl Pts',(-25.6354521652048,23.8333333333333,-3.46649579401076));
#10442=CARTESIAN_POINT('Ctrl Pts',(-25.6441892357878,23.8333333333333,-3.76057252296109));
#10443=CARTESIAN_POINT('Ctrl Pts',(-25.6494851795802,23.8333333333333,-3.9090486167319));
#10444=CARTESIAN_POINT('Ctrl Pts',(-20.7486344118747,24.,0.921313662062941));
#10445=CARTESIAN_POINT('Ctrl Pts',(-20.8886199536172,24.,0.882082673535377));
#10446=CARTESIAN_POINT('Ctrl Pts',(-21.1787824773658,24.,0.80207735220522));
#10447=CARTESIAN_POINT('Ctrl Pts',(-21.6705124204833,24.,0.646512403230411));
#10448=CARTESIAN_POINT('Ctrl Pts',(-22.1359490542233,24.,0.490434981125485));
#10449=CARTESIAN_POINT('Ctrl Pts',(-22.5169317007492,24.,0.337387120515505));
#10450=CARTESIAN_POINT('Ctrl Pts',(-22.8057222188384,24.,0.213646573401861));
#10451=CARTESIAN_POINT('Ctrl Pts',(-23.0878074634729,24.,0.0757171535008908));
#10452=CARTESIAN_POINT('Ctrl Pts',(-23.4369925091866,24.,-0.110751086077335));
#10453=CARTESIAN_POINT('Ctrl Pts',(-23.78043981108,24.,-0.34840494857478));
#10454=CARTESIAN_POINT('Ctrl Pts',(-24.2479191006964,24.,-0.760218676163122));
#10455=CARTESIAN_POINT('Ctrl Pts',(-24.6612899385844,24.,-1.24649963097952));
#10456=CARTESIAN_POINT('Ctrl Pts',(-25.0522734712785,24.,-1.90814075644745));
#10457=CARTESIAN_POINT('Ctrl Pts',(-25.2945762392498,24.,-2.57175152117522));
#10458=CARTESIAN_POINT('Ctrl Pts',(-25.410611317523,24.,-3.04388040682994));
#10459=CARTESIAN_POINT('Ctrl Pts',(-25.4687987840416,24.,-3.47864570352441));
#10460=CARTESIAN_POINT('Ctrl Pts',(-25.4776888543609,24.,-3.76551540868864));
#10461=CARTESIAN_POINT('Ctrl Pts',(-25.4829206563654,24.,-3.91488277339747));
#10462=CARTESIAN_POINT('',(-25.4829206563654,24.,-3.91488277339747));
#10463=CARTESIAN_POINT('',(-25.9826142260099,23.5,-3.89738030340074));
#10464=CARTESIAN_POINT('',(-25.4829206563654,24.,-3.91488277339747));
#10465=CARTESIAN_POINT('Ctrl Pts',(-25.9826142260099,23.5,-3.89738030340074));
#10466=CARTESIAN_POINT('Ctrl Pts',(-25.9773871958018,23.5,-3.74814917294874));
#10467=CARTESIAN_POINT('Ctrl Pts',(-25.9686135584403,23.5,-3.44232469723703));
#10468=CARTESIAN_POINT('Ctrl Pts',(-25.9023887376367,23.5,-2.94578940904898));
#10469=CARTESIAN_POINT('Ctrl Pts',(-25.7741141780804,23.5,-2.42536658242142));
#10470=CARTESIAN_POINT('Ctrl Pts',(-25.5056234714841,23.5,-1.68966047687006));
#10471=CARTESIAN_POINT('Ctrl Pts',(-25.0707750159354,23.5,-0.952698782105618));
#10472=CARTESIAN_POINT('Ctrl Pts',(-24.6094709359293,23.5,-0.411857987778785));
#10473=CARTESIAN_POINT('Ctrl Pts',(-24.0926665903921,23.5,0.0451707997474719));
#10474=CARTESIAN_POINT('Ctrl Pts',(-23.6931337166371,23.5,0.320165714905876));
#10475=CARTESIAN_POINT('Ctrl Pts',(-23.3173217401447,23.5,0.520870967743573));
#10476=CARTESIAN_POINT('Ctrl Pts',(-23.0148086746509,23.5,0.668397257333822));
#10477=CARTESIAN_POINT('Ctrl Pts',(-22.7054354407273,23.5,0.801306281637125));
#10478=CARTESIAN_POINT('Ctrl Pts',(-22.3099187025156,23.5,0.959457113111118));
#10479=CARTESIAN_POINT('Ctrl Pts',(-21.8236572695687,23.5,1.12300322280711));
#10480=CARTESIAN_POINT('Ctrl Pts',(-21.324233051149,23.5,1.28045171919412));
#10481=CARTESIAN_POINT('Ctrl Pts',(-21.0240639473103,23.5,1.36339046144771));
#10482=CARTESIAN_POINT('Ctrl Pts',(-20.8842251839339,23.5,1.40257826999047));
#10483=CARTESIAN_POINT('Ctrl Pts',(-20.7486344118747,24.,0.921313662062941));
#10484=CARTESIAN_POINT('Ctrl Pts',(-20.8886199536172,24.,0.882082673535377));
#10485=CARTESIAN_POINT('Ctrl Pts',(-21.1787824773658,24.,0.80207735220522));
#10486=CARTESIAN_POINT('Ctrl Pts',(-21.6705124204833,24.,0.646512403230411));
#10487=CARTESIAN_POINT('Ctrl Pts',(-22.1359490542233,24.,0.490434981125485));
#10488=CARTESIAN_POINT('Ctrl Pts',(-22.5169317007492,24.,0.337387120515505));
#10489=CARTESIAN_POINT('Ctrl Pts',(-22.8057222188384,24.,0.213646573401861));
#10490=CARTESIAN_POINT('Ctrl Pts',(-23.0878074634729,24.,0.0757171535008908));
#10491=CARTESIAN_POINT('Ctrl Pts',(-23.4369925091866,24.,-0.110751086077335));
#10492=CARTESIAN_POINT('Ctrl Pts',(-23.78043981108,24.,-0.34840494857478));
#10493=CARTESIAN_POINT('Ctrl Pts',(-24.2479191006964,24.,-0.760218676163122));
#10494=CARTESIAN_POINT('Ctrl Pts',(-24.6612899385844,24.,-1.24649963097952));
#10495=CARTESIAN_POINT('Ctrl Pts',(-25.0522734712785,24.,-1.90814075644745));
#10496=CARTESIAN_POINT('Ctrl Pts',(-25.2945762392498,24.,-2.57175152117522));
#10497=CARTESIAN_POINT('Ctrl Pts',(-25.410611317523,24.,-3.04388040682994));
#10498=CARTESIAN_POINT('Ctrl Pts',(-25.4687987840416,24.,-3.47864570352441));
#10499=CARTESIAN_POINT('Ctrl Pts',(-25.4776888543609,24.,-3.76551540868864));
#10500=CARTESIAN_POINT('Ctrl Pts',(-25.4829206563654,24.,-3.91488277339747));
#10501=CARTESIAN_POINT('Origin',(-25.5235320387116,23.5,4.18954991099805));
#10502=CARTESIAN_POINT('Origin',(-25.5235320387116,23.5,4.18954991099805));
#10503=CARTESIAN_POINT('Ctrl Pts',(-25.9825618030574,23.5,-3.93382279800996));
#10504=CARTESIAN_POINT('Ctrl Pts',(-25.9771600574116,23.5,-4.07632178857853));
#10505=CARTESIAN_POINT('Ctrl Pts',(-25.9712020961761,23.5,-4.39919080180127));
#10506=CARTESIAN_POINT('Ctrl Pts',(-25.8869523293246,23.5,-4.98161859528083));
#10507=CARTESIAN_POINT('Ctrl Pts',(-25.7411207463171,23.5,-5.51542300838901));
#10508=CARTESIAN_POINT('Ctrl Pts',(-25.4503540700543,23.5,-6.2420225404186));
#10509=CARTESIAN_POINT('Ctrl Pts',(-25.0252508092364,23.5,-6.89010193583895));
#10510=CARTESIAN_POINT('Ctrl Pts',(-24.5517563792919,23.5,-7.4055380090928));
#10511=CARTESIAN_POINT('Ctrl Pts',(-24.1426182987329,23.5,-7.75474249093931));
#10512=CARTESIAN_POINT('Ctrl Pts',(-23.6715606960631,23.5,-8.0642160497641));
#10513=CARTESIAN_POINT('Ctrl Pts',(-23.0067949820745,23.5,-8.40566557266051));
#10514=CARTESIAN_POINT('Ctrl Pts',(-22.3417642729231,23.5,-8.6192253405356));
#10515=CARTESIAN_POINT('Ctrl Pts',(-21.6262471162452,23.5,-8.76861095841894));
#10516=CARTESIAN_POINT('Ctrl Pts',(-21.0751598240868,23.5,-8.84375810502119));
#10517=CARTESIAN_POINT('Ctrl Pts',(-20.495671019389,23.5,-8.87937905100627));
#10518=CARTESIAN_POINT('Ctrl Pts',(-20.1659658158563,23.5,-8.88369462504221));
#10519=CARTESIAN_POINT('Ctrl Pts',(-20.0167922482646,23.5,-8.88660926253631));
#10520=CARTESIAN_POINT('Ctrl Pts',(-25.8160147541601,23.6666666666667,-3.92750945647247));
#10521=CARTESIAN_POINT('Ctrl Pts',(-25.8107758888339,23.6666666666667,-4.07089674094545));
#10522=CARTESIAN_POINT('Ctrl Pts',(-25.8043150195979,23.6666666666667,-4.3877366565167));
#10523=CARTESIAN_POINT('Ctrl Pts',(-25.723661689389,23.6666666666667,-4.94652716122237));
#10524=CARTESIAN_POINT('Ctrl Pts',(-25.5825732061378,23.6666666666667,-5.46279551632114));
#10525=CARTESIAN_POINT('Ctrl Pts',(-25.3023246388766,23.6666666666667,-6.16326228326552));
#10526=CARTESIAN_POINT('Ctrl Pts',(-24.8922340579882,23.6666666666666,-6.78831594266254));
#10527=CARTESIAN_POINT('Ctrl Pts',(-24.4353339634467,23.6666666666666,-7.28575457429666));
#10528=CARTESIAN_POINT('Ctrl Pts',(-24.0428563293554,23.6666666666666,-7.6206223813391));
#10529=CARTESIAN_POINT('Ctrl Pts',(-23.5875139864419,23.6666666666666,-7.91998655027659));
#10530=CARTESIAN_POINT('Ctrl Pts',(-22.9443129379263,23.6666666666666,-8.25026523472907));
#10531=CARTESIAN_POINT('Ctrl Pts',(-22.2988899044417,23.6666666666666,-8.45787935217704));
#10532=CARTESIAN_POINT('Ctrl Pts',(-21.5979210769035,23.6666666666666,-8.60421937583578));
#10533=CARTESIAN_POINT('Ctrl Pts',(-21.0585702517426,23.6666666666667,-8.67778765397169));
#10534=CARTESIAN_POINT('Ctrl Pts',(-20.4912309821008,23.6666666666667,-8.7126484649753));
#10535=CARTESIAN_POINT('Ctrl Pts',(-20.1625467148549,23.6666666666667,-8.71711215087868));
#10536=CARTESIAN_POINT('Ctrl Pts',(-20.0135364421133,23.6666666666667,-8.71997439972519));
#10537=CARTESIAN_POINT('Ctrl Pts',(-25.6494677052627,23.8333333333333,-3.92119611493497));
#10538=CARTESIAN_POINT('Ctrl Pts',(-25.6438914960198,23.8333333333333,-4.06311238047557));
#10539=CARTESIAN_POINT('Ctrl Pts',(-25.637586913782,23.8333333333333,-4.37668340961937));
#10540=CARTESIAN_POINT('Ctrl Pts',(-25.5602117497781,23.8333333333333,-4.90937041538674));
#10541=CARTESIAN_POINT('Ctrl Pts',(-25.4241793641475,23.8333333333333,-5.40836124714783));
#10542=CARTESIAN_POINT('Ctrl Pts',(-25.1543199969137,23.8333333333333,-6.08262996642006));
#10543=CARTESIAN_POINT('Ctrl Pts',(-24.7591629976823,23.8333333333333,-6.68525347539025));
#10544=CARTESIAN_POINT('Ctrl Pts',(-24.3189658755233,23.8333333333333,-7.16444593927407));
#10545=CARTESIAN_POINT('Ctrl Pts',(-23.9433344999609,23.8333333333333,-7.4852226615879));
#10546=CARTESIAN_POINT('Ctrl Pts',(-23.5034405954367,23.8333333333333,-7.77458369041948));
#10547=CARTESIAN_POINT('Ctrl Pts',(-22.8819328584801,23.8333333333333,-8.09397626346273));
#10548=CARTESIAN_POINT('Ctrl Pts',(-22.2564233757949,23.8333333333333,-8.29567960742836));
#10549=CARTESIAN_POINT('Ctrl Pts',(-21.5693187095798,23.8333333333333,-8.43935218467281));
#10550=CARTESIAN_POINT('Ctrl Pts',(-21.042081077792,23.8333333333333,-8.51138945291935));
#10551=CARTESIAN_POINT('Ctrl Pts',(-20.4868115371356,23.8333333333333,-8.54572525957826));
#10552=CARTESIAN_POINT('Ctrl Pts',(-20.15971183611,23.8333333333333,-8.55037066754893));
#10553=CARTESIAN_POINT('Ctrl Pts',(-20.010280635962,23.8333333333333,-8.55333953691406));
#10554=CARTESIAN_POINT('Ctrl Pts',(-25.4829206563654,24.,-3.91488277339748));
#10555=CARTESIAN_POINT('Ctrl Pts',(-25.4775073274421,24.,-4.0576873328425));
#10556=CARTESIAN_POINT('Ctrl Pts',(-25.4706998372037,24.,-4.36522926433481));
#10557=CARTESIAN_POINT('Ctrl Pts',(-25.3969211098425,24.,-4.87427898132828));
#10558=CARTESIAN_POINT('Ctrl Pts',(-25.2656318239681,24.,-5.35573375507996));
#10559=CARTESIAN_POINT('Ctrl Pts',(-25.006290565736,24.,-6.00386970926698));
#10560=CARTESIAN_POINT('Ctrl Pts',(-24.626146246434,24.,-6.58346748221385));
#10561=CARTESIAN_POINT('Ctrl Pts',(-24.2025434596782,24.,-7.04466250447793));
#10562=CARTESIAN_POINT('Ctrl Pts',(-23.8435725305834,24.,-7.35110255198768));
#10563=CARTESIAN_POINT('Ctrl Pts',(-23.4193938858155,24.,-7.63035419093198));
#10564=CARTESIAN_POINT('Ctrl Pts',(-22.819450814332,24.,-7.93857592553129));
#10565=CARTESIAN_POINT('Ctrl Pts',(-22.2135490073136,24.,-8.13433361906979));
#10566=CARTESIAN_POINT('Ctrl Pts',(-21.5409926702381,24.,-8.27496060208966));
#10567=CARTESIAN_POINT('Ctrl Pts',(-21.0254915054478,24.,-8.34541900186985));
#10568=CARTESIAN_POINT('Ctrl Pts',(-20.4823714998473,24.,-8.3789946735473));
#10569=CARTESIAN_POINT('Ctrl Pts',(-20.1562927351087,24.,-8.38378819338539));
#10570=CARTESIAN_POINT('Ctrl Pts',(-20.0070248298107,24.,-8.38670467410294));
#10571=CARTESIAN_POINT('',(-20.0070248298107,24.,-8.38670467410294));
#10572=CARTESIAN_POINT('',(-20.0167922482646,23.5,-8.88660926253631));
#10573=CARTESIAN_POINT('',(-20.0070248298107,24.,-8.38670467410294));
#10574=CARTESIAN_POINT('',(-25.9825618030574,23.5,-3.93382279800996));
#10575=CARTESIAN_POINT('Ctrl Pts',(-20.0167922482646,23.5,-8.88660926253631));
#10576=CARTESIAN_POINT('Ctrl Pts',(-20.1659658158563,23.5,-8.88369462504221));
#10577=CARTESIAN_POINT('Ctrl Pts',(-20.495671019389,23.5,-8.87937905100627));
#10578=CARTESIAN_POINT('Ctrl Pts',(-21.0751598240868,23.5,-8.84375810502119));
#10579=CARTESIAN_POINT('Ctrl Pts',(-21.6262471162452,23.5,-8.76861095841894));
#10580=CARTESIAN_POINT('Ctrl Pts',(-22.3417642729231,23.5,-8.6192253405356));
#10581=CARTESIAN_POINT('Ctrl Pts',(-23.0067949820745,23.5,-8.40566557266051));
#10582=CARTESIAN_POINT('Ctrl Pts',(-23.6715606960631,23.5,-8.0642160497641));
#10583=CARTESIAN_POINT('Ctrl Pts',(-24.1426182987329,23.5,-7.75474249093931));
#10584=CARTESIAN_POINT('Ctrl Pts',(-24.5517563792919,23.5,-7.4055380090928));
#10585=CARTESIAN_POINT('Ctrl Pts',(-25.0252508092364,23.5,-6.89010193583895));
#10586=CARTESIAN_POINT('Ctrl Pts',(-25.4503540700543,23.5,-6.2420225404186));
#10587=CARTESIAN_POINT('Ctrl Pts',(-25.7411207463171,23.5,-5.51542300838901));
#10588=CARTESIAN_POINT('Ctrl Pts',(-25.8869523293246,23.5,-4.98161859528083));
#10589=CARTESIAN_POINT('Ctrl Pts',(-25.9712020961761,23.5,-4.39919080180127));
#10590=CARTESIAN_POINT('Ctrl Pts',(-25.9771600574116,23.5,-4.07632178857853));
#10591=CARTESIAN_POINT('Ctrl Pts',(-25.9825618030574,23.5,-3.93382279800996));
#10592=CARTESIAN_POINT('',(-25.9825618030574,23.5,-3.93382279800996));
#10593=CARTESIAN_POINT('Ctrl Pts',(-25.4829206563654,24.,-3.91488277339748));
#10594=CARTESIAN_POINT('Ctrl Pts',(-25.4775073274421,24.,-4.0576873328425));
#10595=CARTESIAN_POINT('Ctrl Pts',(-25.4706998372037,24.,-4.36522926433481));
#10596=CARTESIAN_POINT('Ctrl Pts',(-25.3969211098425,24.,-4.87427898132828));
#10597=CARTESIAN_POINT('Ctrl Pts',(-25.2656318239681,24.,-5.35573375507996));
#10598=CARTESIAN_POINT('Ctrl Pts',(-25.006290565736,24.,-6.00386970926698));
#10599=CARTESIAN_POINT('Ctrl Pts',(-24.626146246434,24.,-6.58346748221385));
#10600=CARTESIAN_POINT('Ctrl Pts',(-24.2025434596782,24.,-7.04466250447793));
#10601=CARTESIAN_POINT('Ctrl Pts',(-23.8435725305834,24.,-7.35110255198768));
#10602=CARTESIAN_POINT('Ctrl Pts',(-23.4193938858155,24.,-7.63035419093198));
#10603=CARTESIAN_POINT('Ctrl Pts',(-22.819450814332,24.,-7.93857592553129));
#10604=CARTESIAN_POINT('Ctrl Pts',(-22.2135490073136,24.,-8.13433361906979));
#10605=CARTESIAN_POINT('Ctrl Pts',(-21.5409926702381,24.,-8.27496060208966));
#10606=CARTESIAN_POINT('Ctrl Pts',(-21.0254915054478,24.,-8.34541900186985));
#10607=CARTESIAN_POINT('Ctrl Pts',(-20.4823714998473,24.,-8.3789946735473));
#10608=CARTESIAN_POINT('Ctrl Pts',(-20.1562927351087,24.,-8.38378819338539));
#10609=CARTESIAN_POINT('Ctrl Pts',(-20.0070248298107,24.,-8.38670467410294));
#10610=CARTESIAN_POINT('Origin',(-25.4829206563629,23.5,-3.91488277339749));
#10611=CARTESIAN_POINT('Origin',(-25.4829206563629,23.5,-3.91488277339749));
#10612=CARTESIAN_POINT('Ctrl Pts',(-19.9984117192807,23.5,-8.88663048292559));
#10613=CARTESIAN_POINT('Ctrl Pts',(-19.7761843526821,23.5,-8.88280177707055));
#10614=CARTESIAN_POINT('Ctrl Pts',(-19.1992883075271,23.5,-8.88125802582734));
#10615=CARTESIAN_POINT('Ctrl Pts',(-18.2981704172289,23.5,-8.75331400478494));
#10616=CARTESIAN_POINT('Ctrl Pts',(-17.6601259139128,23.5,-8.60616656616633));
#10617=CARTESIAN_POINT('Ctrl Pts',(-17.1901840688534,23.5,-8.45889839037155));
#10618=CARTESIAN_POINT('Ctrl Pts',(-16.7381306068261,23.5,-8.2701339666444));
#10619=CARTESIAN_POINT('Ctrl Pts',(-16.3055931451588,23.5,-8.04800568810287));
#10620=CARTESIAN_POINT('Ctrl Pts',(-15.8734783249591,23.5,-7.77865940404581));
#10621=CARTESIAN_POINT('Ctrl Pts',(-15.5089655172282,23.5,-7.47362963112342));
#10622=CARTESIAN_POINT('Ctrl Pts',(-15.3704031139616,23.5,-7.3457061397483));
#10623=CARTESIAN_POINT('Ctrl Pts',(-15.1701787568334,23.5,-7.15175268180824));
#10624=CARTESIAN_POINT('Ctrl Pts',(-14.8404983052006,23.5,-6.77312964961511));
#10625=CARTESIAN_POINT('Ctrl Pts',(-14.4534684599646,23.5,-6.18495881768075));
#10626=CARTESIAN_POINT('Ctrl Pts',(-14.1686449565352,23.5,-5.49123915473907));
#10627=CARTESIAN_POINT('Ctrl Pts',(-14.0724773626124,23.5,-5.15083108576075));
#10628=CARTESIAN_POINT('Ctrl Pts',(-20.001282756124,23.6666666666667,-8.71998854665137));
#10629=CARTESIAN_POINT('Ctrl Pts',(-19.7785198723091,23.6666666666667,-8.71615748169497));
#10630=CARTESIAN_POINT('Ctrl Pts',(-19.2100389969352,23.6666666666667,-8.71454543399193));
#10631=CARTESIAN_POINT('Ctrl Pts',(-18.3286179321359,23.6666666666667,-8.5891452385927));
#10632=CARTESIAN_POINT('Ctrl Pts',(-17.702369275692,23.6666666666667,-8.44489117901388));
#10633=CARTESIAN_POINT('Ctrl Pts',(-17.2477233000249,23.6666666666667,-8.30207723894263));
#10634=CARTESIAN_POINT('Ctrl Pts',(-16.808860650974,23.6666666666667,-8.11919969186072));
#10635=CARTESIAN_POINT('Ctrl Pts',(-16.3866340003569,23.6666666666667,-7.9019962755612));
#10636=CARTESIAN_POINT('Ctrl Pts',(-15.9715512039575,23.6666666666667,-7.64343835991217));
#10637=CARTESIAN_POINT('Ctrl Pts',(-15.6194357074692,23.6666666666667,-7.34867328830502));
#10638=CARTESIAN_POINT('Ctrl Pts',(-15.4842107515218,23.6666666666667,-7.22397784305528));
#10639=CARTESIAN_POINT('Ctrl Pts',(-15.2916515063856,23.6666666666667,-7.03728219370909));
#10640=CARTESIAN_POINT('Ctrl Pts',(-14.9749517127265,23.6666666666667,-6.67363940096241));
#10641=CARTESIAN_POINT('Ctrl Pts',(-14.6022294478619,23.6666666666667,-6.10751239541105));
#10642=CARTESIAN_POINT('Ctrl Pts',(-14.3258438785944,23.6666666666667,-5.43492297411315));
#10643=CARTESIAN_POINT('Ctrl Pts',(-14.2328665395214,23.6666666666667,-5.10552005279706));
#10644=CARTESIAN_POINT('Ctrl Pts',(-20.0041537929674,23.8333333333333,-8.55334661037715));
#10645=CARTESIAN_POINT('Ctrl Pts',(-19.7843147895968,23.8333333333333,-8.54955218589516));
#10646=CARTESIAN_POINT('Ctrl Pts',(-19.2221251945929,23.8333333333333,-8.54799886095477));
#10647=CARTESIAN_POINT('Ctrl Pts',(-18.358342333732,23.8333333333333,-8.42483996938475));
#10648=CARTESIAN_POINT('Ctrl Pts',(-17.7458343889415,23.8333333333333,-8.28362265042073));
#10649=CARTESIAN_POINT('Ctrl Pts',(-17.3060127399006,23.8333333333333,-8.14546465244376));
#10650=CARTESIAN_POINT('Ctrl Pts',(-16.8806588436283,23.8333333333333,-7.96818864479568));
#10651=CARTESIAN_POINT('Ctrl Pts',(-16.4679039858821,23.8333333333333,-7.75577818331024));
#10652=CARTESIAN_POINT('Ctrl Pts',(-16.069741288779,23.8333333333333,-7.50767874085368));
#10653=CARTESIAN_POINT('Ctrl Pts',(-15.7307179655143,23.8333333333333,-7.22392690211229));
#10654=CARTESIAN_POINT('Ctrl Pts',(-15.5984181223043,23.8333333333333,-7.10203089688878));
#10655=CARTESIAN_POINT('Ctrl Pts',(-15.4139879949462,23.8333333333333,-6.92320764682691));
#10656=CARTESIAN_POINT('Ctrl Pts',(-15.109782380913,23.8333333333333,-6.57451579420894));
#10657=CARTESIAN_POINT('Ctrl Pts',(-14.751243885993,23.8333333333333,-6.03007292716314));
#10658=CARTESIAN_POINT('Ctrl Pts',(-14.4835383590501,23.8333333333333,-5.37949838605772));
#10659=CARTESIAN_POINT('Ctrl Pts',(-14.3932557164304,23.8333333333333,-5.06020901983336));
#10660=CARTESIAN_POINT('Ctrl Pts',(-20.0070248298108,24.,-8.38670467410293));
#10661=CARTESIAN_POINT('Ctrl Pts',(-19.7866503092238,24.,-8.38290789051957));
#10662=CARTESIAN_POINT('Ctrl Pts',(-19.2328758840009,24.,-8.38128626911937));
#10663=CARTESIAN_POINT('Ctrl Pts',(-18.3887898486391,24.,-8.2606712031925));
#10664=CARTESIAN_POINT('Ctrl Pts',(-17.7880777507207,24.,-8.12234726326828));
#10665=CARTESIAN_POINT('Ctrl Pts',(-17.3635519710721,24.,-7.98864350101484));
#10666=CARTESIAN_POINT('Ctrl Pts',(-16.9513888877762,24.,-7.81725437001201));
#10667=CARTESIAN_POINT('Ctrl Pts',(-16.5489448410802,24.,-7.60976877076857));
#10668=CARTESIAN_POINT('Ctrl Pts',(-16.1678141677774,24.,-7.37245769672004));
#10669=CARTESIAN_POINT('Ctrl Pts',(-15.8411881557553,24.,-7.09897055929389));
#10670=CARTESIAN_POINT('Ctrl Pts',(-15.7122257598646,24.,-6.98030260019575));
#10671=CARTESIAN_POINT('Ctrl Pts',(-15.5354607444984,24.,-6.80873715872776));
#10672=CARTESIAN_POINT('Ctrl Pts',(-15.2442357884389,24.,-6.47502554555625));
#10673=CARTESIAN_POINT('Ctrl Pts',(-14.9000048738903,24.,-5.95262650489344));
#10674=CARTESIAN_POINT('Ctrl Pts',(-14.6407372811093,24.,-5.32318220543181));
#10675=CARTESIAN_POINT('Ctrl Pts',(-14.5536448933394,24.,-5.01489798686967));
#10676=CARTESIAN_POINT('',(-14.5536448933394,24.,-5.01489798686967));
#10677=CARTESIAN_POINT('',(-14.0724773626124,23.5,-5.15083108576075));
#10678=CARTESIAN_POINT('',(-14.5536448933394,24.,-5.01489798686967));
#10679=CARTESIAN_POINT('',(-19.9984117192807,23.5,-8.88663048292559));
#10680=CARTESIAN_POINT('Ctrl Pts',(-14.0724773626124,23.5,-5.15083108576075));
#10681=CARTESIAN_POINT('Ctrl Pts',(-14.1686449565352,23.5,-5.49123915473907));
#10682=CARTESIAN_POINT('Ctrl Pts',(-14.4534684599646,23.5,-6.18495881768075));
#10683=CARTESIAN_POINT('Ctrl Pts',(-14.8404983052006,23.5,-6.77312964961511));
#10684=CARTESIAN_POINT('Ctrl Pts',(-15.1701787568334,23.5,-7.15175268180824));
#10685=CARTESIAN_POINT('Ctrl Pts',(-15.3704031139616,23.5,-7.3457061397483));
#10686=CARTESIAN_POINT('Ctrl Pts',(-15.5089655172282,23.5,-7.47362963112342));
#10687=CARTESIAN_POINT('Ctrl Pts',(-15.8734783249591,23.5,-7.77865940404581));
#10688=CARTESIAN_POINT('Ctrl Pts',(-16.3055931451588,23.5,-8.04800568810287));
#10689=CARTESIAN_POINT('Ctrl Pts',(-16.7381306068261,23.5,-8.2701339666444));
#10690=CARTESIAN_POINT('Ctrl Pts',(-17.1901840688534,23.5,-8.45889839037155));
#10691=CARTESIAN_POINT('Ctrl Pts',(-17.6601259139128,23.5,-8.60616656616633));
#10692=CARTESIAN_POINT('Ctrl Pts',(-18.2981704172289,23.5,-8.75331400478494));
#10693=CARTESIAN_POINT('Ctrl Pts',(-19.1992883075271,23.5,-8.88125802582734));
#10694=CARTESIAN_POINT('Ctrl Pts',(-19.7761843526821,23.5,-8.88280177707055));
#10695=CARTESIAN_POINT('Ctrl Pts',(-19.9984117192807,23.5,-8.88663048292559));
#10696=CARTESIAN_POINT('',(-19.9984117192807,23.5,-8.88663048292559));
#10697=CARTESIAN_POINT('Ctrl Pts',(-20.0070248298108,24.,-8.38670467410293));
#10698=CARTESIAN_POINT('Ctrl Pts',(-19.7866503092238,24.,-8.38290789051957));
#10699=CARTESIAN_POINT('Ctrl Pts',(-19.2328758840009,24.,-8.38128626911937));
#10700=CARTESIAN_POINT('Ctrl Pts',(-18.3887898486391,24.,-8.2606712031925));
#10701=CARTESIAN_POINT('Ctrl Pts',(-17.7880777507207,24.,-8.12234726326828));
#10702=CARTESIAN_POINT('Ctrl Pts',(-17.3635519710721,24.,-7.98864350101484));
#10703=CARTESIAN_POINT('Ctrl Pts',(-16.9513888877762,24.,-7.81725437001201));
#10704=CARTESIAN_POINT('Ctrl Pts',(-16.5489448410802,24.,-7.60976877076857));
#10705=CARTESIAN_POINT('Ctrl Pts',(-16.1678141677774,24.,-7.37245769672004));
#10706=CARTESIAN_POINT('Ctrl Pts',(-15.8411881557553,24.,-7.09897055929389));
#10707=CARTESIAN_POINT('Ctrl Pts',(-15.7122257598646,24.,-6.98030260019575));
#10708=CARTESIAN_POINT('Ctrl Pts',(-15.5354607444984,24.,-6.80873715872776));
#10709=CARTESIAN_POINT('Ctrl Pts',(-15.2442357884389,24.,-6.47502554555625));
#10710=CARTESIAN_POINT('Ctrl Pts',(-14.9000048738903,24.,-5.95262650489344));
#10711=CARTESIAN_POINT('Ctrl Pts',(-14.6407372811093,24.,-5.32318220543181));
#10712=CARTESIAN_POINT('Ctrl Pts',(-14.5536448933394,24.,-5.01489798686967));
#10713=CARTESIAN_POINT('Origin',(-20.0070248298107,23.5,-8.38670467410615));
#10714=CARTESIAN_POINT('Origin',(-20.0070248298107,23.5,-8.38670467410615));
#10715=CARTESIAN_POINT('Origin',(-16.9047252472296,23.75,-1.8334661617479));
#10716=CARTESIAN_POINT('',(-14.2563422436114,23.5,-4.59166384146404));
#10717=CARTESIAN_POINT('',(-14.6388717647059,24.,-4.9136439114858));
#10718=CARTESIAN_POINT('',(-14.1711153722489,23.5,-4.69291791686217));
#10719=CARTESIAN_POINT('',(-16.7134604866824,23.5,-1.67247612673702));
#10720=CARTESIAN_POINT('',(-14.1711153722489,23.5,-4.69291791686217));
#10721=CARTESIAN_POINT('',(-17.0959900077768,24.,-1.99445619675878));
#10722=CARTESIAN_POINT('Origin',(-14.5536448933434,23.5,-5.01489798688393));
#10723=CARTESIAN_POINT('Origin',(-14.5536448933434,23.5,-5.01489798688393));
#10724=CARTESIAN_POINT('Origin',(-14.6388717647059,23.5,-4.9136439114858));
#10725=CARTESIAN_POINT('Origin',(-14.6388717647059,23.5,-4.9136439114858));
#10726=CARTESIAN_POINT('Origin',(-25.5235320387116,19.,4.18954991099805));
#10727=CARTESIAN_POINT('',(-25.3338810106957,19.,3.72691345807577));
#10728=CARTESIAN_POINT('',(-25.3338810106975,23.500000000001,3.72691345807655));
#10729=CARTESIAN_POINT('',(-25.716561884119,19.,3.72831301006537));
#10730=CARTESIAN_POINT('Origin',(-25.5235320387116,19.,4.18954991099805));
#10731=CARTESIAN_POINT('',(-25.716561884119,19.,3.72831301006537));
#10732=CARTESIAN_POINT('Origin',(-25.0540862621512,19.,3.84161121126777));
#10733=CARTESIAN_POINT('',(-25.0540862621512,19.,3.84161121126777));
#10734=CARTESIAN_POINT('',(-25.0540862621512,19.,3.84161121126777));
#10735=CARTESIAN_POINT('',(-25.3338810106957,19.,3.72691345807577));
#10736=CARTESIAN_POINT('Origin',(-28.4678047664377,19.,12.1690673638697));
#10737=CARTESIAN_POINT('',(-22.2242556572906,19.,5.68693079313402));
#10738=CARTESIAN_POINT('',(-22.2242556572903,23.5000000000002,5.68693079313431));
#10739=CARTESIAN_POINT('Origin',(-28.4678047664377,19.,12.1690673638697));
#10740=CARTESIAN_POINT('Ctrl Pts',(-19.8569371627158,19.,6.54153766787166));
#10741=CARTESIAN_POINT('Ctrl Pts',(-19.8569371627158,24.5,6.54153766787166));
#10742=CARTESIAN_POINT('Ctrl Pts',(-20.2057164815952,19.,6.53302715361413));
#10743=CARTESIAN_POINT('Ctrl Pts',(-20.2057164815952,24.5,6.53302715361413));
#10744=CARTESIAN_POINT('Ctrl Pts',(-20.6138992756305,19.,6.52004266359056));
#10745=CARTESIAN_POINT('Ctrl Pts',(-20.6138992756305,24.5,6.52004266359056));
#10746=CARTESIAN_POINT('Ctrl Pts',(-21.3320315747684,19.,6.28021881577679));
#10747=CARTESIAN_POINT('Ctrl Pts',(-21.3320315747684,24.5,6.28021881577679));
#10748=CARTESIAN_POINT('Ctrl Pts',(-21.5293525968813,19.,6.19082803322153));
#10749=CARTESIAN_POINT('Ctrl Pts',(-21.5293525968813,24.5,6.19082803322153));
#10750=CARTESIAN_POINT('Ctrl Pts',(-21.8980199046214,19.,5.96879457418706));
#10751=CARTESIAN_POINT('Ctrl Pts',(-21.8980199046214,24.5,5.96879457418706));
#10752=CARTESIAN_POINT('Ctrl Pts',(-22.0692729240329,19.,5.83620908981993));
#10753=CARTESIAN_POINT('Ctrl Pts',(-22.0692729240329,24.5,5.83620908981993));
#10754=CARTESIAN_POINT('Ctrl Pts',(-22.2242556572906,19.,5.68693079313402));
#10755=CARTESIAN_POINT('Ctrl Pts',(-22.2242556572906,24.5,5.68693079313402));
#10756=CARTESIAN_POINT('',(-19.8569371627158,19.,6.54153766787165));
#10757=CARTESIAN_POINT('',(-19.8569371627158,23.5000000000001,6.54153766787166));
#10758=CARTESIAN_POINT('Ctrl Pts',(-22.2242556572906,19.,5.68693079313402));
#10759=CARTESIAN_POINT('Ctrl Pts',(-22.0692729240329,19.,5.83620908981993));
#10760=CARTESIAN_POINT('Ctrl Pts',(-21.8980199046214,19.,5.96879457418706));
#10761=CARTESIAN_POINT('Ctrl Pts',(-21.7136878280373,19.,6.07981035376855));
#10762=CARTESIAN_POINT('Ctrl Pts',(-21.5293525968813,19.,6.19082803322153));
#10763=CARTESIAN_POINT('Ctrl Pts',(-21.3320315747684,19.,6.28021881577679));
#10764=CARTESIAN_POINT('Ctrl Pts',(-21.1279258717927,19.,6.34838092895165));
#10765=CARTESIAN_POINT('Ctrl Pts',(-20.6138992756305,19.,6.52004266359056));
#10766=CARTESIAN_POINT('Ctrl Pts',(-20.2057164815952,19.,6.53302715361413));
#10767=CARTESIAN_POINT('Ctrl Pts',(-19.8569371627158,19.,6.54153766787166));
#10768=CARTESIAN_POINT('Origin',(-19.8447403647121,19.,6.04168645188988));
#10769=CARTESIAN_POINT('',(-19.8368378453558,19.,6.54162399817724));
#10770=CARTESIAN_POINT('',(-19.8368378453558,23.5,6.54162399817724));
#10771=CARTESIAN_POINT('Origin',(-19.8447403647121,19.,6.04168645188988));
#10772=CARTESIAN_POINT('Ctrl Pts',(-16.6331526990145,19.,4.08804477751856));
#10773=CARTESIAN_POINT('Ctrl Pts',(-16.6331526990145,24.5,4.08804477751856));
#10774=CARTESIAN_POINT('Ctrl Pts',(-16.6365224602677,19.,4.18204538505866));
#10775=CARTESIAN_POINT('Ctrl Pts',(-16.6365224602677,24.5,4.18204538505866));
#10776=CARTESIAN_POINT('Ctrl Pts',(-16.6450378053182,19.,4.36995938896438));
#10777=CARTESIAN_POINT('Ctrl Pts',(-16.6450378053182,24.5,4.36995938896438));
#10778=CARTESIAN_POINT('Ctrl Pts',(-16.6981418772573,19.,4.64800588182609));
#10779=CARTESIAN_POINT('Ctrl Pts',(-16.6981418772573,24.5,4.64800588182609));
#10780=CARTESIAN_POINT('Ctrl Pts',(-16.7862170637091,19.,4.91654223797845));
#10781=CARTESIAN_POINT('Ctrl Pts',(-16.7862170637091,24.5,4.91654223797845));
#10782=CARTESIAN_POINT('Ctrl Pts',(-16.9123756158571,19.,5.16962975217719));
#10783=CARTESIAN_POINT('Ctrl Pts',(-16.9123756158571,24.5,5.16962975217719));
#10784=CARTESIAN_POINT('Ctrl Pts',(-17.0670067082549,19.,5.40628580640493));
#10785=CARTESIAN_POINT('Ctrl Pts',(-17.0670067082549,24.5,5.40628580640493));
#10786=CARTESIAN_POINT('Ctrl Pts',(-17.3144196050418,19.,5.69051401088615));
#10787=CARTESIAN_POINT('Ctrl Pts',(-17.3144196050418,24.5,5.69051401088615));
#10788=CARTESIAN_POINT('Ctrl Pts',(-17.6038387203116,19.,5.9331988249124));
#10789=CARTESIAN_POINT('Ctrl Pts',(-17.6038387203116,24.5,5.9331988249124));
#10790=CARTESIAN_POINT('Ctrl Pts',(-17.9240931139474,19.,6.13164283391736));
#10791=CARTESIAN_POINT('Ctrl Pts',(-17.9240931139474,24.5,6.13164283391736));
#10792=CARTESIAN_POINT('Ctrl Pts',(-18.1801899164515,19.,6.25097557282474));
#10793=CARTESIAN_POINT('Ctrl Pts',(-18.1801899164515,24.5,6.25097557282474));
#10794=CARTESIAN_POINT('Ctrl Pts',(-18.4460404375074,19.,6.34544326047207));
#10795=CARTESIAN_POINT('Ctrl Pts',(-18.4460404375074,24.5,6.34544326047207));
#10796=CARTESIAN_POINT('Ctrl Pts',(-18.8072665446925,19.,6.451434349156));
#10797=CARTESIAN_POINT('Ctrl Pts',(-18.8072665446925,24.5,6.451434349156));
#10798=CARTESIAN_POINT('Ctrl Pts',(-19.1798864032324,19.,6.50931494411185));
#10799=CARTESIAN_POINT('Ctrl Pts',(-19.1798864032324,24.5,6.50931494411185));
#10800=CARTESIAN_POINT('Ctrl Pts',(-19.5547971926002,19.,6.53732370145583));
#10801=CARTESIAN_POINT('Ctrl Pts',(-19.5547971926002,24.5,6.53732370145583));
#10802=CARTESIAN_POINT('Ctrl Pts',(-19.7428262869702,19.,6.54013795623986));
#10803=CARTESIAN_POINT('Ctrl Pts',(-19.7428262869702,24.5,6.54013795623986));
#10804=CARTESIAN_POINT('Ctrl Pts',(-19.8368378453558,19.,6.54162399817724));
#10805=CARTESIAN_POINT('Ctrl Pts',(-19.8368378453558,24.5,6.54162399817724));
#10806=CARTESIAN_POINT('',(-16.6331526990145,19.,4.08804477751876));
#10807=CARTESIAN_POINT('',(-16.6331526990145,23.500000000001,4.08804477751876));
#10808=CARTESIAN_POINT('Ctrl Pts',(-19.8368378453558,19.,6.54162399817724));
#10809=CARTESIAN_POINT('Ctrl Pts',(-19.7428262869702,19.,6.54013795623986));
#10810=CARTESIAN_POINT('Ctrl Pts',(-19.5547971926002,19.,6.53732370145583));
#10811=CARTESIAN_POINT('Ctrl Pts',(-19.1798864032324,19.,6.50931494411185));
#10812=CARTESIAN_POINT('Ctrl Pts',(-18.8072665446925,19.,6.451434349156));
#10813=CARTESIAN_POINT('Ctrl Pts',(-18.4460404375074,19.,6.34544326047207));
#10814=CARTESIAN_POINT('Ctrl Pts',(-18.1801899164515,19.,6.25097557282474));
#10815=CARTESIAN_POINT('Ctrl Pts',(-17.9240931139474,19.,6.13164283391736));
#10816=CARTESIAN_POINT('Ctrl Pts',(-17.6038387203116,19.,5.9331988249124));
#10817=CARTESIAN_POINT('Ctrl Pts',(-17.3144196050418,19.,5.69051401088615));
#10818=CARTESIAN_POINT('Ctrl Pts',(-17.0670067082549,19.,5.40628580640493));
#10819=CARTESIAN_POINT('Ctrl Pts',(-16.9123756158571,19.,5.16962975217719));
#10820=CARTESIAN_POINT('Ctrl Pts',(-16.7862170637091,19.,4.91654223797845));
#10821=CARTESIAN_POINT('Ctrl Pts',(-16.6981418772573,19.,4.64800588182609));
#10822=CARTESIAN_POINT('Ctrl Pts',(-16.6450378053182,19.,4.36995938896438));
#10823=CARTESIAN_POINT('Ctrl Pts',(-16.6365224602677,19.,4.18204538505866));
#10824=CARTESIAN_POINT('Ctrl Pts',(-16.6331526990145,19.,4.08804477751856));
#10825=CARTESIAN_POINT('Origin',(-17.1328317333214,19.,4.07013213745286));
#10826=CARTESIAN_POINT('',(-16.6329993977062,19.,4.05718469471378));
#10827=CARTESIAN_POINT('',(-16.6329993977062,23.5000000000011,4.05718469471378));
#10828=CARTESIAN_POINT('Origin',(-17.1328317333214,19.,4.07013213745286));
#10829=CARTESIAN_POINT('Ctrl Pts',(-20.8842251827267,19.,1.40257826604288));
#10830=CARTESIAN_POINT('Ctrl Pts',(-20.8842251827267,24.,1.40257826604288));
#10831=CARTESIAN_POINT('Ctrl Pts',(-20.8841515462246,19.,1.402598975807));
#10832=CARTESIAN_POINT('Ctrl Pts',(-20.8841515462246,24.,1.402598975807));
#10833=CARTESIAN_POINT('Ctrl Pts',(-20.8840779097225,19.,1.40261968557111));
#10834=CARTESIAN_POINT('Ctrl Pts',(-20.8840779097225,24.,1.40261968557111));
#10835=CARTESIAN_POINT('Ctrl Pts',(-20.8840042732204,19.,1.40264039533523));
#10836=CARTESIAN_POINT('Ctrl Pts',(-20.8840042732204,24.,1.40264039533523));
#10837=CARTESIAN_POINT('Ctrl Pts',(-20.6668670013193,19.,1.46370877248171));
#10838=CARTESIAN_POINT('Ctrl Pts',(-20.6668670013193,24.,1.46370877248171));
#10839=CARTESIAN_POINT('Ctrl Pts',(-20.2322477765678,19.,1.58461263671647));
#10840=CARTESIAN_POINT('Ctrl Pts',(-20.2322477765678,24.,1.58461263671647));
#10841=CARTESIAN_POINT('Ctrl Pts',(-19.6892265072447,19.,1.73672871589358));
#10842=CARTESIAN_POINT('Ctrl Pts',(-19.6892265072447,24.,1.73672871589358));
#10843=CARTESIAN_POINT('Ctrl Pts',(-19.2574768410733,19.,1.86753706866141));
#10844=CARTESIAN_POINT('Ctrl Pts',(-19.2574768410733,24.,1.86753706866141));
#10845=CARTESIAN_POINT('Ctrl Pts',(-18.9335040330046,19.,1.96514445894548));
#10846=CARTESIAN_POINT('Ctrl Pts',(-18.9335040330046,24.,1.96514445894548));
#10847=CARTESIAN_POINT('Ctrl Pts',(-18.6106298145849,19.,2.06628267382281));
#10848=CARTESIAN_POINT('Ctrl Pts',(-18.6106298145849,24.,2.06628267382281));
#10849=CARTESIAN_POINT('Ctrl Pts',(-18.2903159755191,19.,2.1753432358357));
#10850=CARTESIAN_POINT('Ctrl Pts',(-18.2903159755191,24.,2.1753432358357));
#10851=CARTESIAN_POINT('Ctrl Pts',(-17.9716983305717,19.,2.28962035678572));
#10852=CARTESIAN_POINT('Ctrl Pts',(-17.9716983305717,24.,2.28962035678572));
#10853=CARTESIAN_POINT('Ctrl Pts',(-17.5631931171205,19.,2.48210647611507));
#10854=CARTESIAN_POINT('Ctrl Pts',(-17.5631931171205,24.,2.48210647611507));
#10855=CARTESIAN_POINT('Ctrl Pts',(-17.1847739335527,19.,2.73725667023407));
#10856=CARTESIAN_POINT('Ctrl Pts',(-17.1847739335527,24.,2.73725667023407));
#10857=CARTESIAN_POINT('Ctrl Pts',(-16.9315235917508,19.,3.04382135692704));
#10858=CARTESIAN_POINT('Ctrl Pts',(-16.9315235917508,24.,3.04382135692704));
#10859=CARTESIAN_POINT('Ctrl Pts',(-16.8140888751432,19.,3.23717797637191));
#10860=CARTESIAN_POINT('Ctrl Pts',(-16.8140888751432,24.,3.23717797637191));
#10861=CARTESIAN_POINT('Ctrl Pts',(-16.7471828892856,19.,3.392757795746));
#10862=CARTESIAN_POINT('Ctrl Pts',(-16.7471828892856,24.,3.392757795746));
#10863=CARTESIAN_POINT('Ctrl Pts',(-16.6956044936947,19.,3.55465288362171));
#10864=CARTESIAN_POINT('Ctrl Pts',(-16.6956044936947,24.,3.55465288362171));
#10865=CARTESIAN_POINT('Ctrl Pts',(-16.6428717934189,19.,3.77472745261953));
#10866=CARTESIAN_POINT('Ctrl Pts',(-16.6428717934189,24.,3.77472745261953));
#10867=CARTESIAN_POINT('Ctrl Pts',(-16.6359277677868,19.,3.94413580263363));
#10868=CARTESIAN_POINT('Ctrl Pts',(-16.6359277677868,24.,3.94413580263363));
#10869=CARTESIAN_POINT('Ctrl Pts',(-16.6329993977062,19.,4.05718469471433));
#10870=CARTESIAN_POINT('Ctrl Pts',(-16.6329993977062,24.,4.05718469471433));
#10871=CARTESIAN_POINT('',(-20.8840042732204,19.,1.40264039533523));
#10872=CARTESIAN_POINT('',(-20.8840042732204,23.5000000000018,1.40264039533523));
#10873=CARTESIAN_POINT('Ctrl Pts',(-16.6329993977062,19.,4.05718469471433));
#10874=CARTESIAN_POINT('Ctrl Pts',(-16.6359277677868,19.,3.94413580263363));
#10875=CARTESIAN_POINT('Ctrl Pts',(-16.6428717934189,19.,3.77472745261953));
#10876=CARTESIAN_POINT('Ctrl Pts',(-16.6956044936947,19.,3.55465288362171));
#10877=CARTESIAN_POINT('Ctrl Pts',(-16.7471828892856,19.,3.392757795746));
#10878=CARTESIAN_POINT('Ctrl Pts',(-16.8140888751432,19.,3.23717797637191));
#10879=CARTESIAN_POINT('Ctrl Pts',(-16.9315235917508,19.,3.04382135692704));
#10880=CARTESIAN_POINT('Ctrl Pts',(-17.1847739335527,19.,2.73725667023407));
#10881=CARTESIAN_POINT('Ctrl Pts',(-17.5631931171205,19.,2.48210647611507));
#10882=CARTESIAN_POINT('Ctrl Pts',(-17.9716983305717,19.,2.28962035678572));
#10883=CARTESIAN_POINT('Ctrl Pts',(-18.2903159755191,19.,2.1753432358357));
#10884=CARTESIAN_POINT('Ctrl Pts',(-18.6106298145849,19.,2.06628267382281));
#10885=CARTESIAN_POINT('Ctrl Pts',(-18.9335040330046,19.,1.96514445894548));
#10886=CARTESIAN_POINT('Ctrl Pts',(-19.2574768410733,19.,1.86753706866141));
#10887=CARTESIAN_POINT('Ctrl Pts',(-19.6892265072447,19.,1.73672871589358));
#10888=CARTESIAN_POINT('Ctrl Pts',(-20.2322477765678,19.,1.58461263671647));
#10889=CARTESIAN_POINT('Ctrl Pts',(-20.6668670013193,19.,1.46370877248171));
#10890=CARTESIAN_POINT('Ctrl Pts',(-20.8840042732204,19.,1.40264039533523));
#10891=CARTESIAN_POINT('Ctrl Pts',(-25.9826142260099,19.,-3.89738030340078));
#10892=CARTESIAN_POINT('Ctrl Pts',(-25.9826142260099,24.,-3.89738030340078));
#10893=CARTESIAN_POINT('Ctrl Pts',(-25.97676034314,19.,-3.73025259924999));
#10894=CARTESIAN_POINT('Ctrl Pts',(-25.97676034314,24.0000000000001,-3.73025259924999));
#10895=CARTESIAN_POINT('Ctrl Pts',(-25.965208495745,19.,-3.39607263345355));
#10896=CARTESIAN_POINT('Ctrl Pts',(-25.965208495745,24.,-3.39607263345355));
#10897=CARTESIAN_POINT('Ctrl Pts',(-25.8927736583883,19.,-2.89928528830787));
#10898=CARTESIAN_POINT('Ctrl Pts',(-25.8927736583883,24.,-2.89928528830787));
#10899=CARTESIAN_POINT('Ctrl Pts',(-25.7682812044562,19.,-2.41257584849148));
#10900=CARTESIAN_POINT('Ctrl Pts',(-25.7682812044562,24.,-2.41257584849148));
#10901=CARTESIAN_POINT('Ctrl Pts',(-25.5420611890475,19.,-1.78282556146338));
#10902=CARTESIAN_POINT('Ctrl Pts',(-25.5420611890475,24.0000000000001,-1.78282556146338));
#10903=CARTESIAN_POINT('Ctrl Pts',(-25.1423283342516,19.,-1.04367075080976));
#10904=CARTESIAN_POINT('Ctrl Pts',(-25.1423283342516,24.,-1.04367075080976));
#10905=CARTESIAN_POINT('Ctrl Pts',(-24.6011210000394,19.,-0.401521296040994));
#10906=CARTESIAN_POINT('Ctrl Pts',(-24.6011210000394,24.0000000000001,-0.401521296040994));
#10907=CARTESIAN_POINT('Ctrl Pts',(-24.0971111205482,19.,0.0395988639568366));
#10908=CARTESIAN_POINT('Ctrl Pts',(-24.0971111205482,24.,0.0395988639568366));
#10909=CARTESIAN_POINT('Ctrl Pts',(-23.6845212052297,19.,0.32597329657393));
#10910=CARTESIAN_POINT('Ctrl Pts',(-23.6845212052297,24.,0.32597329657393));
#10911=CARTESIAN_POINT('Ctrl Pts',(-23.3146772756746,19.,0.521129390478348));
#10912=CARTESIAN_POINT('Ctrl Pts',(-23.3146772756746,24.,0.521129390478348));
#10913=CARTESIAN_POINT('Ctrl Pts',(-23.0145974323997,19.,0.668024253663828));
#10914=CARTESIAN_POINT('Ctrl Pts',(-23.0145974323997,24.,0.668024253663828));
#10915=CARTESIAN_POINT('Ctrl Pts',(-22.7074841274437,19.,0.799724018600046));
#10916=CARTESIAN_POINT('Ctrl Pts',(-22.7074841274437,24.0000000000001,0.799724018600046));
#10917=CARTESIAN_POINT('Ctrl Pts',(-22.3197423233116,19.,0.955449918684841));
#10918=CARTESIAN_POINT('Ctrl Pts',(-22.3197423233116,24.,0.955449918684841));
#10919=CARTESIAN_POINT('Ctrl Pts',(-21.8447656116389,19.,1.11562232064746));
#10920=CARTESIAN_POINT('Ctrl Pts',(-21.8447656116389,24.,1.11562232064746));
#10921=CARTESIAN_POINT('Ctrl Pts',(-21.3670521068634,19.,1.26727483116604));
#10922=CARTESIAN_POINT('Ctrl Pts',(-21.3670521068634,24.0000000000001,1.26727483116604));
#10923=CARTESIAN_POINT('Ctrl Pts',(-21.0453165035569,19.,1.35743237624562));
#10924=CARTESIAN_POINT('Ctrl Pts',(-21.0453165035569,24.,1.35743237624562));
#10925=CARTESIAN_POINT('Ctrl Pts',(-20.8844473198538,19.,1.4025160114678));
#10926=CARTESIAN_POINT('Ctrl Pts',(-20.8844473198538,24.0000000000001,1.4025160114678));
#10927=CARTESIAN_POINT('Ctrl Pts',(-20.8843732741256,19.,1.40253676280451));
#10928=CARTESIAN_POINT('Ctrl Pts',(-20.8843732741256,24.0000000000001,1.40253676280451));
#10929=CARTESIAN_POINT('Ctrl Pts',(-20.8842992283975,19.,1.40255751414122));
#10930=CARTESIAN_POINT('Ctrl Pts',(-20.8842992283975,24.0000000000001,1.40255751414122));
#10931=CARTESIAN_POINT('Ctrl Pts',(-20.8842251826693,19.,1.40257826547793));
#10932=CARTESIAN_POINT('Ctrl Pts',(-20.8842251826693,24.0000000000001,1.40257826547793));
#10933=CARTESIAN_POINT('',(-25.9826142260099,19.,-3.89738030340074));
#10934=CARTESIAN_POINT('',(-25.9826142260099,23.5000000000035,-3.89738030340074));
#10935=CARTESIAN_POINT('Ctrl Pts',(-20.8844473198538,19.,1.4025160114678));
#10936=CARTESIAN_POINT('Ctrl Pts',(-21.0453165035569,19.,1.35743237624562));
#10937=CARTESIAN_POINT('Ctrl Pts',(-21.3670521068634,19.,1.26727483116604));
#10938=CARTESIAN_POINT('Ctrl Pts',(-21.8447656116389,19.,1.11562232064746));
#10939=CARTESIAN_POINT('Ctrl Pts',(-22.3197423233116,19.,0.955449918684841));
#10940=CARTESIAN_POINT('Ctrl Pts',(-22.7074841274437,19.,0.799724018600046));
#10941=CARTESIAN_POINT('Ctrl Pts',(-23.0145974323997,19.,0.668024253663828));
#10942=CARTESIAN_POINT('Ctrl Pts',(-23.3146772756746,19.,0.521129390478348));
#10943=CARTESIAN_POINT('Ctrl Pts',(-23.6845212052297,19.,0.32597329657393));
#10944=CARTESIAN_POINT('Ctrl Pts',(-24.0971111205482,19.,0.0395988639568366));
#10945=CARTESIAN_POINT('Ctrl Pts',(-24.6011210000394,19.,-0.401521296040994));
#10946=CARTESIAN_POINT('Ctrl Pts',(-25.1423283342516,19.,-1.04367075080976));
#10947=CARTESIAN_POINT('Ctrl Pts',(-25.5420611890475,19.,-1.78282556146338));
#10948=CARTESIAN_POINT('Ctrl Pts',(-25.7682812044562,19.,-2.41257584849148));
#10949=CARTESIAN_POINT('Ctrl Pts',(-25.8927736583883,19.,-2.89928528830787));
#10950=CARTESIAN_POINT('Ctrl Pts',(-25.965208495745,19.,-3.39607263345355));
#10951=CARTESIAN_POINT('Ctrl Pts',(-25.97676034314,19.,-3.73025259924999));
#10952=CARTESIAN_POINT('Ctrl Pts',(-25.9826142260099,19.,-3.89738030340078));
#10953=CARTESIAN_POINT('Origin',(-25.4829206563629,19.,-3.91488277339749));
#10954=CARTESIAN_POINT('',(-25.9825618030574,19.,-3.93382279800996));
#10955=CARTESIAN_POINT('',(-25.9825618030574,23.5000000000035,-3.93382279800996));
#10956=CARTESIAN_POINT('Origin',(-25.4829206563654,19.,-3.91488277339748));
#10957=CARTESIAN_POINT('Ctrl Pts',(-20.0167922482643,19.,-8.88660926253632));
#10958=CARTESIAN_POINT('Ctrl Pts',(-20.0167922482643,24.5,-8.88660926253632));
#10959=CARTESIAN_POINT('Ctrl Pts',(-20.198858050464,19.,-8.88305195796787));
#10960=CARTESIAN_POINT('Ctrl Pts',(-20.198858050464,24.5,-8.88305195796787));
#10961=CARTESIAN_POINT('Ctrl Pts',(-20.5629695839746,19.,-8.87606359008033));
#10962=CARTESIAN_POINT('Ctrl Pts',(-20.5629695839746,24.5,-8.87606359008033));
#10963=CARTESIAN_POINT('Ctrl Pts',(-21.1076492677028,19.,-8.84013855432275));
#10964=CARTESIAN_POINT('Ctrl Pts',(-21.1076492677028,24.5,-8.84013855432275));
#10965=CARTESIAN_POINT('Ctrl Pts',(-21.6489565050008,19.,-8.76324164648842));
#10966=CARTESIAN_POINT('Ctrl Pts',(-21.6489565050008,24.5,-8.76324164648842));
#10967=CARTESIAN_POINT('Ctrl Pts',(-22.3624072935523,19.,-8.61532371773209));
#10968=CARTESIAN_POINT('Ctrl Pts',(-22.3624072935523,24.5,-8.61532371773209));
#10969=CARTESIAN_POINT('Ctrl Pts',(-23.0563134238494,19.,-8.38360563942759));
#10970=CARTESIAN_POINT('Ctrl Pts',(-23.0563134238494,24.5,-8.38360563942759));
#10971=CARTESIAN_POINT('Ctrl Pts',(-23.7024327502286,19.,-8.04508626139823));
#10972=CARTESIAN_POINT('Ctrl Pts',(-23.7024327502286,24.5,-8.04508626139823));
#10973=CARTESIAN_POINT('Ctrl Pts',(-24.1582552659144,19.,-7.74180721744759));
#10974=CARTESIAN_POINT('Ctrl Pts',(-24.1582552659144,24.5,-7.74180721744759));
#10975=CARTESIAN_POINT('Ctrl Pts',(-24.5731187429003,19.,-7.38489321426262));
#10976=CARTESIAN_POINT('Ctrl Pts',(-24.5731187429003,24.5,-7.38489321426262));
#10977=CARTESIAN_POINT('Ctrl Pts',(-25.0619588772677,19.,-6.8427625796515));
#10978=CARTESIAN_POINT('Ctrl Pts',(-25.0619588772677,24.5,-6.8427625796515));
#10979=CARTESIAN_POINT('Ctrl Pts',(-25.4557484240295,19.,-6.22378055308168));
#10980=CARTESIAN_POINT('Ctrl Pts',(-25.4557484240295,24.5,-6.22378055308168));
#10981=CARTESIAN_POINT('Ctrl Pts',(-25.7290751357628,19.,-5.54769505688919));
#10982=CARTESIAN_POINT('Ctrl Pts',(-25.7290751357628,24.5,-5.54769505688919));
#10983=CARTESIAN_POINT('Ctrl Pts',(-25.8779371736163,19.,-5.02028929167561));
#10984=CARTESIAN_POINT('Ctrl Pts',(-25.8779371736163,24.5,-5.02028929167561));
#10985=CARTESIAN_POINT('Ctrl Pts',(-25.9622815135154,19.,-4.48010204923166));
#10986=CARTESIAN_POINT('Ctrl Pts',(-25.9622815135154,24.5,-4.48010204923166));
#10987=CARTESIAN_POINT('Ctrl Pts',(-25.9756581581203,19.,-4.11594215335987));
#10988=CARTESIAN_POINT('Ctrl Pts',(-25.9756581581203,24.5,-4.11594215335987));
#10989=CARTESIAN_POINT('Ctrl Pts',(-25.9825618030574,19.,-3.93382279800993));
#10990=CARTESIAN_POINT('Ctrl Pts',(-25.9825618030574,24.5,-3.93382279800993));
#10991=CARTESIAN_POINT('',(-20.0167922482646,19.,-8.88660926253632));
#10992=CARTESIAN_POINT('',(-20.0167922482646,23.5000000000053,-8.88660926253632));
#10993=CARTESIAN_POINT('Ctrl Pts',(-25.9825618030574,19.,-3.93382279800993));
#10994=CARTESIAN_POINT('Ctrl Pts',(-25.9756581581203,19.,-4.11594215335987));
#10995=CARTESIAN_POINT('Ctrl Pts',(-25.9622815135154,19.,-4.48010204923166));
#10996=CARTESIAN_POINT('Ctrl Pts',(-25.8779371736163,19.,-5.02028929167561));
#10997=CARTESIAN_POINT('Ctrl Pts',(-25.7290751357628,19.,-5.54769505688919));
#10998=CARTESIAN_POINT('Ctrl Pts',(-25.4557484240295,19.,-6.22378055308168));
#10999=CARTESIAN_POINT('Ctrl Pts',(-25.0619588772677,19.,-6.8427625796515));
#11000=CARTESIAN_POINT('Ctrl Pts',(-24.5731187429003,19.,-7.38489321426262));
#11001=CARTESIAN_POINT('Ctrl Pts',(-24.1582552659144,19.,-7.74180721744759));
#11002=CARTESIAN_POINT('Ctrl Pts',(-23.7024327502286,19.,-8.04508626139823));
#11003=CARTESIAN_POINT('Ctrl Pts',(-23.0563134238494,19.,-8.38360563942759));
#11004=CARTESIAN_POINT('Ctrl Pts',(-22.3624072935523,19.,-8.61532371773209));
#11005=CARTESIAN_POINT('Ctrl Pts',(-21.6489565050008,19.,-8.76324164648842));
#11006=CARTESIAN_POINT('Ctrl Pts',(-21.1076492677028,19.,-8.84013855432275));
#11007=CARTESIAN_POINT('Ctrl Pts',(-20.5629695839746,19.,-8.87606359008033));
#11008=CARTESIAN_POINT('Ctrl Pts',(-20.198858050464,19.,-8.88305195796787));
#11009=CARTESIAN_POINT('Ctrl Pts',(-20.0167922482643,19.,-8.88660926253632));
#11010=CARTESIAN_POINT('Origin',(-20.0070248298107,19.,-8.38670467410615));
#11011=CARTESIAN_POINT('',(-19.9984117192807,19.,-8.88663048292559));
#11012=CARTESIAN_POINT('',(-19.9984117192807,23.5000000000052,-8.88663048292559));
#11013=CARTESIAN_POINT('Origin',(-20.0070248298107,19.,-8.38670467410294));
#11014=CARTESIAN_POINT('Ctrl Pts',(-14.0724773626124,19.,-5.15083108576075));
#11015=CARTESIAN_POINT('Ctrl Pts',(-14.0724773626124,24.5,-5.15083108576075));
#11016=CARTESIAN_POINT('Ctrl Pts',(-14.1562059470001,19.,-5.44720832228169));
#11017=CARTESIAN_POINT('Ctrl Pts',(-14.1562059470001,24.5,-5.44720832228169));
#11018=CARTESIAN_POINT('Ctrl Pts',(-14.2688513716837,19.,-5.74586208586532));
#11019=CARTESIAN_POINT('Ctrl Pts',(-14.2688513716837,24.5,-5.74586208586532));
#11020=CARTESIAN_POINT('Ctrl Pts',(-14.4106615592876,19.,-6.03464506982859));
#11021=CARTESIAN_POINT('Ctrl Pts',(-14.4106615592876,24.5,-6.03464506982859));
#11022=CARTESIAN_POINT('Ctrl Pts',(-14.5487597997982,19.,-6.31586902593886));
#11023=CARTESIAN_POINT('Ctrl Pts',(-14.5487597997982,24.5,-6.31586902593886));
#11024=CARTESIAN_POINT('Ctrl Pts',(-14.7143764376713,19.,-6.58791603368588));
#11025=CARTESIAN_POINT('Ctrl Pts',(-14.7143764376713,24.5,-6.58791603368588));
#11026=CARTESIAN_POINT('Ctrl Pts',(-14.9092049439957,19.,-6.83885107269337));
#11027=CARTESIAN_POINT('Ctrl Pts',(-14.9092049439957,24.5,-6.83885107269337));
#11028=CARTESIAN_POINT('Ctrl Pts',(-14.9987888017368,19.,-6.95423320675983));
#11029=CARTESIAN_POINT('Ctrl Pts',(-14.9987888017368,24.5,-6.95423320675983));
#11030=CARTESIAN_POINT('Ctrl Pts',(-15.0996735276239,19.,-7.07235155897166));
#11031=CARTESIAN_POINT('Ctrl Pts',(-15.0996735276239,24.5,-7.07235155897166));
#11032=CARTESIAN_POINT('Ctrl Pts',(-15.2199222535396,19.,-7.19633018290051));
#11033=CARTESIAN_POINT('Ctrl Pts',(-15.2199222535396,24.5,-7.19633018290051));
#11034=CARTESIAN_POINT('Ctrl Pts',(-15.3209240209837,19.,-7.30046484251333));
#11035=CARTESIAN_POINT('Ctrl Pts',(-15.3209240209837,24.5,-7.30046484251333));
#11036=CARTESIAN_POINT('Ctrl Pts',(-15.4350853766914,19.,-7.40783288178339));
#11037=CARTESIAN_POINT('Ctrl Pts',(-15.4350853766914,24.5,-7.40783288178339));
#11038=CARTESIAN_POINT('Ctrl Pts',(-15.5659919717357,19.,-7.51983223640999));
#11039=CARTESIAN_POINT('Ctrl Pts',(-15.5659919717357,24.5,-7.51983223640999));
#11040=CARTESIAN_POINT('Ctrl Pts',(-15.6766197666468,19.,-7.61448172010957));
#11041=CARTESIAN_POINT('Ctrl Pts',(-15.6766197666468,24.5,-7.61448172010957));
#11042=CARTESIAN_POINT('Ctrl Pts',(-15.7991390812586,19.,-7.71293506998369));
#11043=CARTESIAN_POINT('Ctrl Pts',(-15.7991390812586,24.5,-7.71293506998369));
#11044=CARTESIAN_POINT('Ctrl Pts',(-15.9397086045259,19.,-7.810853668911));
#11045=CARTESIAN_POINT('Ctrl Pts',(-15.9397086045259,24.5,-7.810853668911));
#11046=CARTESIAN_POINT('Ctrl Pts',(-16.0601414271487,19.,-7.89474534743411));
#11047=CARTESIAN_POINT('Ctrl Pts',(-16.0601414271487,24.5,-7.89474534743411));
#11048=CARTESIAN_POINT('Ctrl Pts',(-16.1939458910798,19.,-7.97777330949851));
#11049=CARTESIAN_POINT('Ctrl Pts',(-16.1939458910798,24.5,-7.97777330949851));
#11050=CARTESIAN_POINT('Ctrl Pts',(-16.3422156312286,19.,-8.06048380327214));
#11051=CARTESIAN_POINT('Ctrl Pts',(-16.3422156312286,24.5,-8.06048380327214));
#11052=CARTESIAN_POINT('Ctrl Pts',(-16.4870214557914,19.,-8.14126199333893));
#11053=CARTESIAN_POINT('Ctrl Pts',(-16.4870214557914,24.5,-8.14126199333893));
#11054=CARTESIAN_POINT('Ctrl Pts',(-16.6281667092403,19.,-8.21218359412451));
#11055=CARTESIAN_POINT('Ctrl Pts',(-16.6281667092403,24.5,-8.21218359412451));
#11056=CARTESIAN_POINT('Ctrl Pts',(-16.7646555835541,19.,-8.27488895470357));
#11057=CARTESIAN_POINT('Ctrl Pts',(-16.7646555835541,24.5,-8.27488895470357));
#11058=CARTESIAN_POINT('Ctrl Pts',(-16.9167530244127,19.,-8.34476516197783));
#11059=CARTESIAN_POINT('Ctrl Pts',(-16.9167530244127,24.5,-8.34476516197783));
#11060=CARTESIAN_POINT('Ctrl Pts',(-17.0631147201557,19.,-8.40440307910102));
#11061=CARTESIAN_POINT('Ctrl Pts',(-17.0631147201557,24.5,-8.40440307910102));
#11062=CARTESIAN_POINT('Ctrl Pts',(-17.2027272508891,19.,-8.45506217328068));
#11063=CARTESIAN_POINT('Ctrl Pts',(-17.2027272508891,24.5,-8.45506217328068));
#11064=CARTESIAN_POINT('Ctrl Pts',(-17.3629459434031,19.,-8.51319831471996));
#11065=CARTESIAN_POINT('Ctrl Pts',(-17.3629459434031,24.5,-8.51319831471996));
#11066=CARTESIAN_POINT('Ctrl Pts',(-17.5141946008335,19.,-8.55961217247655));
#11067=CARTESIAN_POINT('Ctrl Pts',(-17.5141946008335,24.5,-8.55961217247655));
#11068=CARTESIAN_POINT('Ctrl Pts',(-17.6543553015429,19.,-8.5977404122141));
#11069=CARTESIAN_POINT('Ctrl Pts',(-17.6543553015429,24.5,-8.5977404122141));
#11070=CARTESIAN_POINT('Ctrl Pts',(-17.8258185504957,19.,-8.64438395658255));
#11071=CARTESIAN_POINT('Ctrl Pts',(-17.8258185504957,24.5,-8.64438395658255));
#11072=CARTESIAN_POINT('Ctrl Pts',(-17.9806643496161,19.,-8.678821264989));
#11073=CARTESIAN_POINT('Ctrl Pts',(-17.9806643496161,24.5,-8.678821264989));
#11074=CARTESIAN_POINT('Ctrl Pts',(-18.1154628917708,19.,-8.70639662278587));
#11075=CARTESIAN_POINT('Ctrl Pts',(-18.1154628917708,24.5,-8.70639662278587));
#11076=CARTESIAN_POINT('Ctrl Pts',(-18.4626767487984,19.,-8.77742518278753));
#11077=CARTESIAN_POINT('Ctrl Pts',(-18.4626767487984,24.5,-8.77742518278753));
#11078=CARTESIAN_POINT('Ctrl Pts',(-18.7662674579908,19.,-8.82003683722239));
#11079=CARTESIAN_POINT('Ctrl Pts',(-18.7662674579908,24.5,-8.82003683722239));
#11080=CARTESIAN_POINT('Ctrl Pts',(-19.0522107182345,19.,-8.84538205865459));
#11081=CARTESIAN_POINT('Ctrl Pts',(-19.0522107182345,24.5,-8.84538205865459));
#11082=CARTESIAN_POINT('Ctrl Pts',(-19.3780186948717,19.,-8.87426077852793));
#11083=CARTESIAN_POINT('Ctrl Pts',(-19.3780186948717,24.5,-8.87426077852793));
#11084=CARTESIAN_POINT('Ctrl Pts',(-19.6807405194066,19.,-8.88115739650266));
#11085=CARTESIAN_POINT('Ctrl Pts',(-19.6807405194066,24.5,-8.88115739650266));
#11086=CARTESIAN_POINT('Ctrl Pts',(-19.9984117192807,19.,-8.88663048292559));
#11087=CARTESIAN_POINT('Ctrl Pts',(-19.9984117192807,24.5,-8.88663048292559));
#11088=CARTESIAN_POINT('',(-14.0724773626124,19.,-5.15083108576075));
#11089=CARTESIAN_POINT('',(-14.0724773626124,23.5000000000042,-5.15083108576075));
#11090=CARTESIAN_POINT('Ctrl Pts',(-19.9984117192807,19.,-8.88663048292559));
#11091=CARTESIAN_POINT('Ctrl Pts',(-19.6807405194066,19.,-8.88115739650266));
#11092=CARTESIAN_POINT('Ctrl Pts',(-19.3780186948717,19.,-8.87426077852793));
#11093=CARTESIAN_POINT('Ctrl Pts',(-19.0522107182345,19.,-8.84538205865459));
#11094=CARTESIAN_POINT('Ctrl Pts',(-18.7662674579908,19.,-8.82003683722239));
#11095=CARTESIAN_POINT('Ctrl Pts',(-18.4626767487984,19.,-8.77742518278753));
#11096=CARTESIAN_POINT('Ctrl Pts',(-18.1154628917708,19.,-8.70639662278587));
#11097=CARTESIAN_POINT('Ctrl Pts',(-17.9806643496161,19.,-8.678821264989));
#11098=CARTESIAN_POINT('Ctrl Pts',(-17.8258185504957,19.,-8.64438395658255));
#11099=CARTESIAN_POINT('Ctrl Pts',(-17.6543553015429,19.,-8.5977404122141));
#11100=CARTESIAN_POINT('Ctrl Pts',(-17.5141946008335,19.,-8.55961217247655));
#11101=CARTESIAN_POINT('Ctrl Pts',(-17.3629459434031,19.,-8.51319831471996));
#11102=CARTESIAN_POINT('Ctrl Pts',(-17.2027272508891,19.,-8.45506217328068));
#11103=CARTESIAN_POINT('Ctrl Pts',(-17.0631147201557,19.,-8.40440307910102));
#11104=CARTESIAN_POINT('Ctrl Pts',(-16.9167530244127,19.,-8.34476516197783));
#11105=CARTESIAN_POINT('Ctrl Pts',(-16.7646555835541,19.,-8.27488895470357));
#11106=CARTESIAN_POINT('Ctrl Pts',(-16.6281667092403,19.,-8.21218359412451));
#11107=CARTESIAN_POINT('Ctrl Pts',(-16.4870214557914,19.,-8.14126199333893));
#11108=CARTESIAN_POINT('Ctrl Pts',(-16.3422156312286,19.,-8.06048380327214));
#11109=CARTESIAN_POINT('Ctrl Pts',(-16.1939458910798,19.,-7.97777330949851));
#11110=CARTESIAN_POINT('Ctrl Pts',(-16.0601414271487,19.,-7.89474534743412));
#11111=CARTESIAN_POINT('Ctrl Pts',(-15.9397086045259,19.,-7.810853668911));
#11112=CARTESIAN_POINT('Ctrl Pts',(-15.7991390812586,19.,-7.71293506998369));
#11113=CARTESIAN_POINT('Ctrl Pts',(-15.6766197666468,19.,-7.61448172010957));
#11114=CARTESIAN_POINT('Ctrl Pts',(-15.5659919717357,19.,-7.51983223640999));
#11115=CARTESIAN_POINT('Ctrl Pts',(-15.4350853766914,19.,-7.40783288178339));
#11116=CARTESIAN_POINT('Ctrl Pts',(-15.3209240209837,19.,-7.30046484251333));
#11117=CARTESIAN_POINT('Ctrl Pts',(-15.2199222535396,19.,-7.19633018290051));
#11118=CARTESIAN_POINT('Ctrl Pts',(-15.0996735276239,19.,-7.07235155897166));
#11119=CARTESIAN_POINT('Ctrl Pts',(-14.9987888017368,19.,-6.95423320675983));
#11120=CARTESIAN_POINT('Ctrl Pts',(-14.9092049439957,19.,-6.83885107269337));
#11121=CARTESIAN_POINT('Ctrl Pts',(-14.7143764376713,19.,-6.58791603368588));
#11122=CARTESIAN_POINT('Ctrl Pts',(-14.5487597997982,19.,-6.31586902593886));
#11123=CARTESIAN_POINT('Ctrl Pts',(-14.4106615592876,19.,-6.03464506982859));
#11124=CARTESIAN_POINT('Ctrl Pts',(-14.2688513716837,19.,-5.74586208586532));
#11125=CARTESIAN_POINT('Ctrl Pts',(-14.1562059470001,19.,-5.44720832228169));
#11126=CARTESIAN_POINT('Ctrl Pts',(-14.0724773626124,19.,-5.15083108576075));
#11127=CARTESIAN_POINT('Origin',(-14.5536448933434,19.,-5.01489798688393));
#11128=CARTESIAN_POINT('',(-14.1711153722489,19.,-4.69291791686217));
#11129=CARTESIAN_POINT('',(-14.1711153722489,23.5000000000041,-4.69291791686217));
#11130=CARTESIAN_POINT('Origin',(-14.5536448933434,19.,-5.01489798688393));
#11131=CARTESIAN_POINT('Origin',(-14.3812763876171,19.,-4.44323540528281));
#11132=CARTESIAN_POINT('',(-14.2563422436114,19.,-4.59166384146404));
#11133=CARTESIAN_POINT('',(-14.2563422436114,19.,-4.59166384146404));
#11134=CARTESIAN_POINT('',(-14.1711153722489,19.,-4.69291791686217));
#11135=CARTESIAN_POINT('Origin',(-19.942857908056,24.,0.343087036448158));
#11136=CARTESIAN_POINT('Ctrl Pts',(-15.1311120266819,19.,-4.54086380288725));
#11137=CARTESIAN_POINT('Ctrl Pts',(-15.1311120266819,20.5,-4.54086380288725));
#11138=CARTESIAN_POINT('Ctrl Pts',(-15.1311120266818,22.,-4.54086380288723));
#11139=CARTESIAN_POINT('Ctrl Pts',(-15.1311120266818,23.5,-4.54086380288723));
#11140=CARTESIAN_POINT('Ctrl Pts',(-16.2835158054374,19.,-4.89176753801751));
#11141=CARTESIAN_POINT('Ctrl Pts',(-16.2835158054374,20.5,-4.89176753801751));
#11142=CARTESIAN_POINT('Ctrl Pts',(-16.2835158054373,22.,-4.8917675380175));
#11143=CARTESIAN_POINT('Ctrl Pts',(-16.2835158054373,23.5,-4.8917675380175));
#11144=CARTESIAN_POINT('Ctrl Pts',(-17.4307431021914,19.,-5.25967131761));
#11145=CARTESIAN_POINT('Ctrl Pts',(-17.4307431021914,20.5,-5.25967131761));
#11146=CARTESIAN_POINT('Ctrl Pts',(-17.4307431021914,22.,-5.25967131761));
#11147=CARTESIAN_POINT('Ctrl Pts',(-17.4307431021914,23.5,-5.25967131761));
#11148=CARTESIAN_POINT('Ctrl Pts',(-18.5722947442987,19.,-5.64441506222503));
#11149=CARTESIAN_POINT('Ctrl Pts',(-18.5722947442987,20.5,-5.64441506222503));
#11150=CARTESIAN_POINT('Ctrl Pts',(-18.5722947442987,22.,-5.64441506222503));
#11151=CARTESIAN_POINT('Ctrl Pts',(-18.5722947442987,23.5,-5.64441506222503));
#11152=CARTESIAN_POINT('',(-18.5722947442987,19.,-5.64441506222499));
#11153=CARTESIAN_POINT('Ctrl Pts',(-18.5722947442987,23.5,-5.64441506222503));
#11154=CARTESIAN_POINT('Ctrl Pts',(-18.5722947442987,22.,-5.64441506222503));
#11155=CARTESIAN_POINT('Ctrl Pts',(-18.5722947442987,20.5,-5.64441506222503));
#11156=CARTESIAN_POINT('Ctrl Pts',(-18.5722947442987,19.,-5.64441506222503));
#11157=CARTESIAN_POINT('',(-15.1311120266819,19.,-4.54086380288725));
#11158=CARTESIAN_POINT('Ctrl Pts',(-15.1311120266819,19.,-4.54086380288725));
#11159=CARTESIAN_POINT('Ctrl Pts',(-15.7073165279766,19.,-4.71631646577383));
#11160=CARTESIAN_POINT('Ctrl Pts',(-16.2822191585999,19.,-4.89601648519854));
#11161=CARTESIAN_POINT('Ctrl Pts',(-17.4293268624486,19.,-5.26388191259874));
#11162=CARTESIAN_POINT('Ctrl Pts',(-18.0015163359243,19.,-5.45204231789786));
#11163=CARTESIAN_POINT('Ctrl Pts',(-18.5722947442987,19.,-5.64441506222503));
#11164=CARTESIAN_POINT('Ctrl Pts',(-15.1311120266819,19.,-4.54086380288725));
#11165=CARTESIAN_POINT('Ctrl Pts',(-15.1311120266819,20.5,-4.54086380288725));
#11166=CARTESIAN_POINT('Ctrl Pts',(-15.1311120266818,22.,-4.54086380288723));
#11167=CARTESIAN_POINT('Ctrl Pts',(-15.1311120266818,23.5,-4.54086380288723));
#11168=CARTESIAN_POINT('Origin',(-18.1339018682801,24.,-5.45520493110354));
#11169=CARTESIAN_POINT('',(-14.7845179665718,19.,-4.43532687866965));
#11170=CARTESIAN_POINT('',(-18.1339018682801,19.,-5.45520493110354));
#11171=CARTESIAN_POINT('',(-14.7845179665718,19.,-4.43532687866965));
#11172=CARTESIAN_POINT('Origin',(-14.6388717647059,19.,-4.9136439114858));
#11173=CARTESIAN_POINT('Origin',(-14.6388717647059,19.,-4.9136439114858));
#11174=CARTESIAN_POINT('Origin',(-34.1194461609652,23.500000000003,77.8581539293153));
#11175=CARTESIAN_POINT('',(-21.0301314512657,19.,-2.07725649954553));
#11176=CARTESIAN_POINT('',(-19.3442362897002,19.,-1.78287301265924));
#11177=CARTESIAN_POINT('Origin',(-34.1194461609652,19.,77.8581539293153));
#11178=CARTESIAN_POINT('',(-21.0301314512657,23.500000000003,-2.07725649954553));
#11179=CARTESIAN_POINT('',(-19.3442362897002,23.500000000003,-1.78287301265924));
#11180=CARTESIAN_POINT('Origin',(-20.7069384954706,24.,-4.05097033729518));
#11181=CARTESIAN_POINT('',(-20.3104737180785,19.,-6.01128043528668));
#11182=CARTESIAN_POINT('Origin',(-20.7069384954706,19.,-4.05097033729518));
#11183=CARTESIAN_POINT('Ctrl Pts',(-20.3104737180785,23.5,-6.01128043528668));
#11184=CARTESIAN_POINT('Ctrl Pts',(-20.3104737180785,22.,-6.01128043528668));
#11185=CARTESIAN_POINT('Ctrl Pts',(-20.3104737180785,20.5,-6.01128043528668));
#11186=CARTESIAN_POINT('Ctrl Pts',(-20.3104737180785,19.,-6.01128043528668));
#11187=CARTESIAN_POINT('Ctrl Pts',(-20.3104737180785,23.5,-6.01128043528668));
#11188=CARTESIAN_POINT('Ctrl Pts',(-20.3104737180785,22.,-6.01128043528668));
#11189=CARTESIAN_POINT('Ctrl Pts',(-20.3104737180785,20.5,-6.01128043528668));
#11190=CARTESIAN_POINT('Ctrl Pts',(-20.3104737180785,19.,-6.01128043528668));
#11191=CARTESIAN_POINT('Ctrl Pts',(-19.8880343973086,23.5,-5.92584379368475));
#11192=CARTESIAN_POINT('Ctrl Pts',(-19.8880343973086,22.,-5.92584379368475));
#11193=CARTESIAN_POINT('Ctrl Pts',(-19.8880343973086,20.5,-5.92584379368475));
#11194=CARTESIAN_POINT('Ctrl Pts',(-19.8880343973086,19.,-5.92584379368475));
#11195=CARTESIAN_POINT('Ctrl Pts',(-19.464913163659,23.5,-5.84377885547949));
#11196=CARTESIAN_POINT('Ctrl Pts',(-19.464913163659,22.,-5.84377885547949));
#11197=CARTESIAN_POINT('Ctrl Pts',(-19.464913163659,20.5,-5.84377885547949));
#11198=CARTESIAN_POINT('Ctrl Pts',(-19.464913163659,19.,-5.84377885547949));
#11199=CARTESIAN_POINT('Ctrl Pts',(-19.0411639222236,23.5,-5.76509607563707));
#11200=CARTESIAN_POINT('Ctrl Pts',(-19.0411639222236,22.,-5.76509607563707));
#11201=CARTESIAN_POINT('Ctrl Pts',(-19.0411639222236,20.5,-5.76509607563707));
#11202=CARTESIAN_POINT('Ctrl Pts',(-19.0411639222236,19.,-5.76509607563707));
#11203=CARTESIAN_POINT('',(-19.0411639222236,19.,-5.76509607563706));
#11204=CARTESIAN_POINT('Ctrl Pts',(-19.0411639222237,19.,-5.76509607563708));
#11205=CARTESIAN_POINT('Ctrl Pts',(-19.253038824124,19.,-5.80443751776897));
#11206=CARTESIAN_POINT('Ctrl Pts',(-19.464755883556,19.,-5.84462432717073));
#11207=CARTESIAN_POINT('Ctrl Pts',(-19.8878642024606,19.,-5.92668676054367));
#11208=CARTESIAN_POINT('Ctrl Pts',(-20.0992537773799,19.,-5.96856205779343));
#11209=CARTESIAN_POINT('Ctrl Pts',(-20.3104737180785,19.,-6.01128043528668));
#11210=CARTESIAN_POINT('Ctrl Pts',(-19.0411639222236,19.,-5.76509607563707));
#11211=CARTESIAN_POINT('Ctrl Pts',(-19.0411639222236,20.5,-5.76509607563707));
#11212=CARTESIAN_POINT('Ctrl Pts',(-19.0411639222236,22.,-5.76509607563707));
#11213=CARTESIAN_POINT('Ctrl Pts',(-19.0411639222236,23.5,-5.76509607563707));
#11214=CARTESIAN_POINT('Ctrl Pts',(-20.006434502146,19.,-5.84746875793246));
#11215=CARTESIAN_POINT('Ctrl Pts',(-20.006434502146,24.5,-5.84746875793246));
#11216=CARTESIAN_POINT('Ctrl Pts',(-19.7064221421731,19.,-5.83858164361605));
#11217=CARTESIAN_POINT('Ctrl Pts',(-19.7064221421731,24.5,-5.83858164361605));
#11218=CARTESIAN_POINT('Ctrl Pts',(-19.390157171786,19.,-5.82950622245142));
#11219=CARTESIAN_POINT('Ctrl Pts',(-19.390157171786,24.5,-5.82950622245142));
#11220=CARTESIAN_POINT('Ctrl Pts',(-18.7281904210856,19.,-5.7073380988099));
#11221=CARTESIAN_POINT('Ctrl Pts',(-18.7281904210856,24.5,-5.7073380988099));
#11222=CARTESIAN_POINT('Ctrl Pts',(-18.4176133316593,19.,-5.60836326507708));
#11223=CARTESIAN_POINT('Ctrl Pts',(-18.4176133316593,24.5,-5.60836326507708));
#11224=CARTESIAN_POINT('Ctrl Pts',(-18.1339018682801,19.,-5.45520493110354));
#11225=CARTESIAN_POINT('Ctrl Pts',(-18.1339018682801,24.5,-5.45520493110354));
#11226=CARTESIAN_POINT('Ctrl Pts',(-18.5722947592181,19.,-5.64441501795419));
#11227=CARTESIAN_POINT('Ctrl Pts',(-18.7252285546509,19.,-5.69595919414785));
#11228=CARTESIAN_POINT('Ctrl Pts',(-18.8823724197906,19.,-5.73561128696739));
#11229=CARTESIAN_POINT('Ctrl Pts',(-19.0411639222237,19.,-5.76509607563695));
#11230=CARTESIAN_POINT('Origin',(0.,19.,0.));
#11231=CARTESIAN_POINT('',(69.5,19.,-8.));
#11232=CARTESIAN_POINT('',(66.,19.,-11.5));
#11233=CARTESIAN_POINT('Origin',(66.,19.,-8.));
#11234=CARTESIAN_POINT('',(-66.,19.,-11.5));
#11235=CARTESIAN_POINT('',(66.,19.,-11.5));
#11236=CARTESIAN_POINT('',(-69.5,19.,-8.));
#11237=CARTESIAN_POINT('Origin',(-66.,19.,-8.));
#11238=CARTESIAN_POINT('',(-69.5,19.,8.));
#11239=CARTESIAN_POINT('',(-69.5,19.,-8.));
#11240=CARTESIAN_POINT('',(-66.,19.,11.5));
#11241=CARTESIAN_POINT('Origin',(-66.,19.,8.));
#11242=CARTESIAN_POINT('',(66.,19.,11.5));
#11243=CARTESIAN_POINT('',(-66.,19.,11.5));
#11244=CARTESIAN_POINT('',(69.5,19.,8.));
#11245=CARTESIAN_POINT('Origin',(66.,19.,8.));
#11246=CARTESIAN_POINT('',(69.5,19.,8.));
#11247=CARTESIAN_POINT('',(13.1024625432842,19.,8.84697745197436));
#11248=CARTESIAN_POINT('',(13.1024625432842,19.,3.77448342851442));
#11249=CARTESIAN_POINT('',(12.6024625432842,19.,9.34697745197436));
#11250=CARTESIAN_POINT('Origin',(12.6024625432842,19.,8.84697745197436));
#11251=CARTESIAN_POINT('',(10.3297352705569,19.,9.34697745197436));
#11252=CARTESIAN_POINT('',(12.6024625432842,19.,9.34697745197436));
#11253=CARTESIAN_POINT('',(9.82973527055691,19.,8.84697745197436));
#11254=CARTESIAN_POINT('Origin',(10.3297352705569,19.,8.84697745197436));
#11255=CARTESIAN_POINT('',(9.82973527055691,19.,-8.15302254802564));
#11256=CARTESIAN_POINT('',(9.82973527055691,19.,8.84697745197436));
#11257=CARTESIAN_POINT('',(10.3297352705569,19.,-8.65302254802564));
#11258=CARTESIAN_POINT('Origin',(10.3297352705569,19.,-8.15302254802564));
#11259=CARTESIAN_POINT('',(16.6327900647919,19.,-8.65302254802564));
#11260=CARTESIAN_POINT('',(10.3297352705569,19.,-8.65302254802564));
#11261=CARTESIAN_POINT('',(22.9204943929096,19.,-3.62169849863943));
#11262=CARTESIAN_POINT('Ctrl Pts',(16.6362583924154,19.,-8.65301051858442));
#11263=CARTESIAN_POINT('Ctrl Pts',(17.0236978208405,19.,-8.65032292017957));
#11264=CARTESIAN_POINT('Ctrl Pts',(17.6052648355472,19.,-8.64587153742879));
#11265=CARTESIAN_POINT('Ctrl Pts',(18.378013586917,19.,-8.58632566162918));
#11266=CARTESIAN_POINT('Ctrl Pts',(18.9565819081264,19.,-8.52876633393186));
#11267=CARTESIAN_POINT('Ctrl Pts',(19.5292803673018,19.,-8.42761128230284));
#11268=CARTESIAN_POINT('Ctrl Pts',(20.0939473695132,19.,-8.28539350691005));
#11269=CARTESIAN_POINT('Ctrl Pts',(20.6308378395813,19.,-8.05706574043005));
#11270=CARTESIAN_POINT('Ctrl Pts',(21.1207603445663,19.,-7.73842902885928));
#11271=CARTESIAN_POINT('Ctrl Pts',(21.55814893413,19.,-7.35319158705097));
#11272=CARTESIAN_POINT('Ctrl Pts',(21.9341749755229,19.,-6.90720750100114));
#11273=CARTESIAN_POINT('Ctrl Pts',(22.2518696969136,19.,-6.4188032704496));
#11274=CARTESIAN_POINT('Ctrl Pts',(22.51027711624,19.,-5.89719786050925));
#11275=CARTESIAN_POINT('Ctrl Pts',(22.6724421492407,19.,-5.43960491011115));
#11276=CARTESIAN_POINT('Ctrl Pts',(22.7691997785884,19.,-5.06430575141296));
#11277=CARTESIAN_POINT('Ctrl Pts',(22.8417689350255,19.,-4.68345237075268));
#11278=CARTESIAN_POINT('Ctrl Pts',(22.9102417946012,19.,-4.20339858745003));
#11279=CARTESIAN_POINT('Ctrl Pts',(22.9173551096693,19.,-3.81541544246556));
#11280=CARTESIAN_POINT('Ctrl Pts',(22.9204943929096,19.,-3.62169849863943));
#11281=CARTESIAN_POINT('Origin',(22.4205600346767,19.,-3.61359680386215));
#11282=CARTESIAN_POINT('',(-13.5940241976137,19.,4.1170177858324));
#11283=CARTESIAN_POINT('Ctrl Pts',(-19.3414252502724,19.,-1.78209243544234));
#11284=CARTESIAN_POINT('Ctrl Pts',(-19.159711130069,19.,-1.73106207887443));
#11285=CARTESIAN_POINT('Ctrl Pts',(-18.7962191072591,19.,-1.62921452582288));
#11286=CARTESIAN_POINT('Ctrl Pts',(-18.2566155794144,19.,-1.45760780689097));
#11287=CARTESIAN_POINT('Ctrl Pts',(-17.718813502309,19.,-1.280476953686));
#11288=CARTESIAN_POINT('Ctrl Pts',(-17.1882062130097,19.,-1.08228407349143));
#11289=CARTESIAN_POINT('Ctrl Pts',(-16.6689078644302,19.,-0.856289336837396));
#11290=CARTESIAN_POINT('Ctrl Pts',(-16.1601801059773,19.,-0.606844412687528));
#11291=CARTESIAN_POINT('Ctrl Pts',(-15.6768646848388,19.,-0.310294451301607));
#11292=CARTESIAN_POINT('Ctrl Pts',(-15.2317657081151,19.,0.0421818898743472));
#11293=CARTESIAN_POINT('Ctrl Pts',(-14.8252379257949,19.,0.437898470840109));
#11294=CARTESIAN_POINT('Ctrl Pts',(-14.3592463309567,19.,1.0350337829064));
#11295=CARTESIAN_POINT('Ctrl Pts',(-13.9204851760434,19.,1.87837247482666));
#11296=CARTESIAN_POINT('Ctrl Pts',(-13.6845800914382,19.,2.79875449378552));
#11297=CARTESIAN_POINT('Ctrl Pts',(-13.6093061832528,19.,3.55080699938671));
#11298=CARTESIAN_POINT('Ctrl Pts',(-13.5991702062762,19.,3.92825132661596));
#11299=CARTESIAN_POINT('Ctrl Pts',(-13.5940241976137,19.,4.11701778583241));
#11300=CARTESIAN_POINT('',(-13.5940481658372,19.,4.14512142057446));
#11301=CARTESIAN_POINT('Origin',(-14.0938385072401,19.,4.13064334610224));
#11302=CARTESIAN_POINT('',(-19.9650740496508,19.,9.58057243527009));
#11303=CARTESIAN_POINT('Ctrl Pts',(-13.5940481658372,19.,4.14512142057445));
#11304=CARTESIAN_POINT('Ctrl Pts',(-13.5997691586077,19.,4.34261294027817));
#11305=CARTESIAN_POINT('Ctrl Pts',(-13.6118019577728,19.,4.73769105895653));
#11306=CARTESIAN_POINT('Ctrl Pts',(-13.6936483173672,19.,5.325944432989));
#11307=CARTESIAN_POINT('Ctrl Pts',(-13.8444883173359,19.,5.90030859054897));
#11308=CARTESIAN_POINT('Ctrl Pts',(-14.0186656276651,19.,6.36313251545447));
#11309=CARTESIAN_POINT('Ctrl Pts',(-14.1923081091959,19.,6.7184289231156));
#11310=CARTESIAN_POINT('Ctrl Pts',(-14.3351233362134,19.,6.97843367416207));
#11311=CARTESIAN_POINT('Ctrl Pts',(-14.4935020447161,19.,7.22898073081203));
#11312=CARTESIAN_POINT('Ctrl Pts',(-14.7277683113493,19.,7.54741070987453));
#11313=CARTESIAN_POINT('Ctrl Pts',(-15.0461078330878,19.,7.92588673473342));
#11314=CARTESIAN_POINT('Ctrl Pts',(-15.4766763699086,19.,8.33564643695002));
#11315=CARTESIAN_POINT('Ctrl Pts',(-15.9642819538297,19.,8.67535952383658));
#11316=CARTESIAN_POINT('Ctrl Pts',(-16.4884831231023,19.,8.95500517434328));
#11317=CARTESIAN_POINT('Ctrl Pts',(-17.042370306491,19.,9.16780032851633));
#11318=CARTESIAN_POINT('Ctrl Pts',(-17.6112101642364,19.,9.33731303467639));
#11319=CARTESIAN_POINT('Ctrl Pts',(-18.1928649240009,19.,9.45220019428532));
#11320=CARTESIAN_POINT('Ctrl Pts',(-18.7813273013117,19.,9.52833902174412));
#11321=CARTESIAN_POINT('Ctrl Pts',(-19.3723725757415,19.,9.57051265818491));
#11322=CARTESIAN_POINT('Ctrl Pts',(-19.7675115628168,19.,9.57706742916173));
#11323=CARTESIAN_POINT('Ctrl Pts',(-19.9650740496509,19.,9.58057243527009));
#11324=CARTESIAN_POINT('',(-19.9843841017685,19.,9.58054208208294));
#11325=CARTESIAN_POINT('Origin',(-19.973943280573,19.,9.08065110471612));
#11326=CARTESIAN_POINT('',(-26.2821635880298,19.,4.39993204670982));
#11327=CARTESIAN_POINT('Ctrl Pts',(-19.9843841017685,19.,9.58054208208294));
#11328=CARTESIAN_POINT('Ctrl Pts',(-20.4946041402775,19.,9.56988552608647));
#11329=CARTESIAN_POINT('Ctrl Pts',(-21.3627141263439,19.0000000000002,9.5527094122527));
#11330=CARTESIAN_POINT('Ctrl Pts',(-22.3131691687998,19.0000000000002,9.2663865941375));
#11331=CARTESIAN_POINT('Ctrl Pts',(-23.2102917569991,19.0000000000002,8.99613007891687));
#11332=CARTESIAN_POINT('Ctrl Pts',(-23.8024658993161,19.,8.59976115723182));
#11333=CARTESIAN_POINT('Ctrl Pts',(-24.1929497191424,19.,8.27925024094233));
#11334=CARTESIAN_POINT('Ctrl Pts',(-24.419390878243,19.,8.09338629548801));
#11335=CARTESIAN_POINT('Ctrl Pts',(-25.0183051802083,19.0000000000003,7.57147676961505));
#11336=CARTESIAN_POINT('Ctrl Pts',(-25.5230820903091,19.0000000000003,6.62396062830272));
#11337=CARTESIAN_POINT('Ctrl Pts',(-25.9530217351799,19.0000000000003,5.81692142909741));
#11338=CARTESIAN_POINT('Ctrl Pts',(-26.1643967585463,19.,4.9886394978744));
#11339=CARTESIAN_POINT('Ctrl Pts',(-26.2821635880298,19.,4.39993204670982));
#11340=CARTESIAN_POINT('',(-25.9849071542793,19.,3.84061678695339));
#11341=CARTESIAN_POINT('Origin',(-25.7918773088719,19.,4.30185368788607));
#11342=CARTESIAN_POINT('',(-25.716561884119,19.,3.72831301006537));
#11343=CARTESIAN_POINT('',(30.3501088962265,19.,9.34697745197436));
#11344=CARTESIAN_POINT('',(28.8060851310494,19.,9.34697745197436));
#11345=CARTESIAN_POINT('',(30.3501088962265,19.,9.34697745197436));
#11346=CARTESIAN_POINT('',(28.3060851310494,19.,8.84697745197436));
#11347=CARTESIAN_POINT('Origin',(28.8060851310494,19.,8.84697745197436));
#11348=CARTESIAN_POINT('',(28.3060851310494,19.,7.91047593837394));
#11349=CARTESIAN_POINT('',(28.3060851310494,19.,8.84697745197436));
#11350=CARTESIAN_POINT('',(28.810930008797,19.,4.93855072920933));
#11351=CARTESIAN_POINT('Origin',(37.3060851310494,19.,7.91047593837394));
#11352=CARTESIAN_POINT('',(33.4486160319724,19.,-8.31812950409033));
#11353=CARTESIAN_POINT('',(28.810930008797,19.,4.93855072920933));
#11354=CARTESIAN_POINT('',(33.9205690943198,19.,-8.65302254802564));
#11355=CARTESIAN_POINT('Origin',(33.9205690943198,19.,-8.15302254802564));
#11356=CARTESIAN_POINT('',(36.7466936545863,19.,-8.65302254802564));
#11357=CARTESIAN_POINT('',(33.9205690943198,19.,-8.65302254802564));
#11358=CARTESIAN_POINT('',(37.2186467169336,19.,-8.31812950409034));
#11359=CARTESIAN_POINT('Origin',(36.7466936545863,19.,-8.15302254802564));
#11360=CARTESIAN_POINT('',(41.8537751292973,19.,4.93123987881448));
#11361=CARTESIAN_POINT('',(37.2186467169336,19.,-8.31812950409034));
#11362=CARTESIAN_POINT('',(42.3586200070448,19.,7.9031650879791));
#11363=CARTESIAN_POINT('Origin',(33.3586200070448,19.,7.9031650879791));
#11364=CARTESIAN_POINT('',(42.3586200070448,19.,8.84697745197436));
#11365=CARTESIAN_POINT('',(42.3586200070448,19.,7.9031650879791));
#11366=CARTESIAN_POINT('',(41.8586200070448,19.,9.34697745197436));
#11367=CARTESIAN_POINT('Origin',(41.8586200070448,19.,8.84697745197436));
#11368=CARTESIAN_POINT('',(40.3168409993679,19.,9.34697745197436));
#11369=CARTESIAN_POINT('',(41.8586200070448,19.,9.34697745197436));
#11370=CARTESIAN_POINT('',(39.8430684789561,19.,9.00678858707651));
#11371=CARTESIAN_POINT('Origin',(40.3168409993679,19.,8.84697745197436));
#11372=CARTESIAN_POINT('',(39.0189456645363,19.,6.56361250509087));
#11373=CARTESIAN_POINT('',(39.8430684789561,19.,9.00678858707651));
#11374=CARTESIAN_POINT('',(37.360741843095,19.,5.37295147794839));
#11375=CARTESIAN_POINT('Origin',(37.360741843095,19.,7.12295147794839));
#11376=CARTESIAN_POINT('',(33.3039632949992,19.,5.37295147794839));
#11377=CARTESIAN_POINT('',(37.360741843095,19.,5.37295147794839));
#11378=CARTESIAN_POINT('',(31.6452983312584,19.,6.56498146257235));
#11379=CARTESIAN_POINT('Origin',(33.3039632949992,19.,7.12295147794839));
#11380=CARTESIAN_POINT('',(30.824013171581,19.,9.00639745636752));
#11381=CARTESIAN_POINT('',(31.6452983312584,19.,6.56498146257235));
#11382=CARTESIAN_POINT('Origin',(30.3501088962265,19.,8.84697745197436));
#11383=CARTESIAN_POINT('',(-61.2962387554171,19.,-8.65302254802564));
#11384=CARTESIAN_POINT('',(-59.0235114826898,19.,-8.65302254802564));
#11385=CARTESIAN_POINT('',(-61.2962387554171,19.,-8.65302254802564));
#11386=CARTESIAN_POINT('',(-58.5235114826898,19.,-8.15302254802564));
#11387=CARTESIAN_POINT('Origin',(-59.0235114826898,19.,-8.15302254802564));
#11388=CARTESIAN_POINT('',(-58.5235114826898,19.,4.55801641301332));
#11389=CARTESIAN_POINT('',(-58.5235114826898,19.,-8.15302254802564));
#11390=CARTESIAN_POINT('',(-56.7735114826898,19.,6.30801641301332));
#11391=CARTESIAN_POINT('Origin',(-56.7735114826898,19.,4.55801641301332));
#11392=CARTESIAN_POINT('',(-51.0754595346379,19.,6.30801641301332));
#11393=CARTESIAN_POINT('',(-56.7735114826898,19.,6.30801641301332));
#11394=CARTESIAN_POINT('',(-50.5754595346379,19.,6.80801641301332));
#11395=CARTESIAN_POINT('Origin',(-51.0754595346379,19.,6.80801641301332));
#11396=CARTESIAN_POINT('',(-50.5754595346379,19.,8.84697745197436));
#11397=CARTESIAN_POINT('',(-50.5754595346379,19.,6.80801641301332));
#11398=CARTESIAN_POINT('',(-51.0754595346379,19.,9.34697745197436));
#11399=CARTESIAN_POINT('Origin',(-51.0754595346379,19.,8.84697745197436));
#11400=CARTESIAN_POINT('',(-61.2962387554171,19.,9.34697745197436));
#11401=CARTESIAN_POINT('',(-51.0754595346379,19.,9.34697745197436));
#11402=CARTESIAN_POINT('',(-61.7962387554171,19.,8.84697745197436));
#11403=CARTESIAN_POINT('Origin',(-61.2962387554171,19.,8.84697745197436));
#11404=CARTESIAN_POINT('',(-61.7962387554171,19.,-8.15302254802564));
#11405=CARTESIAN_POINT('',(-61.7962387554171,19.,8.84697745197436));
#11406=CARTESIAN_POINT('Origin',(-61.2962387554171,19.,-8.15302254802564));
#11407=CARTESIAN_POINT('',(-42.318338032378,19.,6.56498146257235));
#11408=CARTESIAN_POINT('',(-43.1396231920554,19.,9.00639745636751));
#11409=CARTESIAN_POINT('',(-42.318338032378,19.,6.56498146257235));
#11410=CARTESIAN_POINT('',(-43.6135274674099,19.,9.34697745197436));
#11411=CARTESIAN_POINT('Origin',(-43.6135274674099,19.,8.84697745197436));
#11412=CARTESIAN_POINT('',(-45.157551232587,19.,9.34697745197436));
#11413=CARTESIAN_POINT('',(-43.6135274674099,19.,9.34697745197436));
#11414=CARTESIAN_POINT('',(-45.657551232587,19.,8.84697745197436));
#11415=CARTESIAN_POINT('Origin',(-45.157551232587,19.,8.84697745197436));
#11416=CARTESIAN_POINT('',(-45.657551232587,19.,7.91047593837394));
#11417=CARTESIAN_POINT('',(-45.657551232587,19.,8.84697745197436));
#11418=CARTESIAN_POINT('',(-45.1527063548394,19.,4.93855072920933));
#11419=CARTESIAN_POINT('Origin',(-36.657551232587,19.,7.91047593837394));
#11420=CARTESIAN_POINT('',(-40.515020331664,19.,-8.31812950409033));
#11421=CARTESIAN_POINT('',(-45.1527063548394,19.,4.93855072920933));
#11422=CARTESIAN_POINT('',(-40.0430672693166,19.,-8.65302254802564));
#11423=CARTESIAN_POINT('Origin',(-40.0430672693166,19.,-8.15302254802564));
#11424=CARTESIAN_POINT('',(-37.2169427090501,19.,-8.65302254802564));
#11425=CARTESIAN_POINT('',(-40.0430672693166,19.,-8.65302254802564));
#11426=CARTESIAN_POINT('',(-36.7449896467027,19.,-8.31812950409034));
#11427=CARTESIAN_POINT('Origin',(-37.2169427090501,19.,-8.15302254802564));
#11428=CARTESIAN_POINT('',(-32.1098612343391,19.,4.93123987881446));
#11429=CARTESIAN_POINT('',(-36.7449896467027,19.,-8.31812950409034));
#11430=CARTESIAN_POINT('',(-31.6050163565916,19.,7.90316508797908));
#11431=CARTESIAN_POINT('Origin',(-40.6050163565916,19.,7.90316508797908));
#11432=CARTESIAN_POINT('',(-31.6050163565916,19.,8.84697745197436));
#11433=CARTESIAN_POINT('',(-31.6050163565916,19.,7.90316508797908));
#11434=CARTESIAN_POINT('',(-32.1050163565916,19.,9.34697745197436));
#11435=CARTESIAN_POINT('Origin',(-32.1050163565916,19.,8.84697745197436));
#11436=CARTESIAN_POINT('',(-33.6467953642684,19.,9.34697745197436));
#11437=CARTESIAN_POINT('',(-32.1050163565916,19.,9.34697745197436));
#11438=CARTESIAN_POINT('',(-34.1205678846802,19.,9.00678858707651));
#11439=CARTESIAN_POINT('Origin',(-33.6467953642684,19.,8.84697745197436));
#11440=CARTESIAN_POINT('',(-34.9446906991,19.,6.56361250509088));
#11441=CARTESIAN_POINT('',(-34.1205678846802,19.,9.00678858707651));
#11442=CARTESIAN_POINT('',(-36.6028945205414,19.,5.37295147794839));
#11443=CARTESIAN_POINT('Origin',(-36.6028945205414,19.,7.12295147794839));
#11444=CARTESIAN_POINT('',(-40.6596730686372,19.,5.37295147794839));
#11445=CARTESIAN_POINT('',(-36.6028945205414,19.,5.37295147794839));
#11446=CARTESIAN_POINT('Origin',(-40.6596730686372,19.,7.12295147794839));
#11447=CARTESIAN_POINT('',(3.37778721860887,19.,-0.906269301272391));
#11448=CARTESIAN_POINT('',(3.37778721860887,19.,0.898925503922415));
#11449=CARTESIAN_POINT('',(3.37778721860887,19.,-0.906269301272391));
#11450=CARTESIAN_POINT('',(2.87778721860887,19.,1.39892550392241));
#11451=CARTESIAN_POINT('Origin',(2.87778721860887,19.,0.898925503922415));
#11452=CARTESIAN_POINT('',(-3.05403096320931,19.,1.39892550392241));
#11453=CARTESIAN_POINT('',(2.87778721860887,19.,1.39892550392241));
#11454=CARTESIAN_POINT('',(-4.80403096320931,19.,3.14892550392241));
#11455=CARTESIAN_POINT('Origin',(-3.05403096320931,19.,3.14892550392241));
#11456=CARTESIAN_POINT('',(-4.80403096320931,19.,4.55801641301332));
#11457=CARTESIAN_POINT('',(-4.80403096320931,19.,3.14892550392241));
#11458=CARTESIAN_POINT('',(-3.05403096320931,19.,6.30801641301332));
#11459=CARTESIAN_POINT('Origin',(-3.05403096320931,19.,4.55801641301332));
#11460=CARTESIAN_POINT('',(3.57908591990757,19.,6.30801641301332));
#11461=CARTESIAN_POINT('',(-3.05403096320931,19.,6.30801641301332));
#11462=CARTESIAN_POINT('',(4.07908591990757,19.,6.80801641301332));
#11463=CARTESIAN_POINT('Origin',(3.57908591990757,19.,6.80801641301332));
#11464=CARTESIAN_POINT('',(4.07908591990757,19.,8.84697745197436));
#11465=CARTESIAN_POINT('',(4.07908591990757,19.,6.80801641301332));
#11466=CARTESIAN_POINT('',(3.57908591990757,19.,9.34697745197436));
#11467=CARTESIAN_POINT('Origin',(3.57908591990757,19.,8.84697745197436));
#11468=CARTESIAN_POINT('',(-7.57675823593658,19.,9.34697745197436));
#11469=CARTESIAN_POINT('',(3.57908591990757,19.,9.34697745197436));
#11470=CARTESIAN_POINT('',(-8.07675823593658,19.,8.84697745197436));
#11471=CARTESIAN_POINT('Origin',(-7.57675823593658,19.,8.84697745197436));
#11472=CARTESIAN_POINT('',(-8.07675823593658,19.,-8.15302254802564));
#11473=CARTESIAN_POINT('',(-8.07675823593658,19.,8.84697745197436));
#11474=CARTESIAN_POINT('',(-7.57675823593658,19.,-8.65302254802564));
#11475=CARTESIAN_POINT('Origin',(-7.57675823593658,19.,-8.15302254802564));
#11476=CARTESIAN_POINT('',(3.34531968614134,19.,-8.65302254802564));
#11477=CARTESIAN_POINT('',(-7.57675823593658,19.,-8.65302254802564));
#11478=CARTESIAN_POINT('',(3.84531968614134,19.,-8.15302254802564));
#11479=CARTESIAN_POINT('Origin',(3.34531968614134,19.,-8.15302254802564));
#11480=CARTESIAN_POINT('',(3.84531968614134,19.,-6.1140615090646));
#11481=CARTESIAN_POINT('',(3.84531968614134,19.,-8.15302254802564));
#11482=CARTESIAN_POINT('',(3.34531968614134,19.,-5.6140615090646));
#11483=CARTESIAN_POINT('Origin',(3.34531968614134,19.,-6.1140615090646));
#11484=CARTESIAN_POINT('',(-3.05403096320931,19.,-5.6140615090646));
#11485=CARTESIAN_POINT('',(3.34531968614134,19.,-5.6140615090646));
#11486=CARTESIAN_POINT('',(-4.80403096320931,19.,-3.8640615090646));
#11487=CARTESIAN_POINT('Origin',(-3.05403096320931,19.,-3.8640615090646));
#11488=CARTESIAN_POINT('',(-4.80403096320931,19.,-3.15626930127239));
#11489=CARTESIAN_POINT('',(-4.80403096320931,19.,-3.8640615090646));
#11490=CARTESIAN_POINT('',(-3.05403096320931,19.,-1.40626930127239));
#11491=CARTESIAN_POINT('Origin',(-3.05403096320931,19.,-3.15626930127239));
#11492=CARTESIAN_POINT('',(2.87778721860887,19.,-1.40626930127239));
#11493=CARTESIAN_POINT('',(-3.05403096320931,19.,-1.40626930127239));
#11494=CARTESIAN_POINT('Origin',(2.87778721860887,19.,-0.906269301272391));
#11495=CARTESIAN_POINT('',(47.6929787738626,19.,-8.65302254802564));
#11496=CARTESIAN_POINT('',(50.2644822811148,19.,-8.65302254802564));
#11497=CARTESIAN_POINT('',(47.6929787738626,19.,-8.65302254802564));
#11498=CARTESIAN_POINT('',(50.6936822200818,19.,-8.40951311781471));
#11499=CARTESIAN_POINT('Origin',(50.2644822811148,19.,-8.15302254802564));
#11500=CARTESIAN_POINT('',(52.3223406789776,19.,-5.68418831647402));
#11501=CARTESIAN_POINT('',(50.6936822200818,19.,-8.40951311781471));
#11502=CARTESIAN_POINT('',(55.3267402517466,19.,-5.68418831647402));
#11503=CARTESIAN_POINT('Origin',(53.8245404653621,19.,-6.58190531073578));
#11504=CARTESIAN_POINT('',(56.9553987106424,19.,-8.40951311781471));
#11505=CARTESIAN_POINT('',(55.3267402517466,19.,-5.68418831647402));
#11506=CARTESIAN_POINT('',(57.3845986496094,19.,-8.65302254802564));
#11507=CARTESIAN_POINT('Origin',(57.3845986496094,19.,-8.15302254802564));
#11508=CARTESIAN_POINT('',(59.9564231090316,19.,-8.65302254802564));
#11509=CARTESIAN_POINT('',(57.3845986496094,19.,-8.65302254802564));
#11510=CARTESIAN_POINT('',(60.3856669046844,19.,-7.89660538032126));
#11511=CARTESIAN_POINT('Origin',(59.9564231090316,19.,-8.15302254802564));
#11512=CARTESIAN_POINT('',(56.2308140873103,19.,-0.941358156918659));
#11513=CARTESIAN_POINT('',(60.3856669046844,19.,-7.89660538032126));
#11514=CARTESIAN_POINT('',(56.2308560011658,19.,0.853632177323072));
#11515=CARTESIAN_POINT('Origin',(57.7331673720953,19.,-0.0438980699533405));
#11516=CARTESIAN_POINT('',(60.8531394635994,19.,8.59054023846681));
#11517=CARTESIAN_POINT('',(56.2308560011658,19.,0.853632177323073));
#11518=CARTESIAN_POINT('',(60.4239076433338,19.,9.34697745197436));
#11519=CARTESIAN_POINT('Origin',(60.4239076433338,19.,8.84697745197436));
#11520=CARTESIAN_POINT('',(57.8521150365783,19.,9.34697745197436));
#11521=CARTESIAN_POINT('',(60.4239076433338,19.,9.34697745197436));
#11522=CARTESIAN_POINT('',(57.4229275789122,19.,9.10348890626461));
#11523=CARTESIAN_POINT('Origin',(57.8521150365783,19.,8.84697745197436));
#11524=CARTESIAN_POINT('',(55.3266965671935,19.,5.59613653055969));
#11525=CARTESIAN_POINT('',(57.4229275789122,19.,9.10348890626461));
#11526=CARTESIAN_POINT('',(52.3223843635307,19.,5.59613653055969));
#11527=CARTESIAN_POINT('Origin',(53.8245404653621,19.,6.49392662057554));
#11528=CARTESIAN_POINT('',(50.226153351812,19.,9.10348890626461));
#11529=CARTESIAN_POINT('',(52.3223843635307,19.,5.59613653055969));
#11530=CARTESIAN_POINT('',(49.7969658941459,19.,9.34697745197436));
#11531=CARTESIAN_POINT('Origin',(49.7969658941459,19.,8.84697745197436));
#11532=CARTESIAN_POINT('',(47.225467530378,19.,9.34697745197436));
#11533=CARTESIAN_POINT('',(49.7969658941459,19.,9.34697745197436));
#11534=CARTESIAN_POINT('',(46.7963092211504,19.,8.59041723366129));
#11535=CARTESIAN_POINT('Origin',(47.225467530378,19.,8.84697745197436));
#11536=CARTESIAN_POINT('',(51.4212552147106,19.,0.85408922491477));
#11537=CARTESIAN_POINT('',(46.7963092211504,19.,8.59041723366129));
#11538=CARTESIAN_POINT('',(51.4212737729821,19.,-0.941801259401955));
#11539=CARTESIAN_POINT('Origin',(49.9192011324138,19.,-0.0438715391810011));
#11540=CARTESIAN_POINT('',(47.2638151622716,19.,-7.89647119939108));
#11541=CARTESIAN_POINT('',(51.4212737729821,19.,-0.941801259401956));
#11542=CARTESIAN_POINT('Origin',(47.6929787738626,19.,-8.15302254802564));
#11543=CARTESIAN_POINT('Origin',(-50.5754595346379,24.,9.34697745197436));
#11544=CARTESIAN_POINT('',(-51.0754595346379,23.5,9.34697745197436));
#11545=CARTESIAN_POINT('',(-51.0754595346379,23.5,9.34697745197436));
#11546=CARTESIAN_POINT('',(-61.2962387554171,23.5,9.34697745197436));
#11547=CARTESIAN_POINT('',(-51.0754595346379,23.5,9.34697745197436));
#11548=CARTESIAN_POINT('',(-61.2962387554171,23.5,9.34697745197436));
#11549=CARTESIAN_POINT('Origin',(-50.5754595346379,24.,6.30801641301332));
#11550=CARTESIAN_POINT('',(-50.5754595346379,23.5,6.80801641301332));
#11551=CARTESIAN_POINT('',(-50.5754595346379,23.5,6.80801641301332));
#11552=CARTESIAN_POINT('',(-50.5754595346379,23.5,8.84697745197436));
#11553=CARTESIAN_POINT('',(-50.5754595346379,23.5,6.80801641301332));
#11554=CARTESIAN_POINT('',(-50.5754595346379,23.5,8.84697745197436));
#11555=CARTESIAN_POINT('Origin',(-58.5235114826898,24.,6.30801641301332));
#11556=CARTESIAN_POINT('',(-56.7735114826898,23.5,6.30801641301332));
#11557=CARTESIAN_POINT('',(-56.7735114826898,23.5,6.30801641301332));
#11558=CARTESIAN_POINT('',(-51.0754595346379,23.5,6.30801641301332));
#11559=CARTESIAN_POINT('',(-56.7735114826898,23.5,6.30801641301332));
#11560=CARTESIAN_POINT('',(-51.0754595346379,23.5,6.30801641301332));
#11561=CARTESIAN_POINT('Origin',(-58.5235114826898,24.,-8.65302254802564));
#11562=CARTESIAN_POINT('',(-58.5235114826898,23.5,-8.15302254802564));
#11563=CARTESIAN_POINT('',(-58.5235114826898,23.5,-8.15302254802564));
#11564=CARTESIAN_POINT('',(-58.5235114826898,23.5,4.55801641301332));
#11565=CARTESIAN_POINT('',(-58.5235114826898,23.5,-8.15302254802564));
#11566=CARTESIAN_POINT('',(-58.5235114826898,23.5,4.55801641301332));
#11567=CARTESIAN_POINT('Origin',(-61.7962387554171,24.,-8.65302254802564));
#11568=CARTESIAN_POINT('',(-61.2962387554171,23.5,-8.65302254802564));
#11569=CARTESIAN_POINT('',(-61.2962387554171,23.5,-8.65302254802564));
#11570=CARTESIAN_POINT('',(-59.0235114826898,23.5,-8.65302254802564));
#11571=CARTESIAN_POINT('',(-61.2962387554171,23.5,-8.65302254802564));
#11572=CARTESIAN_POINT('',(-59.0235114826898,23.5,-8.65302254802564));
#11573=CARTESIAN_POINT('Origin',(-61.7962387554171,24.,9.34697745197436));
#11574=CARTESIAN_POINT('',(-61.7962387554171,23.5,8.84697745197436));
#11575=CARTESIAN_POINT('',(-61.7962387554171,23.5,8.84697745197436));
#11576=CARTESIAN_POINT('',(-61.7962387554171,23.5,-8.15302254802564));
#11577=CARTESIAN_POINT('',(-61.7962387554171,23.5,8.84697745197436));
#11578=CARTESIAN_POINT('',(-61.7962387554171,23.5,-8.15302254802564));
#11579=CARTESIAN_POINT('Origin',(0.,24.,0.));
#11580=CARTESIAN_POINT('',(-51.0754595346379,24.,6.80801641301332));
#11581=CARTESIAN_POINT('',(-56.7735114826898,24.,6.80801641301332));
#11582=CARTESIAN_POINT('',(-51.0754595346379,24.,6.80801641301332));
#11583=CARTESIAN_POINT('',(-59.0235114826898,24.,4.55801641301332));
#11584=CARTESIAN_POINT('Origin',(-56.7735114826898,24.,4.55801641301332));
#11585=CARTESIAN_POINT('',(-59.0235114826898,24.,-8.15302254802564));
#11586=CARTESIAN_POINT('',(-59.0235114826898,24.,4.55801641301332));
#11587=CARTESIAN_POINT('',(-61.2962387554171,24.,-8.15302254802564));
#11588=CARTESIAN_POINT('',(-59.0235114826898,24.,-8.15302254802564));
#11589=CARTESIAN_POINT('',(-61.2962387554171,24.,8.84697745197436));
#11590=CARTESIAN_POINT('',(-61.2962387554171,24.,-8.15302254802564));
#11591=CARTESIAN_POINT('',(-51.0754595346379,24.,8.84697745197436));
#11592=CARTESIAN_POINT('',(-61.2962387554171,24.,8.84697745197436));
#11593=CARTESIAN_POINT('',(-51.0754595346379,24.,8.84697745197436));
#11594=CARTESIAN_POINT('Origin',(0.,24.,0.));
#11595=CARTESIAN_POINT('',(-44.6807532924919,24.,5.10365768527367));
#11596=CARTESIAN_POINT('',(-45.1575512325871,24.,7.91047593837358));
#11597=CARTESIAN_POINT('Origin',(-36.6575512325868,24.,7.91047593837354));
#11598=CARTESIAN_POINT('',(-45.1575512325868,24.,8.84697745197436));
#11599=CARTESIAN_POINT('',(-45.1575512325868,24.,7.91047593837358));
#11600=CARTESIAN_POINT('',(-43.6135274674099,24.,8.84697745197436));
#11601=CARTESIAN_POINT('',(-45.1575512325868,24.,8.84697745197436));
#11602=CARTESIAN_POINT('',(-42.7922423077325,24.,6.40556145817919));
#11603=CARTESIAN_POINT('',(-43.6135274674099,24.,8.84697745197436));
#11604=CARTESIAN_POINT('',(-40.6596730686372,24.,4.87295147794839));
#11605=CARTESIAN_POINT('Origin',(-40.6596730686372,24.,7.12295147794839));
#11606=CARTESIAN_POINT('',(-36.6028945205414,24.,4.87295147794839));
#11607=CARTESIAN_POINT('',(-40.6596730686372,24.,4.87295147794839));
#11608=CARTESIAN_POINT('',(-34.4709181786882,24.,6.40380136998873));
#11609=CARTESIAN_POINT('Origin',(-36.6028945205414,24.,7.12295147794839));
#11610=CARTESIAN_POINT('',(-33.6467953642684,24.,8.84697745197436));
#11611=CARTESIAN_POINT('',(-34.4709181786882,24.,6.40380136998873));
#11612=CARTESIAN_POINT('',(-32.1050163565914,24.,8.84697745197436));
#11613=CARTESIAN_POINT('',(-33.6467953642684,24.,8.84697745197436));
#11614=CARTESIAN_POINT('',(-32.1050163565914,24.,7.90316508797944));
#11615=CARTESIAN_POINT('',(-32.1050163565914,24.,8.84697745197436));
#11616=CARTESIAN_POINT('',(-32.5818142966864,24.,5.09634683487953));
#11617=CARTESIAN_POINT('Origin',(-40.6050163565914,24.,7.90316508797948));
#11618=CARTESIAN_POINT('',(-37.2169427090501,24.,-8.15302254802563));
#11619=CARTESIAN_POINT('',(-32.5818142966864,24.,5.09634683487953));
#11620=CARTESIAN_POINT('',(-40.0430672693166,24.,-8.15302254802564));
#11621=CARTESIAN_POINT('',(-37.2169427090501,24.,-8.15302254802564));
#11622=CARTESIAN_POINT('',(-40.0430672693166,24.,-8.15302254802564));
#11623=CARTESIAN_POINT('',(-41.6371304275175,24.,0.617975584972902));
#11624=CARTESIAN_POINT('',(-40.7622724876163,24.,-1.98825443921677));
#11625=CARTESIAN_POINT('',(-41.6371304275176,24.,0.6179755849729));
#11626=CARTESIAN_POINT('',(-36.4965583935455,24.,-1.98929209505934));
#11627=CARTESIAN_POINT('Origin',(-38.6292411402539,24.,-1.27223958520232));
#11628=CARTESIAN_POINT('',(-35.6202893924509,24.,0.61693792913033));
#11629=CARTESIAN_POINT('',(-36.4965583935455,24.,-1.98929209505935));
#11630=CARTESIAN_POINT('',(-37.7529721391593,24.,3.58399043898734));
#11631=CARTESIAN_POINT('Origin',(-37.7529721391593,24.,1.33399043898735));
#11632=CARTESIAN_POINT('',(-39.5040990801552,24.,3.58399043898734));
#11633=CARTESIAN_POINT('',(-37.7529721391593,24.,3.58399043898734));
#11634=CARTESIAN_POINT('Origin',(-39.5040990801552,24.,1.33399043898735));
#11635=CARTESIAN_POINT('Origin',(-36.8621478463262,24.,-8.65302254802564));
#11636=CARTESIAN_POINT('',(-36.7449896467027,23.5,-8.31812950409034));
#11637=CARTESIAN_POINT('',(-36.7449896467027,23.5,-8.31812950409034));
#11638=CARTESIAN_POINT('',(-32.109861234339,23.5,4.93123987881483));
#11639=CARTESIAN_POINT('',(-36.7449896467027,23.5,-8.31812950409034));
#11640=CARTESIAN_POINT('',(-32.1098612343391,19.,4.93123987881446));
#11641=CARTESIAN_POINT('Origin',(-40.3978621320405,24.,-8.65302254802564));
#11642=CARTESIAN_POINT('',(-40.0430672693166,23.5,-8.65302254802564));
#11643=CARTESIAN_POINT('',(-40.0430672693166,23.5,-8.65302254802564));
#11644=CARTESIAN_POINT('',(-37.2169427090501,23.5,-8.65302254802564));
#11645=CARTESIAN_POINT('',(-40.0430672693166,23.5,-8.65302254802564));
#11646=CARTESIAN_POINT('',(-37.2169427090501,23.5,-8.65302254802564));
#11647=CARTESIAN_POINT('Origin',(-46.6949400541184,24.,9.34697745197436));
#11648=CARTESIAN_POINT('',(-45.1527063548393,23.5,4.93855072920897));
#11649=CARTESIAN_POINT('',(-45.1527063548393,23.5,4.93855072920897));
#11650=CARTESIAN_POINT('',(-40.515020331664,23.5,-8.31812950409034));
#11651=CARTESIAN_POINT('',(-45.1527063548393,23.5,4.93855072920897));
#11652=CARTESIAN_POINT('',(-40.515020331664,23.5,-8.31812950409034));
#11653=CARTESIAN_POINT('Origin',(-43.2541933008717,24.,9.34697745197436));
#11654=CARTESIAN_POINT('',(-43.6135274674099,23.5,9.34697745197436));
#11655=CARTESIAN_POINT('',(-43.6135274674099,23.5,9.34697745197436));
#11656=CARTESIAN_POINT('',(-45.1575512325868,23.5,9.34697745197436));
#11657=CARTESIAN_POINT('',(-43.6135274674099,23.5,9.34697745197436));
#11658=CARTESIAN_POINT('',(-45.157551232587,19.,9.34697745197436));
#11659=CARTESIAN_POINT('Origin',(-41.917342651521,24.,5.37295147794839));
#11660=CARTESIAN_POINT('',(-42.318338032378,23.5,6.56498146257235));
#11661=CARTESIAN_POINT('',(-42.318338032378,23.5,6.56498146257235));
#11662=CARTESIAN_POINT('',(-43.1396231920554,23.5,9.00639745636751));
#11663=CARTESIAN_POINT('',(-42.318338032378,23.5,6.56498146257235));
#11664=CARTESIAN_POINT('',(-43.1396231920554,23.5,9.00639745636751));
#11665=CARTESIAN_POINT('Origin',(-35.3463199242483,24.,5.37295147794839));
#11666=CARTESIAN_POINT('',(-36.6028945205414,23.5,5.37295147794839));
#11667=CARTESIAN_POINT('',(-36.6028945205414,23.5,5.37295147794839));
#11668=CARTESIAN_POINT('',(-40.6596730686372,23.5,5.37295147794839));
#11669=CARTESIAN_POINT('',(-36.6028945205414,23.5,5.37295147794839));
#11670=CARTESIAN_POINT('',(-40.6596730686372,23.5,5.37295147794839));
#11671=CARTESIAN_POINT('Origin',(-34.005816677495,24.,9.34697745197436));
#11672=CARTESIAN_POINT('',(-34.1205678846802,23.5,9.00678858707651));
#11673=CARTESIAN_POINT('',(-34.1205678846802,23.5,9.00678858707651));
#11674=CARTESIAN_POINT('',(-34.9446906991,23.5,6.56361250509088));
#11675=CARTESIAN_POINT('',(-34.1205678846802,23.5,9.00678858707651));
#11676=CARTESIAN_POINT('',(-34.9446906991,23.5,6.56361250509088));
#11677=CARTESIAN_POINT('Origin',(-30.5650699242483,24.,9.34697745197436));
#11678=CARTESIAN_POINT('',(-32.1050163565914,23.5,9.34697745197436));
#11679=CARTESIAN_POINT('',(-32.1050163565916,19.,9.34697745197436));
#11680=CARTESIAN_POINT('',(-33.6467953642684,23.5,9.34697745197436));
#11681=CARTESIAN_POINT('',(-32.1050163565914,23.5,9.34697745197436));
#11682=CARTESIAN_POINT('',(-33.6467953642684,23.5,9.34697745197436));
#11683=CARTESIAN_POINT('Ctrl Pts',(-26.2821635881013,19.,4.39993204635233));
#11684=CARTESIAN_POINT('Ctrl Pts',(-26.2821635881013,24.5,4.39993204635233));
#11685=CARTESIAN_POINT('Ctrl Pts',(-26.1643967586319,19.,4.98863949753908));
#11686=CARTESIAN_POINT('Ctrl Pts',(-26.1643967586319,24.5,4.98863949753908));
#11687=CARTESIAN_POINT('Ctrl Pts',(-25.9530217352669,19.0000000000003,5.81692142893406));
#11688=CARTESIAN_POINT('Ctrl Pts',(-25.9530217352669,24.5000000000003,5.81692142893406));
#11689=CARTESIAN_POINT('Ctrl Pts',(-25.0183051802083,19.0000000000003,7.57147676961505));
#11690=CARTESIAN_POINT('Ctrl Pts',(-25.0183051802083,24.5000000000003,7.57147676961505));
#11691=CARTESIAN_POINT('Ctrl Pts',(-24.419390878243,19.,8.09338629548801));
#11692=CARTESIAN_POINT('Ctrl Pts',(-24.419390878243,24.5,8.09338629548801));
#11693=CARTESIAN_POINT('Ctrl Pts',(-23.8024658993161,19.,8.59976115723182));
#11694=CARTESIAN_POINT('Ctrl Pts',(-23.8024658993161,24.5,8.59976115723182));
#11695=CARTESIAN_POINT('Ctrl Pts',(-23.2102917569991,19.0000000000002,8.99613007891687));
#11696=CARTESIAN_POINT('Ctrl Pts',(-23.2102917569991,24.5000000000002,8.99613007891687));
#11697=CARTESIAN_POINT('Ctrl Pts',(-21.3627141263439,19.0000000000002,9.5527094122527));
#11698=CARTESIAN_POINT('Ctrl Pts',(-21.3627141263439,24.5000000000002,9.5527094122527));
#11699=CARTESIAN_POINT('Ctrl Pts',(-20.4946041402775,19.,9.56988552608647));
#11700=CARTESIAN_POINT('Ctrl Pts',(-20.4946041402775,24.5,9.56988552608647));
#11701=CARTESIAN_POINT('Ctrl Pts',(-19.9843841017685,19.,9.58054208208294));
#11702=CARTESIAN_POINT('Ctrl Pts',(-19.9843841017685,24.5,9.58054208208294));
#11703=CARTESIAN_POINT('',(-26.2821635880298,23.5000000000584,4.39993204670982));
#11704=CARTESIAN_POINT('',(-19.9843841017685,23.4999999999993,9.58054208208294));
#11705=CARTESIAN_POINT('Ctrl Pts',(-19.9650740496509,19.,9.58057243527009));
#11706=CARTESIAN_POINT('Ctrl Pts',(-19.9650740496509,24.5,9.58057243527009));
#11707=CARTESIAN_POINT('Ctrl Pts',(-19.7675115628168,19.,9.57706742916173));
#11708=CARTESIAN_POINT('Ctrl Pts',(-19.7675115628168,24.5,9.57706742916173));
#11709=CARTESIAN_POINT('Ctrl Pts',(-19.3723725757415,19.,9.57051265818491));
#11710=CARTESIAN_POINT('Ctrl Pts',(-19.3723725757415,24.5,9.57051265818491));
#11711=CARTESIAN_POINT('Ctrl Pts',(-18.7813273013117,19.,9.52833902174412));
#11712=CARTESIAN_POINT('Ctrl Pts',(-18.7813273013117,24.5,9.52833902174412));
#11713=CARTESIAN_POINT('Ctrl Pts',(-18.1928649240009,19.,9.45220019428532));
#11714=CARTESIAN_POINT('Ctrl Pts',(-18.1928649240009,24.5,9.45220019428532));
#11715=CARTESIAN_POINT('Ctrl Pts',(-17.6112101642364,19.,9.33731303467639));
#11716=CARTESIAN_POINT('Ctrl Pts',(-17.6112101642364,24.5,9.33731303467639));
#11717=CARTESIAN_POINT('Ctrl Pts',(-17.042370306491,19.,9.16780032851633));
#11718=CARTESIAN_POINT('Ctrl Pts',(-17.042370306491,24.5,9.16780032851633));
#11719=CARTESIAN_POINT('Ctrl Pts',(-16.4884831231023,19.,8.95500517434328));
#11720=CARTESIAN_POINT('Ctrl Pts',(-16.4884831231023,24.5,8.95500517434328));
#11721=CARTESIAN_POINT('Ctrl Pts',(-15.9642819538297,19.,8.67535952383658));
#11722=CARTESIAN_POINT('Ctrl Pts',(-15.9642819538297,24.5,8.67535952383658));
#11723=CARTESIAN_POINT('Ctrl Pts',(-15.4766763699086,19.,8.33564643695002));
#11724=CARTESIAN_POINT('Ctrl Pts',(-15.4766763699086,24.5,8.33564643695002));
#11725=CARTESIAN_POINT('Ctrl Pts',(-15.0461078330878,19.,7.92588673473342));
#11726=CARTESIAN_POINT('Ctrl Pts',(-15.0461078330878,24.5,7.92588673473342));
#11727=CARTESIAN_POINT('Ctrl Pts',(-14.7277683113493,19.,7.54741070987453));
#11728=CARTESIAN_POINT('Ctrl Pts',(-14.7277683113493,24.5,7.54741070987453));
#11729=CARTESIAN_POINT('Ctrl Pts',(-14.4935020447161,19.,7.22898073081203));
#11730=CARTESIAN_POINT('Ctrl Pts',(-14.4935020447161,24.5,7.22898073081203));
#11731=CARTESIAN_POINT('Ctrl Pts',(-14.3351233362134,19.,6.97843367416207));
#11732=CARTESIAN_POINT('Ctrl Pts',(-14.3351233362134,24.5,6.97843367416207));
#11733=CARTESIAN_POINT('Ctrl Pts',(-14.1923081091959,19.,6.7184289231156));
#11734=CARTESIAN_POINT('Ctrl Pts',(-14.1923081091959,24.5,6.7184289231156));
#11735=CARTESIAN_POINT('Ctrl Pts',(-14.0186656276651,19.,6.36313251545447));
#11736=CARTESIAN_POINT('Ctrl Pts',(-14.0186656276651,24.5,6.36313251545447));
#11737=CARTESIAN_POINT('Ctrl Pts',(-13.8444883173359,19.,5.90030859054897));
#11738=CARTESIAN_POINT('Ctrl Pts',(-13.8444883173359,24.5,5.90030859054897));
#11739=CARTESIAN_POINT('Ctrl Pts',(-13.6936483173672,19.,5.325944432989));
#11740=CARTESIAN_POINT('Ctrl Pts',(-13.6936483173672,24.5,5.325944432989));
#11741=CARTESIAN_POINT('Ctrl Pts',(-13.6118019577728,19.,4.73769105895653));
#11742=CARTESIAN_POINT('Ctrl Pts',(-13.6118019577728,24.5,4.73769105895653));
#11743=CARTESIAN_POINT('Ctrl Pts',(-13.5997691586077,19.,4.34261294027817));
#11744=CARTESIAN_POINT('Ctrl Pts',(-13.5997691586077,24.5,4.34261294027817));
#11745=CARTESIAN_POINT('Ctrl Pts',(-13.5940481658372,19.,4.14512142057445));
#11746=CARTESIAN_POINT('Ctrl Pts',(-13.5940481658372,24.5,4.14512142057445));
#11747=CARTESIAN_POINT('',(-19.9650740496508,23.4999999999991,9.58057243527009));
#11748=CARTESIAN_POINT('',(-13.5940481658372,23.5000000000011,4.14512142057446));
#11749=CARTESIAN_POINT('Ctrl Pts',(-13.5940241976137,19.,4.11701778583241));
#11750=CARTESIAN_POINT('Ctrl Pts',(-13.5940241976137,24.0000000000021,4.11701778583241));
#11751=CARTESIAN_POINT('Ctrl Pts',(-13.5991702062762,19.,3.92825132661596));
#11752=CARTESIAN_POINT('Ctrl Pts',(-13.5991702062762,24.0000000000021,3.92825132661596));
#11753=CARTESIAN_POINT('Ctrl Pts',(-13.6093061832528,19.,3.55080699938671));
#11754=CARTESIAN_POINT('Ctrl Pts',(-13.6093061832528,24.0000000000021,3.55080699938671));
#11755=CARTESIAN_POINT('Ctrl Pts',(-13.6845800914382,19.,2.79875449378552));
#11756=CARTESIAN_POINT('Ctrl Pts',(-13.6845800914382,24.0000000000021,2.79875449378552));
#11757=CARTESIAN_POINT('Ctrl Pts',(-13.9204851760434,19.,1.87837247482666));
#11758=CARTESIAN_POINT('Ctrl Pts',(-13.9204851760434,24.0000000000021,1.87837247482666));
#11759=CARTESIAN_POINT('Ctrl Pts',(-14.3592463309567,19.,1.0350337829064));
#11760=CARTESIAN_POINT('Ctrl Pts',(-14.3592463309567,24.0000000000021,1.0350337829064));
#11761=CARTESIAN_POINT('Ctrl Pts',(-14.8252379257949,19.,0.437898470840109));
#11762=CARTESIAN_POINT('Ctrl Pts',(-14.8252379257949,24.0000000000021,0.437898470840109));
#11763=CARTESIAN_POINT('Ctrl Pts',(-15.2317657081151,19.,0.0421818898743472));
#11764=CARTESIAN_POINT('Ctrl Pts',(-15.2317657081151,24.0000000000021,0.0421818898743472));
#11765=CARTESIAN_POINT('Ctrl Pts',(-15.6768646848388,19.,-0.310294451301607));
#11766=CARTESIAN_POINT('Ctrl Pts',(-15.6768646848388,24.0000000000021,-0.310294451301607));
#11767=CARTESIAN_POINT('Ctrl Pts',(-16.1601801059773,19.,-0.606844412687528));
#11768=CARTESIAN_POINT('Ctrl Pts',(-16.1601801059773,24.0000000000021,-0.606844412687528));
#11769=CARTESIAN_POINT('Ctrl Pts',(-16.6689078644302,19.,-0.856289336837396));
#11770=CARTESIAN_POINT('Ctrl Pts',(-16.6689078644302,24.0000000000021,-0.856289336837396));
#11771=CARTESIAN_POINT('Ctrl Pts',(-17.1882062130097,19.,-1.08228407349143));
#11772=CARTESIAN_POINT('Ctrl Pts',(-17.1882062130097,24.0000000000021,-1.08228407349143));
#11773=CARTESIAN_POINT('Ctrl Pts',(-17.718813502309,19.,-1.280476953686));
#11774=CARTESIAN_POINT('Ctrl Pts',(-17.718813502309,24.0000000000021,-1.280476953686));
#11775=CARTESIAN_POINT('Ctrl Pts',(-18.2566155794144,19.,-1.45760780689097));
#11776=CARTESIAN_POINT('Ctrl Pts',(-18.2566155794144,24.0000000000021,-1.45760780689097));
#11777=CARTESIAN_POINT('Ctrl Pts',(-18.7962191072591,19.,-1.62921452582288));
#11778=CARTESIAN_POINT('Ctrl Pts',(-18.7962191072591,24.0000000000021,-1.62921452582288));
#11779=CARTESIAN_POINT('Ctrl Pts',(-19.159711130069,19.,-1.73106207887443));
#11780=CARTESIAN_POINT('Ctrl Pts',(-19.159711130069,24.0000000000021,-1.73106207887443));
#11781=CARTESIAN_POINT('Ctrl Pts',(-19.3414252502724,19.,-1.78209243544234));
#11782=CARTESIAN_POINT('Ctrl Pts',(-19.3414252502724,24.0000000000021,-1.78209243544234));
#11783=CARTESIAN_POINT('Ctrl Pts',(-19.3423614963568,19.,-1.78235535926725));
#11784=CARTESIAN_POINT('Ctrl Pts',(-19.3423614963568,24.0000000000021,-1.78235535926725));
#11785=CARTESIAN_POINT('Ctrl Pts',(-19.3432977424412,19.,-1.78261828309215));
#11786=CARTESIAN_POINT('Ctrl Pts',(-19.3432977424412,24.0000000000021,-1.78261828309215));
#11787=CARTESIAN_POINT('Ctrl Pts',(-19.3442339885257,19.,-1.78288120691706));
#11788=CARTESIAN_POINT('Ctrl Pts',(-19.3442339885257,24.0000000000021,-1.78288120691706));
#11789=CARTESIAN_POINT('',(-13.5940241976137,23.5000000000011,4.1170177858324));
#11790=CARTESIAN_POINT('Origin',(4.07908591990757,24.,9.34697745197436));
#11791=CARTESIAN_POINT('',(3.57908591990757,23.5,9.34697745197436));
#11792=CARTESIAN_POINT('',(3.57908591990757,23.5,9.34697745197436));
#11793=CARTESIAN_POINT('',(-7.57675823593658,23.5,9.34697745197436));
#11794=CARTESIAN_POINT('',(3.57908591990757,23.5,9.34697745197436));
#11795=CARTESIAN_POINT('',(-7.57675823593658,23.5,9.34697745197436));
#11796=CARTESIAN_POINT('Origin',(4.07908591990757,24.,6.30801641301332));
#11797=CARTESIAN_POINT('',(4.07908591990757,23.5,6.80801641301332));
#11798=CARTESIAN_POINT('',(4.07908591990757,23.5,6.80801641301332));
#11799=CARTESIAN_POINT('',(4.07908591990757,23.5,8.84697745197436));
#11800=CARTESIAN_POINT('',(4.07908591990757,23.5,6.80801641301332));
#11801=CARTESIAN_POINT('',(4.07908591990757,23.5,8.84697745197436));
#11802=CARTESIAN_POINT('Origin',(-4.80403096320931,24.,6.30801641301332));
#11803=CARTESIAN_POINT('',(-3.05403096320931,23.5,6.30801641301332));
#11804=CARTESIAN_POINT('',(-3.05403096320931,23.5,6.30801641301332));
#11805=CARTESIAN_POINT('',(3.57908591990757,23.5,6.30801641301332));
#11806=CARTESIAN_POINT('',(-3.05403096320931,23.5,6.30801641301332));
#11807=CARTESIAN_POINT('',(3.57908591990757,23.5,6.30801641301332));
#11808=CARTESIAN_POINT('Origin',(-4.80403096320931,24.,1.39892550392241));
#11809=CARTESIAN_POINT('',(-4.80403096320931,23.5,3.14892550392241));
#11810=CARTESIAN_POINT('',(-4.80403096320931,23.5,3.14892550392241));
#11811=CARTESIAN_POINT('',(-4.80403096320931,23.5,4.55801641301332));
#11812=CARTESIAN_POINT('',(-4.80403096320931,23.5,3.14892550392241));
#11813=CARTESIAN_POINT('',(-4.80403096320931,23.5,4.55801641301332));
#11814=CARTESIAN_POINT('Origin',(3.37778721860887,24.,1.39892550392241));
#11815=CARTESIAN_POINT('',(2.87778721860887,23.5,1.39892550392241));
#11816=CARTESIAN_POINT('',(2.87778721860887,23.5,1.39892550392241));
#11817=CARTESIAN_POINT('',(-3.05403096320931,23.5,1.39892550392241));
#11818=CARTESIAN_POINT('',(2.87778721860887,23.5,1.39892550392241));
#11819=CARTESIAN_POINT('',(-3.05403096320931,23.5,1.39892550392241));
#11820=CARTESIAN_POINT('Origin',(3.37778721860887,24.,-1.40626930127239));
#11821=CARTESIAN_POINT('',(3.37778721860887,23.5,-0.906269301272391));
#11822=CARTESIAN_POINT('',(3.37778721860887,23.5,-0.906269301272391));
#11823=CARTESIAN_POINT('',(3.37778721860887,23.5,0.898925503922415));
#11824=CARTESIAN_POINT('',(3.37778721860887,23.5,-0.906269301272391));
#11825=CARTESIAN_POINT('',(3.37778721860887,23.5,0.898925503922415));
#11826=CARTESIAN_POINT('Origin',(-4.80403096320931,24.,-1.40626930127239));
#11827=CARTESIAN_POINT('',(-3.05403096320931,23.5,-1.40626930127239));
#11828=CARTESIAN_POINT('',(-3.05403096320931,23.5,-1.40626930127239));
#11829=CARTESIAN_POINT('',(2.87778721860887,23.5,-1.40626930127239));
#11830=CARTESIAN_POINT('',(-3.05403096320931,23.5,-1.40626930127239));
#11831=CARTESIAN_POINT('',(2.87778721860887,23.5,-1.40626930127239));
#11832=CARTESIAN_POINT('Origin',(-4.80403096320931,24.,-5.6140615090646));
#11833=CARTESIAN_POINT('',(-4.80403096320931,23.5,-3.8640615090646));
#11834=CARTESIAN_POINT('',(-4.80403096320931,23.5,-3.8640615090646));
#11835=CARTESIAN_POINT('',(-4.80403096320931,23.5,-3.15626930127239));
#11836=CARTESIAN_POINT('',(-4.80403096320931,23.5,-3.8640615090646));
#11837=CARTESIAN_POINT('',(-4.80403096320931,23.5,-3.15626930127239));
#11838=CARTESIAN_POINT('Origin',(3.84531968614134,24.,-5.6140615090646));
#11839=CARTESIAN_POINT('',(3.34531968614134,23.5,-5.6140615090646));
#11840=CARTESIAN_POINT('',(3.34531968614134,23.5,-5.6140615090646));
#11841=CARTESIAN_POINT('',(-3.05403096320931,23.5,-5.6140615090646));
#11842=CARTESIAN_POINT('',(3.34531968614134,23.5,-5.6140615090646));
#11843=CARTESIAN_POINT('',(-3.05403096320931,23.5,-5.6140615090646));
#11844=CARTESIAN_POINT('Origin',(3.84531968614134,24.,-8.65302254802564));
#11845=CARTESIAN_POINT('',(3.84531968614134,23.5,-8.15302254802564));
#11846=CARTESIAN_POINT('',(3.84531968614134,23.5,-8.15302254802564));
#11847=CARTESIAN_POINT('',(3.84531968614134,23.5,-6.1140615090646));
#11848=CARTESIAN_POINT('',(3.84531968614134,23.5,-8.15302254802564));
#11849=CARTESIAN_POINT('',(3.84531968614134,23.5,-6.1140615090646));
#11850=CARTESIAN_POINT('Origin',(-8.07675823593658,24.,-8.65302254802564));
#11851=CARTESIAN_POINT('',(-7.57675823593658,23.5,-8.65302254802564));
#11852=CARTESIAN_POINT('',(-7.57675823593658,23.5,-8.65302254802564));
#11853=CARTESIAN_POINT('',(3.34531968614134,23.5,-8.65302254802564));
#11854=CARTESIAN_POINT('',(-7.57675823593658,23.5,-8.65302254802564));
#11855=CARTESIAN_POINT('',(3.34531968614134,23.5,-8.65302254802564));
#11856=CARTESIAN_POINT('Origin',(-8.07675823593658,24.,9.34697745197436));
#11857=CARTESIAN_POINT('',(-8.07675823593658,23.5,8.84697745197436));
#11858=CARTESIAN_POINT('',(-8.07675823593658,23.5,8.84697745197436));
#11859=CARTESIAN_POINT('',(-8.07675823593658,23.5,-8.15302254802564));
#11860=CARTESIAN_POINT('',(-8.07675823593658,23.5,8.84697745197436));
#11861=CARTESIAN_POINT('',(-8.07675823593658,23.5,-8.15302254802564));
#11862=CARTESIAN_POINT('Origin',(0.,24.,0.));
#11863=CARTESIAN_POINT('',(-5.30403096320931,24.,4.55801641301332));
#11864=CARTESIAN_POINT('',(-5.30403096320931,24.,3.14892550392241));
#11865=CARTESIAN_POINT('',(-5.30403096320931,24.,4.55801641301332));
#11866=CARTESIAN_POINT('',(-3.05403096320931,24.,0.898925503922414));
#11867=CARTESIAN_POINT('Origin',(-3.05403096320931,24.,3.14892550392241));
#11868=CARTESIAN_POINT('',(2.87778721860887,24.,0.898925503922414));
#11869=CARTESIAN_POINT('',(-3.05403096320931,24.,0.898925503922414));
#11870=CARTESIAN_POINT('',(2.87778721860887,24.,-0.906269301272391));
#11871=CARTESIAN_POINT('',(2.87778721860887,24.,0.898925503922414));
#11872=CARTESIAN_POINT('',(-3.05403096320931,24.,-0.90626930127239));
#11873=CARTESIAN_POINT('',(2.87778721860887,24.,-0.90626930127239));
#11874=CARTESIAN_POINT('',(-5.30403096320931,24.,-3.15626930127239));
#11875=CARTESIAN_POINT('Origin',(-3.05403096320931,24.,-3.15626930127239));
#11876=CARTESIAN_POINT('',(-5.30403096320931,24.,-3.8640615090646));
#11877=CARTESIAN_POINT('',(-5.30403096320931,24.,-3.15626930127239));
#11878=CARTESIAN_POINT('',(-3.05403096320931,24.,-6.1140615090646));
#11879=CARTESIAN_POINT('Origin',(-3.05403096320931,24.,-3.8640615090646));
#11880=CARTESIAN_POINT('',(3.34531968614134,24.,-6.1140615090646));
#11881=CARTESIAN_POINT('',(-3.05403096320931,24.,-6.1140615090646));
#11882=CARTESIAN_POINT('',(3.34531968614134,24.,-8.15302254802564));
#11883=CARTESIAN_POINT('',(3.34531968614134,24.,-6.1140615090646));
#11884=CARTESIAN_POINT('',(-7.57675823593658,24.,-8.15302254802564));
#11885=CARTESIAN_POINT('',(3.34531968614134,24.,-8.15302254802564));
#11886=CARTESIAN_POINT('',(-7.57675823593658,24.,8.84697745197436));
#11887=CARTESIAN_POINT('',(-7.57675823593658,24.,-8.15302254802564));
#11888=CARTESIAN_POINT('',(3.57908591990757,24.,8.84697745197436));
#11889=CARTESIAN_POINT('',(-7.57675823593658,24.,8.84697745197436));
#11890=CARTESIAN_POINT('',(3.57908591990757,24.,6.80801641301332));
#11891=CARTESIAN_POINT('',(3.57908591990757,24.,8.84697745197436));
#11892=CARTESIAN_POINT('',(-3.05403096320931,24.,6.80801641301332));
#11893=CARTESIAN_POINT('',(3.57908591990757,24.,6.80801641301332));
#11894=CARTESIAN_POINT('Origin',(-3.05403096320931,24.,4.55801641301332));
#11895=CARTESIAN_POINT('Origin',(10.3297352705569,19.,9.34697745197436));
#11896=CARTESIAN_POINT('',(10.3297352705569,23.5000000000187,9.34697745197436));
#11897=CARTESIAN_POINT('',(12.6024625432842,23.5000000000178,9.34697745197436));
#11898=CARTESIAN_POINT('Origin',(13.1024625432842,19.,8.84697745197436));
#11899=CARTESIAN_POINT('',(13.1024625432842,23.5000000000178,8.84697745197436));
#11900=CARTESIAN_POINT('Ctrl Pts',(22.9204943929096,19.,-3.62169849863943));
#11901=CARTESIAN_POINT('Ctrl Pts',(22.9204943929096,24.,-3.62169849863943));
#11902=CARTESIAN_POINT('Ctrl Pts',(22.9173551096693,19.,-3.81541544246556));
#11903=CARTESIAN_POINT('Ctrl Pts',(22.9173551096693,24.,-3.81541544246556));
#11904=CARTESIAN_POINT('Ctrl Pts',(22.9102417946012,19.,-4.20339858745003));
#11905=CARTESIAN_POINT('Ctrl Pts',(22.9102417946012,24.,-4.20339858745003));
#11906=CARTESIAN_POINT('Ctrl Pts',(22.8417689350255,19.,-4.68345237075268));
#11907=CARTESIAN_POINT('Ctrl Pts',(22.8417689350255,24.,-4.68345237075268));
#11908=CARTESIAN_POINT('Ctrl Pts',(22.7691997785884,19.,-5.06430575141296));
#11909=CARTESIAN_POINT('Ctrl Pts',(22.7691997785884,24.,-5.06430575141296));
#11910=CARTESIAN_POINT('Ctrl Pts',(22.6724421492407,19.,-5.43960491011115));
#11911=CARTESIAN_POINT('Ctrl Pts',(22.6724421492407,24.,-5.43960491011115));
#11912=CARTESIAN_POINT('Ctrl Pts',(22.51027711624,19.,-5.89719786050925));
#11913=CARTESIAN_POINT('Ctrl Pts',(22.51027711624,24.,-5.89719786050925));
#11914=CARTESIAN_POINT('Ctrl Pts',(22.2518696969136,19.,-6.4188032704496));
#11915=CARTESIAN_POINT('Ctrl Pts',(22.2518696969136,24.,-6.4188032704496));
#11916=CARTESIAN_POINT('Ctrl Pts',(21.9341749755229,19.,-6.90720750100114));
#11917=CARTESIAN_POINT('Ctrl Pts',(21.9341749755229,24.,-6.90720750100114));
#11918=CARTESIAN_POINT('Ctrl Pts',(21.55814893413,19.,-7.35319158705097));
#11919=CARTESIAN_POINT('Ctrl Pts',(21.55814893413,24.,-7.35319158705097));
#11920=CARTESIAN_POINT('Ctrl Pts',(21.1207603445663,19.,-7.73842902885928));
#11921=CARTESIAN_POINT('Ctrl Pts',(21.1207603445663,24.,-7.73842902885928));
#11922=CARTESIAN_POINT('Ctrl Pts',(20.6308378395813,19.,-8.05706574043005));
#11923=CARTESIAN_POINT('Ctrl Pts',(20.6308378395813,24.,-8.05706574043005));
#11924=CARTESIAN_POINT('Ctrl Pts',(20.0939473695132,19.,-8.28539350691005));
#11925=CARTESIAN_POINT('Ctrl Pts',(20.0939473695132,24.,-8.28539350691005));
#11926=CARTESIAN_POINT('Ctrl Pts',(19.5292803673018,19.,-8.42761128230284));
#11927=CARTESIAN_POINT('Ctrl Pts',(19.5292803673018,24.,-8.42761128230284));
#11928=CARTESIAN_POINT('Ctrl Pts',(18.9565819081264,19.,-8.52876633393186));
#11929=CARTESIAN_POINT('Ctrl Pts',(18.9565819081264,24.,-8.52876633393186));
#11930=CARTESIAN_POINT('Ctrl Pts',(18.378013586917,19.,-8.58632566162918));
#11931=CARTESIAN_POINT('Ctrl Pts',(18.378013586917,24.,-8.58632566162918));
#11932=CARTESIAN_POINT('Ctrl Pts',(17.6052648355472,19.,-8.64587153742879));
#11933=CARTESIAN_POINT('Ctrl Pts',(17.6052648355472,24.,-8.64587153742879));
#11934=CARTESIAN_POINT('Ctrl Pts',(17.0236978208405,19.,-8.65032292017957));
#11935=CARTESIAN_POINT('Ctrl Pts',(17.0236978208405,24.,-8.65032292017957));
#11936=CARTESIAN_POINT('Ctrl Pts',(16.6362583924154,19.,-8.65301051858442));
#11937=CARTESIAN_POINT('Ctrl Pts',(16.6362583924154,24.,-8.65301051858442));
#11938=CARTESIAN_POINT('Ctrl Pts',(16.6352485875125,19.,-8.65301752342143));
#11939=CARTESIAN_POINT('Ctrl Pts',(16.6352485875125,24.,-8.65301752342143));
#11940=CARTESIAN_POINT('Ctrl Pts',(16.6342387826096,19.,-8.65302452825844));
#11941=CARTESIAN_POINT('Ctrl Pts',(16.6342387826096,24.,-8.65302452825844));
#11942=CARTESIAN_POINT('Ctrl Pts',(16.6332289777067,19.,-8.65303153309545));
#11943=CARTESIAN_POINT('Ctrl Pts',(16.6332289777067,24.,-8.65303153309545));
#11944=CARTESIAN_POINT('',(22.9204943929096,23.4999999999965,-3.62169849863943));
#11945=CARTESIAN_POINT('',(16.6327900647919,23.4999999999882,-8.65302254802564));
#11946=CARTESIAN_POINT('Origin',(16.6327900647919,19.,-8.65302254802564));
#11947=CARTESIAN_POINT('',(10.3297352705569,23.4999999999892,-8.65302254802564));
#11948=CARTESIAN_POINT('Origin',(9.82973527055691,19.,-8.15302254802564));
#11949=CARTESIAN_POINT('',(9.82973527055691,23.4999999999892,-8.15302254802564));
#11950=CARTESIAN_POINT('',(9.82973527055691,23.5000000000179,8.84697745197436));
#11951=CARTESIAN_POINT('Origin',(13.1024625432842,19.,-2.92250306750616));
#11952=CARTESIAN_POINT('',(13.1024625432842,19.,-3.8640615090646));
#11953=CARTESIAN_POINT('',(13.1024625432842,19.,-3.8640615090646));
#11954=CARTESIAN_POINT('',(13.1024625432842,23.4999999999939,-3.8640615090646));
#11955=CARTESIAN_POINT('Ctrl Pts',(15.6337125432842,19.,-5.6140615090646));
#11956=CARTESIAN_POINT('Ctrl Pts',(15.6337125432842,24.5,-5.6140615090646));
#11957=CARTESIAN_POINT('Ctrl Pts',(15.8053814855469,19.,-5.61266140953328));
#11958=CARTESIAN_POINT('Ctrl Pts',(15.8053814855469,24.5,-5.61266140953328));
#11959=CARTESIAN_POINT('Ctrl Pts',(16.1316751314352,19.,-5.61000022006791));
#11960=CARTESIAN_POINT('Ctrl Pts',(16.1316751314352,24.5,-5.61000022006791));
#11961=CARTESIAN_POINT('Ctrl Pts',(16.5944235934767,19.,-5.60903240065478));
#11962=CARTESIAN_POINT('Ctrl Pts',(16.5944235934767,24.5,-5.60903240065478));
#11963=CARTESIAN_POINT('Ctrl Pts',(17.0035194692796,19.,-5.59702828212667));
#11964=CARTESIAN_POINT('Ctrl Pts',(17.0035194692796,24.5,-5.59702828212667));
#11965=CARTESIAN_POINT('Ctrl Pts',(17.3591210117618,19.,-5.58320354126327));
#11966=CARTESIAN_POINT('Ctrl Pts',(17.3591210117618,24.5,-5.58320354126327));
#11967=CARTESIAN_POINT('Ctrl Pts',(17.6611277959087,19.,-5.5650037853446));
#11968=CARTESIAN_POINT('Ctrl Pts',(17.6611277959087,24.5,-5.5650037853446));
#11969=CARTESIAN_POINT('Ctrl Pts',(17.9100537112281,19.,-5.54555102754919));
#11970=CARTESIAN_POINT('Ctrl Pts',(17.9100537112281,24.5,-5.54555102754919));
#11971=CARTESIAN_POINT('Ctrl Pts',(18.1038480910848,19.,-5.51706524537979));
#11972=CARTESIAN_POINT('Ctrl Pts',(18.1038480910848,24.5,-5.51706524537979));
#11973=CARTESIAN_POINT('Ctrl Pts',(18.2137557965683,19.,-5.49277344251284));
#11974=CARTESIAN_POINT('Ctrl Pts',(18.2137557965683,24.5,-5.49277344251284));
#11975=CARTESIAN_POINT('Ctrl Pts',(18.2599300757517,19.,-5.48256800257109));
#11976=CARTESIAN_POINT('Ctrl Pts',(18.2599300757517,24.5,-5.48256800257109));
#11977=CARTESIAN_POINT('',(15.6337125432842,19.,-5.6140615090646));
#11978=CARTESIAN_POINT('',(15.6337125432842,23.49999999999,-5.6140615090646));
#11979=CARTESIAN_POINT('Ctrl Pts',(18.2599300757517,19.,-5.48256800257109));
#11980=CARTESIAN_POINT('Ctrl Pts',(18.2137557965683,19.,-5.49277344251284));
#11981=CARTESIAN_POINT('Ctrl Pts',(18.1038480910848,19.,-5.51706524537979));
#11982=CARTESIAN_POINT('Ctrl Pts',(17.9100537112281,19.,-5.54555102754919));
#11983=CARTESIAN_POINT('Ctrl Pts',(17.6611277959087,19.,-5.5650037853446));
#11984=CARTESIAN_POINT('Ctrl Pts',(17.3591210117618,19.,-5.58320354126327));
#11985=CARTESIAN_POINT('Ctrl Pts',(17.0035194692796,19.,-5.59702828212667));
#11986=CARTESIAN_POINT('Ctrl Pts',(16.5944235934767,19.,-5.60903240065478));
#11987=CARTESIAN_POINT('Ctrl Pts',(16.1316751314352,19.,-5.61000022006791));
#11988=CARTESIAN_POINT('Ctrl Pts',(15.8053814855469,19.,-5.61266140953328));
#11989=CARTESIAN_POINT('Ctrl Pts',(15.6337125432842,19.,-5.6140615090646));
#11990=CARTESIAN_POINT('Origin',(14.8524625432842,19.,-5.6140615090646));
#11991=CARTESIAN_POINT('',(14.8524625432842,19.,-5.6140615090646));
#11992=CARTESIAN_POINT('',(14.8524625432842,23.4999999999929,-5.6140615090646));
#11993=CARTESIAN_POINT('',(15.6337125432842,19.,-5.6140615090646));
#11994=CARTESIAN_POINT('Origin',(0.,19.,0.));
#11995=CARTESIAN_POINT('Origin',(14.8524625432842,19.,-3.8640615090646));
#11996=CARTESIAN_POINT('Origin',(0.,24.,0.));
#11997=CARTESIAN_POINT('',(33.9205690943198,24.,-8.1530225480526));
#11998=CARTESIAN_POINT('',(29.282883071119,24.,5.10365768526477));
#11999=CARTESIAN_POINT('',(33.9205690943027,24.,-8.15302254805856));
#12000=CARTESIAN_POINT('',(28.8060851310226,24.,7.91047593837358));
#12001=CARTESIAN_POINT('Origin',(37.3060851310495,24.,7.91047593837354));
#12002=CARTESIAN_POINT('',(28.8060851310226,24.,8.84697745197436));
#12003=CARTESIAN_POINT('',(28.8060851310226,24.,7.91047593837358));
#12004=CARTESIAN_POINT('',(30.3501088962265,24.,8.84697745200133));
#12005=CARTESIAN_POINT('',(28.8060851310226,24.,8.84697745200133));
#12006=CARTESIAN_POINT('',(31.1713940559294,24.,6.40556145818779));
#12007=CARTESIAN_POINT('',(30.3501088962439,24.,8.84697745200718));
#12008=CARTESIAN_POINT('',(33.3039632949992,24.,4.87295147797535));
#12009=CARTESIAN_POINT('Origin',(33.3039632949992,24.,7.12295147794839));
#12010=CARTESIAN_POINT('',(37.360741843095,24.,4.87295147797535));
#12011=CARTESIAN_POINT('',(33.3039632949992,24.,4.87295147797535));
#12012=CARTESIAN_POINT('',(39.4927181849226,24.,6.40380136999735));
#12013=CARTESIAN_POINT('Origin',(37.360741843095,24.,7.12295147794839));
#12014=CARTESIAN_POINT('',(40.3168409993424,24.,8.84697745198298));
#12015=CARTESIAN_POINT('',(39.4927181849226,24.,6.40380136999734));
#12016=CARTESIAN_POINT('',(41.8586200070449,24.,8.84697745200133));
#12017=CARTESIAN_POINT('',(40.3168409993424,24.,8.84697745200133));
#12018=CARTESIAN_POINT('',(41.8586200070719,24.,7.90316508797946));
#12019=CARTESIAN_POINT('',(41.8586200070719,24.,8.84697745200133));
#12020=CARTESIAN_POINT('',(41.3818220669755,24.,5.09634683487064));
#12021=CARTESIAN_POINT('Origin',(33.3586200070449,24.,7.9031650879795));
#12022=CARTESIAN_POINT('',(36.7466936546117,24.,-8.15302254803454));
#12023=CARTESIAN_POINT('',(41.3818220669755,24.,5.09634683487065));
#12024=CARTESIAN_POINT('',(36.7466936546117,24.,-8.1530225480526));
#12025=CARTESIAN_POINT('',(32.3265059361188,24.,0.617975584972893));
#12026=CARTESIAN_POINT('',(33.20136387602,24.,-1.98825443921677));
#12027=CARTESIAN_POINT('',(32.3265059361188,24.,0.617975584972889));
#12028=CARTESIAN_POINT('',(37.4670779700909,24.,-1.98929209505935));
#12029=CARTESIAN_POINT('Origin',(35.3343952233825,24.,-1.27223958520232));
#12030=CARTESIAN_POINT('',(38.3433469711855,24.,0.616937929130315));
#12031=CARTESIAN_POINT('',(37.4670779700909,24.,-1.98929209505935));
#12032=CARTESIAN_POINT('',(36.2106642244771,24.,3.58399043898737));
#12033=CARTESIAN_POINT('Origin',(36.2106642244771,24.,1.33399043898735));
#12034=CARTESIAN_POINT('',(34.4595372834812,24.,3.58399043898737));
#12035=CARTESIAN_POINT('',(36.2106642244771,24.,3.58399043898737));
#12036=CARTESIAN_POINT('Origin',(34.4595372834812,24.,1.33399043898735));
#12037=CARTESIAN_POINT('Origin',(37.1014885173102,24.,-8.65302254802564));
#12038=CARTESIAN_POINT('',(37.2186467169336,23.500000000027,-8.31812950409034));
#12039=CARTESIAN_POINT('',(37.2186467169336,23.500000000027,-8.31812950409034));
#12040=CARTESIAN_POINT('',(41.8537751292974,23.500000000027,4.93123987881485));
#12041=CARTESIAN_POINT('',(37.2186467169336,23.500000000027,-8.31812950409034));
#12042=CARTESIAN_POINT('',(41.8537751292973,19.,4.93123987881448));
#12043=CARTESIAN_POINT('Origin',(33.5657742315959,24.,-8.65302254802564));
#12044=CARTESIAN_POINT('',(33.9205690943198,23.500000000027,-8.65302254802564));
#12045=CARTESIAN_POINT('',(33.9205690943198,23.500000000027,-8.65302254802564));
#12046=CARTESIAN_POINT('',(36.7466936545863,23.500000000027,-8.65302254802564));
#12047=CARTESIAN_POINT('',(33.9205690943198,23.500000000027,-8.65302254802564));
#12048=CARTESIAN_POINT('',(36.7466936545863,23.500000000027,-8.65302254802564));
#12049=CARTESIAN_POINT('Origin',(27.268696309518,24.,9.34697745197436));
#12050=CARTESIAN_POINT('',(28.8109300087971,23.500000000027,4.93855072920897));
#12051=CARTESIAN_POINT('',(28.8109300087971,23.500000000027,4.93855072920897));
#12052=CARTESIAN_POINT('',(33.4486160319724,23.500000000027,-8.31812950409034));
#12053=CARTESIAN_POINT('',(28.8109300087971,23.500000000027,4.93855072920897));
#12054=CARTESIAN_POINT('',(33.4486160319724,23.500000000027,-8.31812950409034));
#12055=CARTESIAN_POINT('Origin',(30.7094430627647,24.,9.34697745197436));
#12056=CARTESIAN_POINT('',(30.3501088962265,23.500000000027,9.34697745197436));
#12057=CARTESIAN_POINT('',(30.3501088962265,23.500000000027,9.34697745197436));
#12058=CARTESIAN_POINT('',(28.8060851310495,23.500000000027,9.34697745197436));
#12059=CARTESIAN_POINT('',(30.3501088962265,23.500000000027,9.34697745197436));
#12060=CARTESIAN_POINT('',(28.8060851310494,19.,9.34697745197436));
#12061=CARTESIAN_POINT('Origin',(32.0462937121154,24.,5.37295147794839));
#12062=CARTESIAN_POINT('',(31.6452983312584,23.500000000027,6.56498146257235));
#12063=CARTESIAN_POINT('',(31.6452983312584,23.500000000027,6.56498146257235));
#12064=CARTESIAN_POINT('',(30.824013171581,23.500000000027,9.00639745636752));
#12065=CARTESIAN_POINT('',(31.6452983312584,23.500000000027,6.56498146257235));
#12066=CARTESIAN_POINT('',(30.824013171581,23.500000000027,9.00639745636752));
#12067=CARTESIAN_POINT('Origin',(38.6173164393881,24.,5.37295147794839));
#12068=CARTESIAN_POINT('',(37.360741843095,23.500000000027,5.37295147794839));
#12069=CARTESIAN_POINT('',(37.360741843095,23.500000000027,5.37295147794839));
#12070=CARTESIAN_POINT('',(33.3039632949992,23.500000000027,5.37295147794839));
#12071=CARTESIAN_POINT('',(37.360741843095,23.500000000027,5.37295147794839));
#12072=CARTESIAN_POINT('',(33.3039632949992,23.500000000027,5.37295147794839));
#12073=CARTESIAN_POINT('Origin',(39.9578196861413,24.,9.34697745197436));
#12074=CARTESIAN_POINT('',(39.8430684789561,23.500000000027,9.00678858707651));
#12075=CARTESIAN_POINT('',(39.8430684789561,23.500000000027,9.00678858707651));
#12076=CARTESIAN_POINT('',(39.0189456645363,23.500000000027,6.56361250509087));
#12077=CARTESIAN_POINT('',(39.8430684789561,23.500000000027,9.00678858707651));
#12078=CARTESIAN_POINT('',(39.0189456645363,23.500000000027,6.56361250509087));
#12079=CARTESIAN_POINT('Origin',(43.3985664393881,24.,9.34697745197436));
#12080=CARTESIAN_POINT('',(41.8586200070449,23.500000000027,9.34697745197436));
#12081=CARTESIAN_POINT('',(41.8586200070448,19.,9.34697745197436));
#12082=CARTESIAN_POINT('',(40.3168409993679,23.500000000027,9.34697745197436));
#12083=CARTESIAN_POINT('',(41.8586200070449,23.500000000027,9.34697745197436));
#12084=CARTESIAN_POINT('',(40.3168409993679,23.500000000027,9.34697745197436));
#12085=CARTESIAN_POINT('Origin',(50.0806281276998,24.,9.34697745197436));
#12086=CARTESIAN_POINT('',(49.7969658941459,23.5,9.34697745197436));
#12087=CARTESIAN_POINT('',(49.7969658941459,23.5,9.34697745197436));
#12088=CARTESIAN_POINT('',(47.225467530378,23.5,9.34697745197436));
#12089=CARTESIAN_POINT('',(49.7969658941459,23.5,9.34697745197436));
#12090=CARTESIAN_POINT('',(47.225467530378,23.5,9.34697745197436));
#12091=CARTESIAN_POINT('Origin',(53.8245404653621,24.,3.08277290651982));
#12092=CARTESIAN_POINT('',(52.3223843635307,23.5,5.59613653055969));
#12093=CARTESIAN_POINT('',(52.3223843635307,23.5,5.59613653055969));
#12094=CARTESIAN_POINT('',(50.226153351812,23.5,9.10348890626461));
#12095=CARTESIAN_POINT('',(52.3223843635307,23.5,5.59613653055969));
#12096=CARTESIAN_POINT('',(50.226153351812,23.5,9.10348890626461));
#12097=CARTESIAN_POINT('Origin',(57.5684528030245,24.,9.34697745197436));
#12098=CARTESIAN_POINT('',(57.4229275789122,23.5,9.10348890626461));
#12099=CARTESIAN_POINT('',(57.4229275789122,23.5,9.10348890626461));
#12100=CARTESIAN_POINT('',(55.3266965671935,23.5,5.59613653055969));
#12101=CARTESIAN_POINT('',(57.4229275789122,23.5,9.10348890626461));
#12102=CARTESIAN_POINT('',(55.3266965671935,23.5,5.59613653055969));
#12103=CARTESIAN_POINT('Origin',(61.3050599458816,24.,9.34697745197436));
#12104=CARTESIAN_POINT('',(60.4239076433338,23.5,9.34697745197436));
#12105=CARTESIAN_POINT('',(60.4239076433338,23.5,9.34697745197436));
#12106=CARTESIAN_POINT('',(57.8521150365783,23.5,9.34697745197436));
#12107=CARTESIAN_POINT('',(60.4239076433338,23.5,9.34697745197436));
#12108=CARTESIAN_POINT('',(57.8521150365783,23.5,9.34697745197436));
#12109=CARTESIAN_POINT('Origin',(55.694670335492,24.,-0.04385047010356));
#12110=CARTESIAN_POINT('',(56.2308560011658,23.5,0.853632177323071));
#12111=CARTESIAN_POINT('',(56.2308560011658,23.5,0.853632177323071));
#12112=CARTESIAN_POINT('',(60.8531394635994,23.5,8.59054023846682));
#12113=CARTESIAN_POINT('',(56.2308560011658,23.5,0.853632177323072));
#12114=CARTESIAN_POINT('',(60.8531394635994,23.5,8.59054023846682));
#12115=CARTESIAN_POINT('Origin',(60.8375274783491,24.,-8.65302254802564));
#12116=CARTESIAN_POINT('',(60.3856669046844,23.5,-7.89660538032126));
#12117=CARTESIAN_POINT('',(60.3856669046844,23.5,-7.89660538032126));
#12118=CARTESIAN_POINT('',(56.2308140873103,23.5,-0.941358156918658));
#12119=CARTESIAN_POINT('',(60.3856669046844,23.5,-7.89660538032126));
#12120=CARTESIAN_POINT('',(56.2308140873103,23.5,-0.941358156918658));
#12121=CARTESIAN_POINT('Origin',(57.100920335492,24.,-8.65302254802564));
#12122=CARTESIAN_POINT('',(57.3845986496094,23.5,-8.65302254802564));
#12123=CARTESIAN_POINT('',(57.3845986496094,23.5,-8.65302254802564));
#12124=CARTESIAN_POINT('',(59.9564231090316,23.5,-8.65302254802564));
#12125=CARTESIAN_POINT('',(57.3845986496094,23.5,-8.65302254802564));
#12126=CARTESIAN_POINT('',(59.9564231090316,23.5,-8.65302254802564));
#12127=CARTESIAN_POINT('Origin',(53.8245404653621,24.,-3.17047384672694));
#12128=CARTESIAN_POINT('',(55.3267402517466,23.5,-5.68418831647402));
#12129=CARTESIAN_POINT('',(55.3267402517466,23.5,-5.68418831647402));
#12130=CARTESIAN_POINT('',(56.9553987106424,23.5,-8.40951311781471));
#12131=CARTESIAN_POINT('',(55.3267402517466,23.5,-5.68418831647402));
#12132=CARTESIAN_POINT('',(56.9553987106424,23.5,-8.40951311781471));
#12133=CARTESIAN_POINT('Origin',(50.5481605952323,24.,-8.65302254802564));
#12134=CARTESIAN_POINT('',(50.6936822200818,23.5,-8.40951311781471));
#12135=CARTESIAN_POINT('',(50.6936822200818,23.5,-8.40951311781471));
#12136=CARTESIAN_POINT('',(52.3223406789776,23.5,-5.68418831647402));
#12137=CARTESIAN_POINT('',(50.6936822200818,23.5,-8.40951311781471));
#12138=CARTESIAN_POINT('',(52.3223406789776,23.5,-5.68418831647402));
#12139=CARTESIAN_POINT('Origin',(46.8115534523751,24.,-8.65302254802564));
#12140=CARTESIAN_POINT('',(47.6929787738626,23.5,-8.65302254802564));
#12141=CARTESIAN_POINT('',(47.6929787738626,23.5,-8.65302254802564));
#12142=CARTESIAN_POINT('',(50.2644822811148,23.5,-8.65302254802564));
#12143=CARTESIAN_POINT('',(47.6929787738626,23.5,-8.65302254802564));
#12144=CARTESIAN_POINT('',(50.2644822811148,23.5,-8.65302254802564));
#12145=CARTESIAN_POINT('Origin',(51.9580631926349,24.,-0.04385047010356));
#12146=CARTESIAN_POINT('',(51.4212737729821,23.5,-0.941801259401954));
#12147=CARTESIAN_POINT('',(51.4212737729821,23.5,-0.941801259401954));
#12148=CARTESIAN_POINT('',(47.2638151622716,23.5,-7.89647119939108));
#12149=CARTESIAN_POINT('',(51.4212737729821,23.5,-0.941801259401954));
#12150=CARTESIAN_POINT('',(47.2638151622716,23.5,-7.89647119939108));
#12151=CARTESIAN_POINT('Origin',(46.3440209848427,24.,9.34697745197436));
#12152=CARTESIAN_POINT('',(46.7963092211504,23.5,8.59041723366129));
#12153=CARTESIAN_POINT('',(46.7963092211504,23.5,8.59041723366129));
#12154=CARTESIAN_POINT('',(51.4212552147106,23.5,0.854089224914767));
#12155=CARTESIAN_POINT('',(46.7963092211504,23.5,8.59041723366129));
#12156=CARTESIAN_POINT('',(51.4212552147106,23.5,0.854089224914767));
#12157=CARTESIAN_POINT('Origin',(0.,24.,0.));
#12158=CARTESIAN_POINT('',(57.3845986496094,24.,-8.15302254802563));
#12159=CARTESIAN_POINT('',(55.7559401907136,24.,-5.42769774668495));
#12160=CARTESIAN_POINT('',(57.3845986496094,24.,-8.15302254802564));
#12161=CARTESIAN_POINT('',(51.8931407400106,24.,-5.42769774668494));
#12162=CARTESIAN_POINT('Origin',(53.8245404653621,24.,-6.58190531073578));
#12163=CARTESIAN_POINT('',(50.2644822811148,24.,-8.15302254802563));
#12164=CARTESIAN_POINT('',(51.8931407400106,24.,-5.42769774668494));
#12165=CARTESIAN_POINT('',(47.6929787738626,24.,-8.15302254802563));
#12166=CARTESIAN_POINT('',(50.2644822811148,24.,-8.15302254802563));
#12167=CARTESIAN_POINT('',(51.8504373845731,24.,-1.19835260803652));
#12168=CARTESIAN_POINT('',(47.6929787738626,24.,-8.15302254802564));
#12169=CARTESIAN_POINT('',(51.8504135239383,24.,1.11064944322784));
#12170=CARTESIAN_POINT('Origin',(49.9192011324138,24.,-0.0438715391810011));
#12171=CARTESIAN_POINT('',(47.2254675303781,24.,8.84697745197436));
#12172=CARTESIAN_POINT('',(51.8504135239383,24.,1.11064944322785));
#12173=CARTESIAN_POINT('',(49.7969658941459,24.,8.84697745197436));
#12174=CARTESIAN_POINT('',(47.2254675303781,24.,8.84697745197436));
#12175=CARTESIAN_POINT('',(51.8931969058646,24.,5.33962507626943));
#12176=CARTESIAN_POINT('',(49.7969658941459,24.,8.84697745197434));
#12177=CARTESIAN_POINT('',(55.7558840248597,24.,5.33962507626944));
#12178=CARTESIAN_POINT('Origin',(53.8245404653621,24.,6.49392662057554));
#12179=CARTESIAN_POINT('',(57.8521150365783,24.,8.84697745197436));
#12180=CARTESIAN_POINT('',(55.7558840248597,24.,5.33962507626944));
#12181=CARTESIAN_POINT('',(60.4239076433338,24.,8.84697745197436));
#12182=CARTESIAN_POINT('',(57.8521150365783,24.,8.84697745197436));
#12183=CARTESIAN_POINT('',(55.8016241809002,24.,1.11006939083062));
#12184=CARTESIAN_POINT('',(60.4239076433338,24.,8.84697745197437));
#12185=CARTESIAN_POINT('',(55.8015702916574,24.,-1.19777532462304));
#12186=CARTESIAN_POINT('Origin',(57.7331673720953,24.,-0.0438980699533405));
#12187=CARTESIAN_POINT('',(59.9564231090316,24.,-8.15302254802564));
#12188=CARTESIAN_POINT('',(55.8015702916574,24.,-1.19777532462303));
#12189=CARTESIAN_POINT('',(59.9564231090316,24.,-8.15302254802563));
#12190=CARTESIAN_POINT('Origin',(32.0261337608637,7.13137049036192,3.08399043898735));
#12191=CARTESIAN_POINT('',(34.4595372834812,19.,3.08399043898735));
#12192=CARTESIAN_POINT('',(34.4595372834812,23.5,3.08399043898735));
#12193=CARTESIAN_POINT('',(34.4595372834812,19.,3.08399043898735));
#12194=CARTESIAN_POINT('',(36.2106642244771,23.5,3.08399043898735));
#12195=CARTESIAN_POINT('',(34.4595372834812,23.5,3.08399043898735));
#12196=CARTESIAN_POINT('',(36.2106642244771,19.,3.08399043898735));
#12197=CARTESIAN_POINT('',(36.2106642244771,19.,3.08399043898735));
#12198=CARTESIAN_POINT('',(34.4595372834812,19.,3.08399043898735));
#12199=CARTESIAN_POINT('Origin',(38.6453169642077,7.13137049036192,3.08399043898735));
#12200=CARTESIAN_POINT('',(37.869417471917,19.,0.776282931320772));
#12201=CARTESIAN_POINT('',(37.869417471917,23.5,0.776282931320774));
#12202=CARTESIAN_POINT('',(37.869417471917,19.,0.776282931320774));
#12203=CARTESIAN_POINT('',(36.9931484708223,23.5,-1.82994709286889));
#12204=CARTESIAN_POINT('',(37.869417471917,23.5,0.776282931320773));
#12205=CARTESIAN_POINT('',(36.9931484708223,19.,-1.8299470928689));
#12206=CARTESIAN_POINT('',(36.9931484708223,19.,-1.82994709286889));
#12207=CARTESIAN_POINT('',(37.869417471917,19.,0.776282931320771));
#12208=CARTESIAN_POINT('Origin',(35.3330584877559,7.13137049036192,-6.76744499741584));
#12209=CARTESIAN_POINT('',(33.6753708421006,19.,-1.82914002721356));
#12210=CARTESIAN_POINT('',(33.6753708421006,23.5,-1.82914002721356));
#12211=CARTESIAN_POINT('',(33.6753708421006,19.,-1.82914002721356));
#12212=CARTESIAN_POINT('',(32.8005129021994,23.5,0.777089996976109));
#12213=CARTESIAN_POINT('',(33.6753708421006,23.5,-1.82914002721356));
#12214=CARTESIAN_POINT('',(32.8005129021994,19.,0.777089996976109));
#12215=CARTESIAN_POINT('',(32.8005129021994,19.,0.777089996976109));
#12216=CARTESIAN_POINT('',(33.6753708421006,19.,-1.82914002721356));
#12217=CARTESIAN_POINT('Origin',(-41.9375026027727,7.13137049036192,3.08399043898735));
#12218=CARTESIAN_POINT('',(-39.5040990801552,19.,3.08399043898735));
#12219=CARTESIAN_POINT('',(-39.5040990801552,23.5,3.08399043898735));
#12220=CARTESIAN_POINT('',(-39.5040990801552,19.,3.08399043898735));
#12221=CARTESIAN_POINT('',(-37.7529721391593,23.5,3.08399043898735));
#12222=CARTESIAN_POINT('',(-39.5040990801552,23.5,3.08399043898735));
#12223=CARTESIAN_POINT('',(-37.7529721391593,19.,3.08399043898735));
#12224=CARTESIAN_POINT('',(-37.7529721391593,19.,3.08399043898735));
#12225=CARTESIAN_POINT('',(-39.5040990801552,19.,3.08399043898735));
#12226=CARTESIAN_POINT('Origin',(-35.3183193994287,7.13137049036192,3.08399043898735));
#12227=CARTESIAN_POINT('',(-36.0942188917194,19.,0.776282931320774));
#12228=CARTESIAN_POINT('',(-36.0942188917194,23.5,0.776282931320775));
#12229=CARTESIAN_POINT('',(-36.0942188917194,19.,0.776282931320775));
#12230=CARTESIAN_POINT('',(-36.970487892814,23.5,-1.8299470928689));
#12231=CARTESIAN_POINT('',(-36.0942188917194,23.5,0.776282931320774));
#12232=CARTESIAN_POINT('',(-36.970487892814,19.,-1.8299470928689));
#12233=CARTESIAN_POINT('',(-36.970487892814,19.,-1.8299470928689));
#12234=CARTESIAN_POINT('',(-36.0942188917194,19.,0.776282931320773));
#12235=CARTESIAN_POINT('Origin',(-38.6305778758804,7.13137049036192,-6.76744499741584));
#12236=CARTESIAN_POINT('',(-40.2882655215358,19.,-1.82914002721356));
#12237=CARTESIAN_POINT('',(-40.2882655215358,23.5,-1.82914002721356));
#12238=CARTESIAN_POINT('',(-40.2882655215358,19.,-1.82914002721356));
#12239=CARTESIAN_POINT('',(-41.163123461437,23.5,0.77708999697611));
#12240=CARTESIAN_POINT('',(-40.2882655215358,23.5,-1.82914002721356));
#12241=CARTESIAN_POINT('',(-41.163123461437,19.,0.777089996976112));
#12242=CARTESIAN_POINT('',(-41.163123461437,19.,0.77708999697611));
#12243=CARTESIAN_POINT('',(-40.2882655215358,19.,-1.82914002721356));
#12244=CARTESIAN_POINT('Origin',(0.,19.,0.));
#12245=CARTESIAN_POINT('Origin',(35.3343952233825,19.,-1.27223958520232));
#12246=CARTESIAN_POINT('Origin',(34.4595372834812,19.,1.33399043898735));
#12247=CARTESIAN_POINT('Origin',(36.2106642244771,19.,1.33399043898735));
#12248=CARTESIAN_POINT('Origin',(0.,19.,0.));
#12249=CARTESIAN_POINT('Origin',(-37.7529721391593,19.,1.33399043898735));
#12250=CARTESIAN_POINT('Origin',(-38.6292411402539,19.,-1.27223958520232));
#12251=CARTESIAN_POINT('Origin',(-39.5040990801552,19.,1.33399043898735));
#12252=CARTESIAN_POINT('Origin',(-3.05403096320931,24.,3.14892550392241));
#12253=CARTESIAN_POINT('Origin',(-3.05403096320931,23.5,3.14892550392241));
#12254=CARTESIAN_POINT('Origin',(-36.6028945205414,24.,7.12295147794839));
#12255=CARTESIAN_POINT('Origin',(-36.6028945205414,23.5,7.12295147794839));
#12256=CARTESIAN_POINT('Origin',(-40.6596730686372,24.,7.12295147794839));
#12257=CARTESIAN_POINT('Origin',(-40.6596730686372,23.5,7.12295147794839));
#12258=CARTESIAN_POINT('Origin',(-56.7735114826898,24.,4.55801641301332));
#12259=CARTESIAN_POINT('Origin',(-56.7735114826898,23.5,4.55801641301332));
#12260=CARTESIAN_POINT('Origin',(53.8245404653621,24.,-6.58190531073578));
#12261=CARTESIAN_POINT('Origin',(53.8245404653621,23.5,-6.58190531073578));
#12262=CARTESIAN_POINT('Origin',(57.7331673720953,24.,-0.0438980699533405));
#12263=CARTESIAN_POINT('Origin',(57.7331673720953,23.5,-0.0438980699533405));
#12264=CARTESIAN_POINT('Origin',(49.9192011324138,24.,-0.0438715391810011));
#12265=CARTESIAN_POINT('Origin',(49.9192011324138,23.5,-0.0438715391810011));
#12266=CARTESIAN_POINT('Origin',(53.8245404653621,24.,6.49392662057554));
#12267=CARTESIAN_POINT('Origin',(53.8245404653621,23.5,6.49392662057554));
#12268=CARTESIAN_POINT('Origin',(37.360741843095,24.,7.12295147794839));
#12269=CARTESIAN_POINT('Origin',(37.360741843095,23.500000000027,7.12295147794839));
#12270=CARTESIAN_POINT('Origin',(33.3039632949992,24.,7.12295147794839));
#12271=CARTESIAN_POINT('Origin',(33.3039632949992,23.500000000027,7.12295147794839));
#12272=CARTESIAN_POINT('Origin',(-3.05403096320931,24.,4.55801641301332));
#12273=CARTESIAN_POINT('Origin',(-3.05403096320931,23.5,4.55801641301332));
#12274=CARTESIAN_POINT('Origin',(-3.05403096320931,24.,-3.15626930127239));
#12275=CARTESIAN_POINT('Origin',(-3.05403096320931,23.5,-3.15626930127239));
#12276=CARTESIAN_POINT('Origin',(-3.05403096320931,24.,-3.8640615090646));
#12277=CARTESIAN_POINT('Origin',(-3.05403096320931,23.5,-3.8640615090646));
#12278=CARTESIAN_POINT('Origin',(14.8524625432842,19.,-3.8640615090646));
#12279=CARTESIAN_POINT('Origin',(35.3343952233825,7.13137049036192,-1.27223958520232));
#12280=CARTESIAN_POINT('Origin',(35.3343952233825,23.5,-1.27223958520232));
#12281=CARTESIAN_POINT('Origin',(36.2106642244771,7.13137049036192,1.33399043898735));
#12282=CARTESIAN_POINT('Origin',(36.2106642244771,23.5,1.33399043898735));
#12283=CARTESIAN_POINT('Origin',(34.4595372834812,7.13137049036192,1.33399043898735));
#12284=CARTESIAN_POINT('Origin',(34.4595372834812,23.5,1.33399043898735));
#12285=CARTESIAN_POINT('Origin',(-37.7529721391593,7.13137049036192,1.33399043898735));
#12286=CARTESIAN_POINT('Origin',(-37.7529721391593,23.5,1.33399043898735));
#12287=CARTESIAN_POINT('Origin',(-39.5040990801552,7.13137049036192,1.33399043898735));
#12288=CARTESIAN_POINT('Origin',(-39.5040990801552,23.5,1.33399043898735));
#12289=CARTESIAN_POINT('Origin',(-38.6292411402539,7.13137049036192,-1.27223958520232));
#12290=CARTESIAN_POINT('Origin',(-38.6292411402539,23.5,-1.27223958520232));
#12291=CARTESIAN_POINT('Origin',(-25.716561884119,19.,3.72831301006537));
#12292=CARTESIAN_POINT('',(-25.9849071542793,19.,3.84061678695339));
#12293=CARTESIAN_POINT('Origin',(42.3586200070447,15.3258066840477,5.97339301509904));
#12294=CARTESIAN_POINT('',(42.3586200070449,23.5000000000269,7.90316508797946));
#12295=CARTESIAN_POINT('',(42.3586200070448,19.,7.9031650879791));
#12296=CARTESIAN_POINT('',(42.3586200070449,23.500000000027,8.84697745197436));
#12297=CARTESIAN_POINT('',(42.3586200070449,23.5000000000269,7.90316508797946));
#12298=CARTESIAN_POINT('',(42.3586200070448,19.,8.84697745197436));
#12299=CARTESIAN_POINT('Origin',(28.3060851310493,15.3258066840481,5.97339301509904));
#12300=CARTESIAN_POINT('',(28.3060851310495,23.500000000027,8.84697745197436));
#12301=CARTESIAN_POINT('',(28.3060851310494,19.,8.84697745197436));
#12302=CARTESIAN_POINT('',(28.3060851310495,23.500000000027,7.91047593837358));
#12303=CARTESIAN_POINT('',(28.3060851310495,23.500000000027,8.84697745197436));
#12304=CARTESIAN_POINT('',(28.3060851310495,23.500000000027,7.91047593837358));
#12305=CARTESIAN_POINT('Origin',(-31.6050163565917,15.3258066840498,5.97339301509904));
#12306=CARTESIAN_POINT('',(-31.6050163565914,23.5,7.90316508797944));
#12307=CARTESIAN_POINT('',(-31.6050163565916,19.,7.90316508797908));
#12308=CARTESIAN_POINT('',(-31.6050163565914,23.5,8.84697745197436));
#12309=CARTESIAN_POINT('',(-31.6050163565914,23.5,7.90316508797944));
#12310=CARTESIAN_POINT('',(-31.6050163565916,19.,8.84697745197436));
#12311=CARTESIAN_POINT('Origin',(-45.6575512325871,15.3258066840502,5.97339301509904));
#12312=CARTESIAN_POINT('',(-45.6575512325868,23.5,8.84697745197436));
#12313=CARTESIAN_POINT('',(-45.657551232587,19.,8.84697745197436));
#12314=CARTESIAN_POINT('',(-45.6575512325868,23.5000000000003,7.91047593837358));
#12315=CARTESIAN_POINT('',(-45.6575512325868,23.5,8.84697745197436));
#12316=CARTESIAN_POINT('',(-45.6575512325868,23.5000000000003,7.91047593837358));
#12317=CARTESIAN_POINT('Origin',(-36.6575512325871,15.3258066840501,7.91047593837424));
#12318=CARTESIAN_POINT('Origin',(-36.6575512325868,23.5,7.91047593837358));
#12319=CARTESIAN_POINT('Origin',(-40.6050163565917,15.3258066840499,7.90316508797878));
#12320=CARTESIAN_POINT('Origin',(-40.6050163565914,23.5,7.90316508797944));
#12321=CARTESIAN_POINT('Origin',(37.3060851310493,15.325806684048,7.91047593837424));
#12322=CARTESIAN_POINT('Origin',(37.3060851310495,23.500000000027,7.91047593837358));
#12323=CARTESIAN_POINT('Origin',(33.3586200070447,15.3258066840478,7.9031650879788));
#12324=CARTESIAN_POINT('Origin',(33.3586200070449,23.500000000027,7.90316508797946));
#12325=CARTESIAN_POINT('Origin',(50.2644822811148,24.,-8.15302254802564));
#12326=CARTESIAN_POINT('Origin',(50.2644822811148,23.5,-8.15302254802564));
#12327=CARTESIAN_POINT('Origin',(47.6929787738626,24.,-8.15302254802564));
#12328=CARTESIAN_POINT('Origin',(47.6929787738626,23.5,-8.15302254802564));
#12329=CARTESIAN_POINT('Origin',(47.225467530378,24.,8.84697745197436));
#12330=CARTESIAN_POINT('Origin',(47.225467530378,23.5,8.84697745197436));
#12331=CARTESIAN_POINT('Origin',(49.7969658941459,24.,8.84697745197436));
#12332=CARTESIAN_POINT('Origin',(49.7969658941459,23.5,8.84697745197436));
#12333=CARTESIAN_POINT('Origin',(57.8521150365783,24.,8.84697745197436));
#12334=CARTESIAN_POINT('Origin',(57.8521150365783,23.5,8.84697745197436));
#12335=CARTESIAN_POINT('Origin',(60.4239076433338,24.,8.84697745197436));
#12336=CARTESIAN_POINT('Origin',(60.4239076433338,23.5,8.84697745197436));
#12337=CARTESIAN_POINT('Origin',(59.9564231090316,24.,-8.15302254802564));
#12338=CARTESIAN_POINT('Origin',(59.9564231090316,23.5,-8.15302254802564));
#12339=CARTESIAN_POINT('Origin',(57.3845986496094,24.,-8.15302254802564));
#12340=CARTESIAN_POINT('Origin',(57.3845986496094,23.5,-8.15302254802564));
#12341=CARTESIAN_POINT('Origin',(2.87778721860887,24.,0.898925503922415));
#12342=CARTESIAN_POINT('Origin',(2.87778721860887,23.5,0.898925503922415));
#12343=CARTESIAN_POINT('Origin',(2.87778721860887,24.,-0.906269301272391));
#12344=CARTESIAN_POINT('Origin',(2.87778721860887,23.5,-0.906269301272391));
#12345=CARTESIAN_POINT('Origin',(3.34531968614134,24.,-6.1140615090646));
#12346=CARTESIAN_POINT('Origin',(3.34531968614134,23.5,-6.1140615090646));
#12347=CARTESIAN_POINT('Origin',(3.34531968614134,24.,-8.15302254802564));
#12348=CARTESIAN_POINT('Origin',(3.34531968614134,23.5,-8.15302254802564));
#12349=CARTESIAN_POINT('Origin',(-7.57675823593658,24.,-8.15302254802564));
#12350=CARTESIAN_POINT('Origin',(-7.57675823593658,23.5,-8.15302254802564));
#12351=CARTESIAN_POINT('Origin',(-7.57675823593658,24.,8.84697745197436));
#12352=CARTESIAN_POINT('Origin',(-7.57675823593658,23.5,8.84697745197436));
#12353=CARTESIAN_POINT('Origin',(3.57908591990757,24.,8.84697745197436));
#12354=CARTESIAN_POINT('Origin',(3.57908591990757,23.5,8.84697745197436));
#12355=CARTESIAN_POINT('Origin',(3.57908591990757,24.,6.80801641301332));
#12356=CARTESIAN_POINT('Origin',(3.57908591990757,23.5,6.80801641301332));
#12357=CARTESIAN_POINT('Origin',(-43.6135274674099,24.,8.84697745197436));
#12358=CARTESIAN_POINT('Origin',(-43.6135274674099,23.5,8.84697745197436));
#12359=CARTESIAN_POINT('Origin',(-33.6467953642684,24.,8.84697745197436));
#12360=CARTESIAN_POINT('Origin',(-33.6467953642684,23.5,8.84697745197436));
#12361=CARTESIAN_POINT('Origin',(-37.2169427090501,24.,-8.15302254802564));
#12362=CARTESIAN_POINT('Origin',(-37.2169427090501,23.5,-8.15302254802564));
#12363=CARTESIAN_POINT('Origin',(-40.0430672693166,24.,-8.15302254802564));
#12364=CARTESIAN_POINT('Origin',(-40.0430672693166,23.5,-8.15302254802564));
#12365=CARTESIAN_POINT('Origin',(-45.1575512325871,15.3258066840502,8.84697745197436));
#12366=CARTESIAN_POINT('Origin',(-45.1575512325868,23.5,8.84697745197436));
#12367=CARTESIAN_POINT('Origin',(-59.0235114826898,24.,-8.15302254802564));
#12368=CARTESIAN_POINT('Origin',(-59.0235114826898,23.5,-8.15302254802564));
#12369=CARTESIAN_POINT('Origin',(-61.2962387554171,24.,-8.15302254802564));
#12370=CARTESIAN_POINT('Origin',(-61.2962387554171,23.5,-8.15302254802564));
#12371=CARTESIAN_POINT('Origin',(-61.2962387554171,24.,8.84697745197436));
#12372=CARTESIAN_POINT('Origin',(-61.2962387554171,23.5,8.84697745197436));
#12373=CARTESIAN_POINT('Origin',(-51.0754595346379,24.,8.84697745197436));
#12374=CARTESIAN_POINT('Origin',(-51.0754595346379,23.5,8.84697745197436));
#12375=CARTESIAN_POINT('Origin',(-51.0754595346379,24.,6.80801641301332));
#12376=CARTESIAN_POINT('Origin',(-51.0754595346379,23.5,6.80801641301332));
#12377=CARTESIAN_POINT('Origin',(22.4205600346704,19.,-3.61359680386225));
#12378=CARTESIAN_POINT('Origin',(10.3297352705569,19.,-8.15302254802564));
#12379=CARTESIAN_POINT('Origin',(10.3297352705569,19.,8.84697745197436));
#12380=CARTESIAN_POINT('Origin',(12.6024625432842,19.,8.84697745197436));
#12381=CARTESIAN_POINT('Origin',(-19.973943280573,19.,9.08065110471782));
#12382=CARTESIAN_POINT('Origin',(-14.0938385072411,19.,4.13064334610225));
#12383=CARTESIAN_POINT('Origin',(-25.7918773088719,19.,4.30185368788607));
#12384=CARTESIAN_POINT('Origin',(28.8060851310493,15.3258066840481,8.84697745197436));
#12385=CARTESIAN_POINT('Origin',(28.8060851310495,23.500000000027,8.84697745197436));
#12386=CARTESIAN_POINT('Origin',(30.3501088962265,24.,8.84697745197436));
#12387=CARTESIAN_POINT('Origin',(30.3501088962265,23.500000000027,8.84697745197436));
#12388=CARTESIAN_POINT('Origin',(40.3168409993679,24.,8.84697745197436));
#12389=CARTESIAN_POINT('Origin',(40.3168409993679,23.500000000027,8.84697745197436));
#12390=CARTESIAN_POINT('Origin',(41.8586200070449,24.,8.84697745197436));
#12391=CARTESIAN_POINT('Origin',(41.8586200070449,23.500000000027,8.84697745197436));
#12392=CARTESIAN_POINT('Origin',(36.7466936545863,24.,-8.15302254802564));
#12393=CARTESIAN_POINT('Origin',(36.7466936545863,23.500000000027,-8.15302254802564));
#12394=CARTESIAN_POINT('Origin',(33.9205690943198,24.,-8.15302254802564));
#12395=CARTESIAN_POINT('Origin',(33.9205690943198,23.500000000027,-8.15302254802564));
#12396=CARTESIAN_POINT('Origin',(-32.1050163565914,24.,8.84697745197436));
#12397=CARTESIAN_POINT('Origin',(-32.1050163565914,23.5,8.84697745197436));
#12398=CARTESIAN_POINT('Origin',(-61.2962387554171,23.5,8.84697745197436));
#12399=CARTESIAN_POINT('',(-61.7962387554171,23.5,8.84697745197436));
#12400=CARTESIAN_POINT('',(-61.2962387554171,24.,8.84697745197436));
#12401=CARTESIAN_POINT('Origin',(-50.5754595346379,23.5,9.34697745197436));
#12402=CARTESIAN_POINT('',(-51.0754595346379,24.,8.84697745197436));
#12403=CARTESIAN_POINT('Origin',(-61.7962387554171,23.5,9.34697745197436));
#12404=CARTESIAN_POINT('',(-61.7962387554171,23.5,-8.15302254802564));
#12405=CARTESIAN_POINT('Origin',(-51.0754595346379,23.5,8.84697745197436));
#12406=CARTESIAN_POINT('',(-51.0754595346379,24.,8.84697745197436));
#12407=CARTESIAN_POINT('Origin',(-61.2962387554171,23.5,-8.15302254802564));
#12408=CARTESIAN_POINT('',(-61.2962387554171,23.5,-8.65302254802564));
#12409=CARTESIAN_POINT('Origin',(-50.5754595346379,23.5,6.30801641301332));
#12410=CARTESIAN_POINT('',(-51.0754595346379,24.,6.80801641301332));
#12411=CARTESIAN_POINT('Origin',(-61.7962387554171,23.5,-8.65302254802564));
#12412=CARTESIAN_POINT('',(-59.0235114826898,23.5,-8.65302254802564));
#12413=CARTESIAN_POINT('Origin',(-51.0754595346379,23.5,6.80801641301332));
#12414=CARTESIAN_POINT('',(-51.0754595346379,24.,6.80801641301332));
#12415=CARTESIAN_POINT('Origin',(-59.0235114826898,23.5,-8.15302254802564));
#12416=CARTESIAN_POINT('',(-58.5235114826898,23.5,-8.15302254802564));
#12417=CARTESIAN_POINT('Origin',(-58.5235114826898,23.5,6.30801641301332));
#12418=CARTESIAN_POINT('',(-56.7735114826898,24.,6.80801641301332));
#12419=CARTESIAN_POINT('Origin',(-58.5235114826898,23.5,-8.65302254802564));
#12420=CARTESIAN_POINT('',(-58.5235114826898,23.5,4.55801641301332));
#12421=CARTESIAN_POINT('Origin',(-56.7735114826898,24.,4.55801641301332));
#12422=CARTESIAN_POINT('Origin',(-32.1050163565914,23.5,8.84697745197436));
#12423=CARTESIAN_POINT('',(-32.1050163565914,23.5,9.34697745197436));
#12424=CARTESIAN_POINT('',(-32.1050163565914,24.,8.84697745197436));
#12425=CARTESIAN_POINT('Origin',(-31.6050163565914,23.5,5.97339301509904));
#12426=CARTESIAN_POINT('',(-32.1050163565914,24.,7.90316508797944));
#12427=CARTESIAN_POINT('Origin',(-30.5650699242483,23.5,9.34697745197436));
#12428=CARTESIAN_POINT('',(-33.6467953642684,23.5,9.34697745197436));
#12429=CARTESIAN_POINT('Origin',(-40.6050163565914,24.,7.90316508797948));
#12430=CARTESIAN_POINT('',(-32.5818142966864,24.,5.09634683487953));
#12431=CARTESIAN_POINT('Origin',(-33.6467953642684,23.5,8.84697745197436));
#12432=CARTESIAN_POINT('',(-34.1205678846802,23.5,9.00678858707651));
#12433=CARTESIAN_POINT('Origin',(-36.8621478463262,23.5,-8.65302254802564));
#12434=CARTESIAN_POINT('',(-37.2169427090501,24.,-8.15302254802563));
#12435=CARTESIAN_POINT('Origin',(-34.005816677495,23.5,9.34697745197436));
#12436=CARTESIAN_POINT('',(-34.9446906991,23.5,6.56361250509088));
#12437=CARTESIAN_POINT('Origin',(-37.2169427090501,23.5,-8.15302254802564));
#12438=CARTESIAN_POINT('',(-37.2169427090501,24.,-8.15302254802564));
#12439=CARTESIAN_POINT('Origin',(-36.6028945205414,24.,7.12295147794839));
#12440=CARTESIAN_POINT('',(-36.6028945205414,23.5,5.37295147794839));
#12441=CARTESIAN_POINT('Origin',(-40.3978621320405,23.5,-8.65302254802564));
#12442=CARTESIAN_POINT('',(-40.0430672693166,24.,-8.15302254802564));
#12443=CARTESIAN_POINT('Origin',(-35.3463199242483,23.5,5.37295147794839));
#12444=CARTESIAN_POINT('',(-40.6596730686372,23.5,5.37295147794839));
#12445=CARTESIAN_POINT('Origin',(-40.0430672693166,23.5,-8.15302254802564));
#12446=CARTESIAN_POINT('',(-40.0430672693166,24.,-8.15302254802564));
#12447=CARTESIAN_POINT('Origin',(-40.6596730686372,24.,7.12295147794839));
#12448=CARTESIAN_POINT('',(-42.318338032378,23.5,6.56498146257235));
#12449=CARTESIAN_POINT('Origin',(-46.6949400541184,23.5,9.34697745197436));
#12450=CARTESIAN_POINT('',(-44.6807532924919,24.,5.10365768527367));
#12451=CARTESIAN_POINT('Origin',(-41.917342651521,23.5,5.37295147794839));
#12452=CARTESIAN_POINT('',(-43.1396231920554,23.5,9.00639745636751));
#12453=CARTESIAN_POINT('Origin',(-36.6575512325868,24.,7.91047593837354));
#12454=CARTESIAN_POINT('',(-45.1575512325871,24.,7.91047593837358));
#12455=CARTESIAN_POINT('Origin',(-43.6135274674099,23.5,8.84697745197436));
#12456=CARTESIAN_POINT('',(-43.6135274674099,23.5,9.34697745197436));
#12457=CARTESIAN_POINT('Origin',(-45.6575512325868,23.5,5.97339301509904));
#12458=CARTESIAN_POINT('',(-45.1575512325868,24.,8.84697745197436));
#12459=CARTESIAN_POINT('Origin',(-43.2541933008717,23.5,9.34697745197436));
#12460=CARTESIAN_POINT('',(-45.1575512325868,23.5,9.34697745197436));
#12461=CARTESIAN_POINT('Origin',(-45.1575512325868,23.5,8.84697745197436));
#12462=CARTESIAN_POINT('Origin',(-41.9375026027727,23.5,3.08399043898735));
#12463=CARTESIAN_POINT('',(-37.7529721391593,23.5,3.08399043898735));
#12464=CARTESIAN_POINT('',(-39.5040990801552,24.,3.58399043898734));
#12465=CARTESIAN_POINT('Origin',(-39.5040990801552,24.,1.33399043898735));
#12466=CARTESIAN_POINT('',(-41.6371304275175,24.,0.617975584972902));
#12467=CARTESIAN_POINT('Origin',(-37.7529721391593,24.,1.33399043898735));
#12468=CARTESIAN_POINT('',(-36.0942188917194,23.5,0.776282931320776));
#12469=CARTESIAN_POINT('Origin',(-38.6305778758804,23.5,-6.76744499741584));
#12470=CARTESIAN_POINT('',(-40.7622724876163,24.,-1.98825443921677));
#12471=CARTESIAN_POINT('Origin',(-35.3183193994287,23.5,3.08399043898735));
#12472=CARTESIAN_POINT('',(-36.970487892814,23.5,-1.8299470928689));
#12473=CARTESIAN_POINT('Origin',(-38.6292411402539,24.,-1.27223958520232));
#12474=CARTESIAN_POINT('Origin',(53.8245404653621,24.,6.49392662057554));
#12475=CARTESIAN_POINT('',(52.3223843635307,23.5,5.59613653055969));
#12476=CARTESIAN_POINT('',(55.7558840248597,24.,5.33962507626944));
#12477=CARTESIAN_POINT('Origin',(57.5684528030245,23.5,9.34697745197436));
#12478=CARTESIAN_POINT('',(57.8521150365783,24.,8.84697745197436));
#12479=CARTESIAN_POINT('Origin',(53.8245404653621,23.5,3.08277290651982));
#12480=CARTESIAN_POINT('',(50.226153351812,23.5,9.10348890626461));
#12481=CARTESIAN_POINT('Origin',(57.8521150365783,23.5,8.84697745197436));
#12482=CARTESIAN_POINT('',(57.8521150365783,24.,8.84697745197436));
#12483=CARTESIAN_POINT('Origin',(49.7969658941459,23.5,8.84697745197436));
#12484=CARTESIAN_POINT('',(49.7969658941459,23.5,9.34697745197436));
#12485=CARTESIAN_POINT('Origin',(61.3050599458816,23.5,9.34697745197436));
#12486=CARTESIAN_POINT('',(60.4239076433338,24.,8.84697745197436));
#12487=CARTESIAN_POINT('Origin',(50.0806281276998,23.5,9.34697745197436));
#12488=CARTESIAN_POINT('',(47.225467530378,23.5,9.34697745197436));
#12489=CARTESIAN_POINT('Origin',(60.4239076433338,23.5,8.84697745197436));
#12490=CARTESIAN_POINT('',(60.4239076433338,24.,8.84697745197436));
#12491=CARTESIAN_POINT('Origin',(47.225467530378,23.5,8.84697745197436));
#12492=CARTESIAN_POINT('',(46.7963092211504,23.5,8.59041723366129));
#12493=CARTESIAN_POINT('Origin',(55.694670335492,23.5,-0.04385047010356));
#12494=CARTESIAN_POINT('',(55.8016241809002,24.,1.11006939083062));
#12495=CARTESIAN_POINT('Origin',(46.3440209848427,23.5,9.34697745197436));
#12496=CARTESIAN_POINT('',(51.4212552147106,23.5,0.854089224914767));
#12497=CARTESIAN_POINT('Origin',(57.7331673720953,24.,-0.0438980699533405));
#12498=CARTESIAN_POINT('',(55.8015702916574,24.,-1.19777532462304));
#12499=CARTESIAN_POINT('Origin',(49.9192011324138,24.,-0.0438715391810011));
#12500=CARTESIAN_POINT('',(51.4212737729821,23.5,-0.941801259401953));
#12501=CARTESIAN_POINT('Origin',(60.8375274783491,23.5,-8.65302254802564));
#12502=CARTESIAN_POINT('',(59.9564231090316,24.,-8.15302254802564));
#12503=CARTESIAN_POINT('Origin',(51.9580631926349,23.5,-0.04385047010356));
#12504=CARTESIAN_POINT('',(47.2638151622716,23.5,-7.89647119939108));
#12505=CARTESIAN_POINT('Origin',(59.9564231090316,23.5,-8.15302254802564));
#12506=CARTESIAN_POINT('',(59.9564231090316,24.,-8.15302254802564));
#12507=CARTESIAN_POINT('Origin',(47.6929787738626,23.5,-8.15302254802564));
#12508=CARTESIAN_POINT('',(47.6929787738626,23.5,-8.65302254802564));
#12509=CARTESIAN_POINT('Origin',(57.100920335492,23.5,-8.65302254802564));
#12510=CARTESIAN_POINT('',(57.3845986496094,24.,-8.15302254802563));
#12511=CARTESIAN_POINT('Origin',(46.8115534523751,23.5,-8.65302254802564));
#12512=CARTESIAN_POINT('',(50.2644822811148,23.5,-8.65302254802564));
#12513=CARTESIAN_POINT('Origin',(57.3845986496094,23.5,-8.15302254802564));
#12514=CARTESIAN_POINT('',(57.3845986496094,24.,-8.15302254802563));
#12515=CARTESIAN_POINT('Origin',(50.2644822811148,23.5,-8.15302254802564));
#12516=CARTESIAN_POINT('',(50.6936822200818,23.5,-8.40951311781471));
#12517=CARTESIAN_POINT('Origin',(53.8245404653621,23.5,-3.17047384672694));
#12518=CARTESIAN_POINT('',(55.7559401907136,24.,-5.42769774668495));
#12519=CARTESIAN_POINT('Origin',(50.5481605952323,23.5,-8.65302254802564));
#12520=CARTESIAN_POINT('',(52.3223406789776,23.5,-5.68418831647402));
#12521=CARTESIAN_POINT('Origin',(53.8245404653621,24.,-6.58190531073578));
#12522=CARTESIAN_POINT('Origin',(40.3168409993679,23.500000000027,8.84697745197436));
#12523=CARTESIAN_POINT('',(39.8430684789561,23.500000000027,9.00678858707651));
#12524=CARTESIAN_POINT('',(40.3168409993679,24.0000000000092,8.84697745199215));
#12525=CARTESIAN_POINT('Origin',(43.3985664393881,23.500000000027,9.34697745197436));
#12526=CARTESIAN_POINT('',(41.8586200070449,24.,8.84697745200133));
#12527=CARTESIAN_POINT('Origin',(39.9578196861413,23.500000000027,9.34697745197436));
#12528=CARTESIAN_POINT('',(39.0189456645363,23.500000000027,6.56361250509087));
#12529=CARTESIAN_POINT('Origin',(41.8586200070449,23.500000000027,8.84697745197436));
#12530=CARTESIAN_POINT('',(41.8586200070584,24.0000000000135,8.84697745197436));
#12531=CARTESIAN_POINT('Origin',(37.360741843095,24.,7.12295147794839));
#12532=CARTESIAN_POINT('',(37.360741843095,23.500000000027,5.37295147794839));
#12533=CARTESIAN_POINT('Origin',(42.3586200070449,23.500000000027,5.97339301509904));
#12534=CARTESIAN_POINT('',(41.8586200070719,24.,7.90316508797946));
#12535=CARTESIAN_POINT('Origin',(38.6173164393881,23.500000000027,5.37295147794839));
#12536=CARTESIAN_POINT('',(33.3039632949992,23.500000000027,5.37295147794839));
#12537=CARTESIAN_POINT('Origin',(33.3586200070449,24.,7.9031650879795));
#12538=CARTESIAN_POINT('',(41.3818220669755,24.,5.09634683487064));
#12539=CARTESIAN_POINT('Origin',(33.3039632949992,24.,7.12295147794839));
#12540=CARTESIAN_POINT('',(31.6452983312584,23.500000000027,6.56498146257235));
#12541=CARTESIAN_POINT('Origin',(37.1014885173102,23.500000000027,-8.65302254802564));
#12542=CARTESIAN_POINT('',(36.7466936546117,24.,-8.15302254803454));
#12543=CARTESIAN_POINT('Origin',(32.0462937121154,23.500000000027,5.37295147794839));
#12544=CARTESIAN_POINT('',(30.824013171581,23.500000000027,9.00639745636752));
#12545=CARTESIAN_POINT('Origin',(36.7466936545863,23.500000000027,-8.15302254802564));
#12546=CARTESIAN_POINT('',(36.7466936545863,24.000000000009,-8.15302254804357));
#12547=CARTESIAN_POINT('Origin',(30.3501088962265,23.500000000027,8.84697745197436));
#12548=CARTESIAN_POINT('',(30.3501088962265,23.500000000027,9.34697745197436));
#12549=CARTESIAN_POINT('Origin',(33.5657742315959,23.500000000027,-8.65302254802564));
#12550=CARTESIAN_POINT('',(33.9205690943198,24.,-8.1530225480526));
#12551=CARTESIAN_POINT('Origin',(30.7094430627647,23.500000000027,9.34697745197436));
#12552=CARTESIAN_POINT('',(28.8060851310495,23.500000000027,9.34697745197436));
#12553=CARTESIAN_POINT('Origin',(33.9205690943198,23.500000000027,-8.15302254802564));
#12554=CARTESIAN_POINT('',(33.9205690943028,24.000000000009,-8.15302254803156));
#12555=CARTESIAN_POINT('Origin',(28.8060851310495,23.500000000027,8.84697745197436));
#12556=CARTESIAN_POINT('',(28.3060851310495,23.500000000027,8.84697745197436));
#12557=CARTESIAN_POINT('Origin',(27.268696309518,23.500000000027,9.34697745197436));
#12558=CARTESIAN_POINT('',(29.282883071119,24.,5.10365768526477));
#12559=CARTESIAN_POINT('Origin',(28.3060851310495,23.500000000027,5.97339301509904));
#12560=CARTESIAN_POINT('',(28.3060851310495,23.500000000027,7.91047593837358));
#12561=CARTESIAN_POINT('Origin',(37.3060851310495,24.,7.91047593837354));
#12562=CARTESIAN_POINT('Origin',(32.0261337608637,23.5,3.08399043898735));
#12563=CARTESIAN_POINT('',(36.2106642244771,23.5,3.08399043898735));
#12564=CARTESIAN_POINT('',(34.4595372834812,24.,3.58399043898737));
#12565=CARTESIAN_POINT('Origin',(34.4595372834812,24.,1.33399043898735));
#12566=CARTESIAN_POINT('',(32.3265059361188,24.,0.617975584972893));
#12567=CARTESIAN_POINT('Origin',(36.2106642244771,24.,1.33399043898735));
#12568=CARTESIAN_POINT('',(37.869417471917,23.5,0.776282931320774));
#12569=CARTESIAN_POINT('Origin',(35.3330584877559,23.5,-6.76744499741584));
#12570=CARTESIAN_POINT('',(33.20136387602,24.,-1.98825443921677));
#12571=CARTESIAN_POINT('Origin',(38.6453169642077,23.5,3.08399043898735));
#12572=CARTESIAN_POINT('',(36.9931484708223,23.5,-1.82994709286889));
#12573=CARTESIAN_POINT('Origin',(35.3343952233825,24.,-1.27223958520232));
#12574=CARTESIAN_POINT('Origin',(3.34531968614134,23.5,-8.15302254802564));
#12575=CARTESIAN_POINT('',(3.84531968614134,23.5,-8.15302254802564));
#12576=CARTESIAN_POINT('',(3.34531968614134,24.,-8.15302254802564));
#12577=CARTESIAN_POINT('Origin',(-8.07675823593658,23.5,-8.65302254802564));
#12578=CARTESIAN_POINT('',(-7.57675823593658,24.,-8.15302254802564));
#12579=CARTESIAN_POINT('Origin',(3.84531968614134,23.5,-8.65302254802564));
#12580=CARTESIAN_POINT('',(3.84531968614134,23.5,-6.1140615090646));
#12581=CARTESIAN_POINT('Origin',(-7.57675823593658,23.5,-8.15302254802564));
#12582=CARTESIAN_POINT('',(-7.57675823593658,24.,-8.15302254802564));
#12583=CARTESIAN_POINT('Origin',(3.34531968614134,23.5,-6.1140615090646));
#12584=CARTESIAN_POINT('',(3.34531968614134,23.5,-5.6140615090646));
#12585=CARTESIAN_POINT('Origin',(-8.07675823593658,23.5,9.34697745197436));
#12586=CARTESIAN_POINT('',(-7.57675823593658,24.,8.84697745197436));
#12587=CARTESIAN_POINT('Origin',(3.84531968614134,23.5,-5.6140615090646));
#12588=CARTESIAN_POINT('',(-3.05403096320931,23.5,-5.6140615090646));
#12589=CARTESIAN_POINT('Origin',(-7.57675823593658,23.5,8.84697745197436));
#12590=CARTESIAN_POINT('',(-7.57675823593658,24.,8.84697745197436));
#12591=CARTESIAN_POINT('Origin',(-3.05403096320931,24.,-3.8640615090646));
#12592=CARTESIAN_POINT('',(-4.80403096320931,23.5,-3.8640615090646));
#12593=CARTESIAN_POINT('Origin',(4.07908591990757,23.5,9.34697745197436));
#12594=CARTESIAN_POINT('',(3.57908591990757,24.,8.84697745197436));
#12595=CARTESIAN_POINT('Origin',(-4.80403096320931,23.5,-5.6140615090646));
#12596=CARTESIAN_POINT('',(-4.80403096320931,23.5,-3.15626930127239));
#12597=CARTESIAN_POINT('Origin',(3.57908591990757,23.5,8.84697745197436));
#12598=CARTESIAN_POINT('',(3.57908591990757,24.,8.84697745197436));
#12599=CARTESIAN_POINT('Origin',(-3.05403096320931,24.,-3.15626930127239));
#12600=CARTESIAN_POINT('',(-3.05403096320931,23.5,-1.40626930127239));
#12601=CARTESIAN_POINT('Origin',(4.07908591990757,23.5,6.30801641301332));
#12602=CARTESIAN_POINT('',(3.57908591990757,24.,6.80801641301332));
#12603=CARTESIAN_POINT('Origin',(-4.80403096320931,23.5,-1.40626930127239));
#12604=CARTESIAN_POINT('',(2.87778721860887,23.5,-1.40626930127239));
#12605=CARTESIAN_POINT('Origin',(3.57908591990757,23.5,6.80801641301332));
#12606=CARTESIAN_POINT('',(3.57908591990757,24.,6.80801641301332));
#12607=CARTESIAN_POINT('Origin',(2.87778721860887,23.5,-0.906269301272391));
#12608=CARTESIAN_POINT('',(3.37778721860887,23.5,-0.906269301272391));
#12609=CARTESIAN_POINT('Origin',(-4.80403096320931,23.5,6.30801641301332));
#12610=CARTESIAN_POINT('',(-3.05403096320931,24.,6.80801641301332));
#12611=CARTESIAN_POINT('Origin',(3.37778721860887,23.5,-1.40626930127239));
#12612=CARTESIAN_POINT('',(3.37778721860887,23.5,0.898925503922415));
#12613=CARTESIAN_POINT('Origin',(-3.05403096320931,24.,4.55801641301332));
#12614=CARTESIAN_POINT('',(-5.30403096320931,24.,4.55801641301332));
#12615=CARTESIAN_POINT('Origin',(2.87778721860887,23.5,0.898925503922415));
#12616=CARTESIAN_POINT('',(2.87778721860887,23.5,1.39892550392241));
#12617=CARTESIAN_POINT('Origin',(-4.80403096320931,23.5,1.39892550392241));
#12618=CARTESIAN_POINT('',(-5.30403096320931,24.,3.14892550392241));
#12619=CARTESIAN_POINT('Origin',(3.37778721860887,23.5,1.39892550392241));
#12620=CARTESIAN_POINT('',(-3.05403096320931,23.5,1.39892550392241));
#12621=CARTESIAN_POINT('Origin',(-3.05403096320931,24.,3.14892550392241));
#12622=CARTESIAN_POINT('Origin',(0.,19.,11.5));
#12623=CARTESIAN_POINT('',(-66.,18.5,12.));
#12624=CARTESIAN_POINT('',(66.,19.,11.5));
#12625=CARTESIAN_POINT('Origin',(66.,19.,8.));
#12626=CARTESIAN_POINT('',(69.5,19.,8.));
#12627=CARTESIAN_POINT('Origin',(-66.,19.,8.));
#12628=CARTESIAN_POINT('',(-70.,18.5,8.));
#12629=CARTESIAN_POINT('Origin',(69.5,19.,0.));
#12630=CARTESIAN_POINT('',(69.5,19.,-8.));
#12631=CARTESIAN_POINT('Origin',(-69.5,19.,0.));
#12632=CARTESIAN_POINT('',(-70.,18.5,-8.));
#12633=CARTESIAN_POINT('Origin',(66.,19.,-8.));
#12634=CARTESIAN_POINT('',(66.,19.,-11.5));
#12635=CARTESIAN_POINT('Origin',(-66.,19.,-8.));
#12636=CARTESIAN_POINT('',(-66.,18.5,-12.));
#12637=CARTESIAN_POINT('Origin',(0.,19.,-11.5));
#12638=UNCERTAINTY_MEASURE_WITH_UNIT(LENGTH_MEASURE(0.01),#12642,
'DISTANCE_ACCURACY_VALUE',
'Maximum model space distance between geometric entities at asserted c
onnectivities');
#12639=UNCERTAINTY_MEASURE_WITH_UNIT(LENGTH_MEASURE(0.01),#12642,
'DISTANCE_ACCURACY_VALUE',
'Maximum model space distance between geometric entities at asserted c
onnectivities');
#12640=(
GEOMETRIC_REPRESENTATION_CONTEXT(3)
GLOBAL_UNCERTAINTY_ASSIGNED_CONTEXT((#12638))
GLOBAL_UNIT_ASSIGNED_CONTEXT((#12642,#12644,#12645))
REPRESENTATION_CONTEXT('','3D')
);
#12641=(
GEOMETRIC_REPRESENTATION_CONTEXT(3)
GLOBAL_UNCERTAINTY_ASSIGNED_CONTEXT((#12639))
GLOBAL_UNIT_ASSIGNED_CONTEXT((#12642,#12644,#12645))
REPRESENTATION_CONTEXT('','3D')
);
#12642=(
LENGTH_UNIT()
NAMED_UNIT(*)
SI_UNIT(.MILLI.,.METRE.)
);
#12643=(
LENGTH_UNIT()
NAMED_UNIT(*)
SI_UNIT($,.METRE.)
);
#12644=(
NAMED_UNIT(*)
PLANE_ANGLE_UNIT()
SI_UNIT($,.RADIAN.)
);
#12645=(
NAMED_UNIT(*)
SI_UNIT($,.STERADIAN.)
SOLID_ANGLE_UNIT()
);
#12646=SHAPE_DEFINITION_REPRESENTATION(#12647,#12648);
#12647=PRODUCT_DEFINITION_SHAPE('',$,#12650);
#12648=SHAPE_REPRESENTATION('',(#5996),#12640);
#12649=PRODUCT_DEFINITION_CONTEXT('part definition',#12654,'design');
#12650=PRODUCT_DEFINITION('cnc1','cnc1',#12651,#12649);
#12651=PRODUCT_DEFINITION_FORMATION('',$,#12656);
#12652=PRODUCT_RELATED_PRODUCT_CATEGORY('cnc1','cnc1',(#12656));
#12653=APPLICATION_PROTOCOL_DEFINITION('international standard',
'automotive_design',2009,#12654);
#12654=APPLICATION_CONTEXT(
'Core Data for Automotive Mechanical Design Process');
#12655=PRODUCT_CONTEXT('part definition',#12654,'mechanical');
#12656=PRODUCT('cnc1','cnc1',$,(#12655));
#12657=PRESENTATION_STYLE_ASSIGNMENT((#12658));
#12658=SURFACE_STYLE_USAGE(.BOTH.,#12659);
#12659=SURFACE_SIDE_STYLE('',(#12660));
#12660=SURFACE_STYLE_FILL_AREA(#12661);
#12661=FILL_AREA_STYLE('Steel - Satin',(#12662));
#12662=FILL_AREA_STYLE_COLOUR('Steel - Satin',#12663);
#12663=COLOUR_RGB('Steel - Satin',0.627450980392157,0.627450980392157,0.627450980392157);
ENDSEC;
END-ISO-10303-21;
